time_s,sensor_v,clean_reference_v
0.0,0.010128180411813991,0.0
0.001,0.21506035192586276,0.04019396836808918
0.002,0.35571374724069,0.08027753344760212
0.003,0.573751716969991,0.1201408028446877
0.004,0.6448418335984862,0.1596749031668504
0.005,0.6364713719804397,0.1987724825691203
0.006,0.6525825399793026,0.23732820499876628
0.007,0.6580847496925266,0.2752392334443862
0.008,0.5433882958718208,0.3124056995572352
0.009,0.5344403368195494,0.3487311570895235
0.01,0.39858703755943914,0.3841230166856957
0.011,0.28969366863348284,0.4184929596678678
0.012,0.2147321117542858,0.4517573285750662
0.013,0.18869304021302302,0.483837492346987
0.014,0.09352296594064438,0.5146601841859633
0.015,0.08963619544998595,0.5441578102848413
0.016,0.20464208037277865,0.5722687277726947
0.017,0.27358185957469155,0.5989374904037723
0.018,0.34677250354987404,0.624115060696836
0.019,0.5089087978986692,0.6477589874210348
0.02,0.6776487841571847,0.6698335475196329
0.021,0.8438400170160705,0.6903098517631445
0.022,0.9194052831216345,0.7091659136275863
0.023,1.028744944257159,0.7263866811004951
0.024,1.1344438627786069,0.7419640313258858
0.025,1.167307190487815,0.7558967282082687
0.026,1.1704128150779398,0.7681903433040208
0.027,1.168303213686947,0.7788571405346204
0.028,1.0456621227379854,0.787915925459362
0.029,0.9423052917131233,0.7953918600439892
0.03,0.7523441076534255,0.8013162440551159
0.031,0.648202928811667,0.8057262643972309
0.032,0.5676516568266434,0.8086647138884625
0.033,0.46992013200042143,0.8101796811420761
0.034,0.3533658279216092,0.8103242133819448
0.035,0.3656224496262195,0.8091559541710374
0.036,0.4667152399779466,0.8067367581714725
0.037,0.43837072054313636,0.8031322851820883
0.038,0.5061807344367553,0.7984115758140662
0.039,0.6466384682230487,0.7926466112662618
0.04,0.7895989440500568,0.7859118597489837
0.041,0.9112947244186133,0.7782838121775084
0.042,1.0330896853187908,0.7698405098142374
0.043,1.0669808421720077,0.760661066580755
0.044,1.1402954021172769,0.7508251887878958
0.045,1.1844392855602794,0.7404126950431393
0.046,1.150867752622062,0.7295030390901405
0.047,1.05958491478935,0.7181748383150236
0.048,0.9639282307068747,0.7065054106183197
0.049,0.8360685639856201,0.6945703223003261
0.05,0.7180194878024859,0.6824429495415054
0.051,0.5271679391009292,0.6701940559786965
0.052,0.4093521534631649,0.6578913887828475
0.053,0.2598776360091598,0.6455992955352433
0.054,0.22828676068852735,0.6333783640774071
0.055,0.18631429928020157,0.6212850873757073
0.056,0.2160288030903339,0.6093715552959603
0.057,0.26216594605586796,0.5976851750268145
0.058,0.3453144831079647,0.586268421724332
0.059,0.43216427695986115,0.5751586207748998
0.06,0.5741853319721636,0.5643877628903852
0.061,0.7355803576661665,0.5539823530593787
0.062,0.7823836749379841,0.5439632941824832
0.063,0.8732671423399192,0.5343458060190672
0.064,0.9603720681196475,0.525139379868814
0.065,0.9829589568155748,0.5163477692049566
0.066,0.9029801886306946,0.507969016268436
0.067,0.8610626593567758,0.49999551442458207
0.068,0.753157518439889,0.4924141058774285
0.069,0.535652656977246,0.48520621413265885
0.07,0.46956425082920344,0.47834801039955505
0.071,0.3264602521437132,0.47181061292637705
0.072,0.1946452368288774,0.4655603180734108
0.073,0.15213778525896288,0.4595588617445978
0.074,-0.022843654649933577,0.4537637096232404
0.075,-0.034856528357441074,0.44812837449074344
0.076,-0.0898605055149008,0.4426027587506918
0.077,0.05383920601893208,0.4371335201346238
0.078,0.15133535273485807,0.43166445843151136
0.079,0.2666801864388429,0.42613692096093914
0.08,0.46479731798035767,0.4204902244010077
0.081,0.5881444388488544,0.4146620904866492
0.082,0.6762067255152603,0.4085890930129543
0.083,0.7514402388387617,0.4022071135116295
0.084,0.8644748219744202,0.3954518029173262
0.085,0.8374687321110643,0.3882590465044984
0.086,0.7758100601310204,0.38056542935493953
0.087,0.6677163999806348,0.3723086996112898
0.088,0.6102790105584317,0.3634282267826458
0.089,0.5231088445505222,0.3538654523948902
0.09,0.43462587790202506,0.343564330320301
0.091,0.1958785205570898,0.3324717541782374
0.092,0.02542038513438027,0.32053796927080497
0.093,-0.10373928919601055,0.3077169666040845
0.094,-0.11193037983443402,0.29396685664616096
0.095,-0.24133442150802809,0.27925022058734267
0.096,-0.14242719128174325,0.26353443699488005
0.097,-0.08455720132466779,0.24679198189354193
0.098,-0.018051484948593856,0.22900070045370366
0.099,0.062299934283125816,0.21014404862939423
0.1,0.21280892940090446,0.19021130325903082
0.101,0.31509292163429065,0.16919773932043203
0.102,0.38048318307531076,0.14710477321812326
0.103,0.5620142115375498,0.1239400711738232
0.104,0.5136258791377184,0.09971762198932016
0.105,0.555487865671466,0.07445777365346973
0.106,0.37941809449574104,0.04818723347075082
0.107,0.4360555143763691,0.020939031596404728
0.108,0.31600636138938826,-0.007247551928408452
0.109,0.10392390261373063,-0.03632709634006104
0.11,-0.04389734361724447,-0.06624818500675381
0.111,-0.21367062546675356,-0.096953585262328
0.112,-0.4185951686258212,-0.1283804623085798
0.113,-0.5026333813316533,-0.16046062608050043
0.114,-0.6534414609081449,-0.1931208097804233
0.115,-0.7006332555517127,-0.2262829786058997
0.116,-0.6427623736275594,-0.2598646670232321
0.117,-0.6188506826156638,-0.29377934277494566
0.118,-0.6206951792722912,-0.3279367956560448
0.119,-0.5306442501602869,-0.36224354895151756
0.12,-0.4224271553953504,-0.39660329129704286
0.121,-0.26255409647962763,-0.4309173266069738
0.122,-0.24058106730987763,-0.46508503960907543
0.123,-0.12067822140460643,-0.49900437443477
0.124,-0.07472301887917362,-0.5325723236373643
0.125,-0.11921524296096189,-0.5656854249492379
0.126,-0.12986228283529974,-0.5982402630427157
0.127,-0.27824873283938517,-0.6301339735285189
0.128,-0.4053156069186508,-0.6612647464105077
0.129,-0.5915645279925075,-0.6915323262159595
0.13,-0.6801514121320861,-0.7208385060368934
0.131,-0.9188060780977187,-0.7490876127498359
0.132,-1.026699471551777,-0.7761869807287645
0.133,-1.1689577015822703,-0.8020474114285063
0.134,-1.2966703711505168,-0.826583616293231
0.135,-1.324078766289365,-0.8497146405364322
0.136,-1.2440248082156398,-0.8713642654444507
0.137,-1.247452732737856,-0.8914613869745089
0.138,-1.2148097457360498,-0.9099403685497638
0.139,-1.0535858820720625,-0.9267413660972855
0.14,-0.9476551847931062,-0.9418106235293268
0.141,-0.6778812334743862,-0.9551007370328768
0.142,-0.6906625695210781,-0.9665708867063799
0.143,-0.6273543806785655,-0.9761870342646364
0.144,-0.49914553667797795,-0.983922085722281
0.145,-0.6133974648534782,-0.9897560181617644
0.146,-0.5619277313042816,-0.9936759698923454
0.147,-0.5518415062551283,-0.9956762935110985
0.148,-0.7359031794269676,-0.995758571584191
0.149,-0.9242059891927168,-0.9939315948755201
0.15,-1.0060480218354555,-0.9902113032590308
0.151,-1.0654976154898403,-0.984620689659477
0.152,-1.2266502472516516,-0.9771896675728702
0.153,-1.3655667947704218,-0.9679549029211946
0.154,-1.4123447558149997,-0.9569596111950194
0.155,-1.4166413318772608,-0.9442533210312682
0.156,-1.3434191225311918,-0.9298916055605324
0.157,-1.2244655851890287,-0.9139357830378484
0.158,-1.1188590314614715,-0.8964525884418261
0.159,-0.998330978072768,-0.8775138178884083
0.16,-0.9104617382587661,-0.8571959478564659
0.161,-0.7496393844530488,-0.8355797313620374
0.162,-0.5269163289653404,-0.8127497733455044
0.163,-0.4785552840992383,-0.7887940876506497
0.164,-0.34485088658562146,-0.7638036380756972
0.165,-0.27570584821610816,-0.7378718660635553
0.166,-0.32862253515273315,-0.7110942076710445
0.167,-0.3604804484201164,-0.6835676025144873
0.168,-0.3946514764824706,-0.6553899974313689
0.169,-0.46745618865490846,-0.626659847624594
0.17,-0.5550148672504375,-0.5974756180669871
0.171,-0.6827107980170157,-0.5679352879391101
0.172,-0.7996929605851161,-0.5381358608531916
0.173,-0.9020783211910791,-0.5081728835800708
0.174,-0.94895168811147,-0.4781399759448708
0.175,-0.9185634580239095,-0.4481283744907436
0.176,-0.8298045013626593,-0.4182264924290625
0.177,-0.7391121975027849,-0.3885194982991521
0.178,-0.7075883586123515,-0.3590889156517316
0.179,-0.5004969745476343,-0.3300122459482061
0.18,-0.25318231466933055,-0.3013626167335758
0.181,-0.13098220761382234,-0.2732084569947141
0.182,-0.037790194451520355,-0.24561320145901433
0.183,0.23965546931092657,-0.21863502542172475
0.184,0.23449115152551075,-0.19232661151471747
0.185,0.29863840872663644,-0.16673494964589988
0.186,0.3020552514265676,-0.14190117114805673
0.187,0.23149341084261102,-0.11786041797970709
0.188,0.1407586686391335,-0.09464174761962446
0.189,0.15165657277913278,-0.07226807409223143
0.19,-0.010627910569510908,-0.05075614535422038
0.191,-0.13629671648910946,-0.030116557064728905
0.192,-0.2518055984161969,-0.010353802553310643
0.193,-0.395656701676244,0.008533641406949566
0.194,-0.35032103104479734,0.026553193618410992
0.195,-0.44000729325225185,0.04371801306821815
0.196,-0.356597150284061,0.06004681012273154
0.197,-0.3540696181948978,0.07556362549240965
0.198,-0.2558401392211941,0.09029757833631925
0.199,-0.02204341431121443,0.1042825850513861
0.2,0.0851930797707003,0.11755705045849453
0.201,0.18965447787160034,0.13016353325476215
0.202,0.42827613139724474,0.1421483877477484
0.203,0.6024222623330104,0.15356138402225178
0.204,0.648013151488905,0.16445530881288484
0.205,0.6145928340545287,0.17488554946515564
0.206,0.6132389080643327,0.184909663463635
0.207,0.5941528338275609,0.19458693608747685
0.208,0.513366413145561,0.20397792882055088
0.209,0.33846023991112784,0.21314402119542913
0.21,0.22351405741607971,0.22214694878709718
0.211,0.10401528489520546,0.23104834009335154
0.212,-0.0024390556761841216,0.23990925504427718
0.213,-0.12059097727625419,0.24878972787292075
0.214,-0.17503052508216635,0.2577483170534017
0.215,-0.12796504183853025,0.26684166497129425
0.216,-0.10347053430058577,0.27612406993451827
0.217,-0.05931415146990708,0.28564707306137593
0.218,0.09972006176565158,0.295459062496347
0.219,0.15108941934634126,0.30560489730412316
0.22,0.38104449122399797,0.31612555327882075
0.221,0.48781605798909505,0.3270577927789441
0.222,0.733778268980421,0.3384338605602215
0.223,0.6666395778260951,0.35028120742866903
0.224,0.7630238656201844,0.3626222433760593
0.225,0.8422260348182292,0.3754741216902072
0.226,0.832713349806173,0.38884855535419427
0.227,0.8448148736985205,0.4027516668627941
0.228,0.654952248591627,0.417183872391997
0.229,0.6073941892762681,0.43213980105978905
0.23,0.49410677000157976,0.44760824981430347
0.231,0.35270044010041485,0.4635721742803194
0.232,0.17706549847938877,0.48000871568797343
0.233,0.18914196854112167,0.4968892637996798
0.234,0.13537712046356581,0.5141795555437685
0.235,0.10582318964910525,0.5318398088574902
0.236,0.13002336619444788,0.5498248910389102
0.237,0.21307119364106855,0.5680845207080222
0.238,0.3189107070620867,0.586563502283277
0.239,0.4917757495931223,0.605201991691745
0.24,0.625181185968183,0.6239357918503852
0.241,0.7478133247380343,0.6426966762834141
0.242,0.8839724368160625,0.6614127390775532
0.243,1.0139849665464808,0.6800087692238457
0.244,1.135267369287562,0.6984066472527641
0.245,1.165447528481766,0.7165257619391742
0.246,1.1708726288005453,0.7342834447361754
0.247,1.1356855923031597,0.7515954194925876
0.248,1.0077867914134044,0.7683762649184656
0.249,0.9822239413895396,0.7845398871869989
0.25,0.7892915669181008,0.7999999999999999
0.251,0.6582758825381838,0.8146706093981715
0.252,0.5832585865284526,0.8284665005667688
0.253,0.4037856683086093,0.8413037238723401
0.254,0.39350326704525207,0.853100077366989
0.255,0.4530184949607192,0.8637755830130459
0.256,0.37578064441783343,0.8732529539131374
0.257,0.5621033702867493,0.8814580498781498
0.258,0.6842624178510089,0.8883203187282563
0.259,0.7399373598180192,0.8937732207996946
0.26,0.9094271449189147,0.8977546342218605
0.261,1.0840283694977855,0.9002072386350155
0.262,1.1469106711477999,0.9010788751379252
0.263,1.299091548676123,0.900322880386347
0.264,1.2990278734343144,0.8978983929067207
0.265,1.324666538110571,0.893770629843898
0.266,1.2839131062862332,0.8879111325264131
0.267,1.258061514843148,0.8802979794066301
0.268,1.1817380907494843,0.8709159651152508
0.269,0.9914498747430172,0.8597567445589798
0.27,0.7959689747891131,0.8468189411856125
0.271,0.6497422983811129,0.8321082187413158
0.272,0.5669179293724702,0.8156373160492655
0.273,0.5071330536129819,0.7974260445459408
0.274,0.3652748161598204,0.7775012485200636
0.275,0.29042086618221835,0.7558967282082685
0.276,0.335325052451035,0.7326531261098422
0.277,0.33418018419697937,0.7078177770891741
0.278,0.40180975081150394,0.6814445230376824
0.279,0.47619748136928475,0.6535934930658178
0.28,0.6806688041589957,0.6243308503891365
0.281,0.6312178380281898,0.5937285072592846
0.282,0.8582815410128268,0.5618638094700483
0.283,0.8743270420960408,0.5288191921392192
0.284,0.9062436117029806,0.49468180862822747
0.285,0.9772357408566943,0.4595431346119817
0.286,0.8229087380955346,0.4234985494507165
0.287,0.7235017784503212,0.3866468971427298
0.288,0.6083776232260419,0.34909002925120897
0.289,0.4665438752003318,0.31093233229911516
0.29,0.254606010921105,0.2722802422128198
0.291,0.031229743777181573,0.233241748467338
0.292,-0.10520540012366225,0.19392589064321739
0.293,-0.15836204306315074,0.15444225014699248
0.294,-0.31008392089387204,0.11490043987352558
0.295,-0.35654691405263195,0.07540959459921517
0.296,-0.4023544157297378,0.036077864890003294
0.297,-0.39342563802828523,-0.002988082712627557
0.298,-0.239084142037443,-0.041683556500846486
0.299,-0.22649164048052467,-0.07990631872975582
0.3,-0.13529184563957775,-0.11755705045849421
0.301,0.028363542546545294,-0.15453979957639077
0.302,0.04484653959369531,-0.19076240958321952
0.303,0.11413162691573364,-0.22613692680203143
0.304,0.16780531586787686,-0.26057998382561764
0.305,0.1559976470309408,-0.2940131571325864
0.306,0.11199658929337852,-0.3263632969555692
0.307,0.0901615834031279,-0.35756282764141756
0.308,-0.10959672352474997,-0.38755001691045654
0.309,-0.3723337236393459,-0.416269212598038
0.31,-0.43061908790843606,-0.44367104564569537
0.311,-0.6072550459893744,-0.4697125983002343
0.312,-0.7571228992334129,-0.4943575366758597
0.313,-0.8717959621288207,-0.5175762070359418
0.314,-0.9684682591958701,-0.539345695356059
0.315,-1.011754333659591,-0.5596498499373755
0.316,-0.9819329309900144,-0.5784792670480273
0.317,-0.981572119135375,-0.59583123977887
0.318,-0.9141204874645583,-0.6117096705073808
0.319,-0.6442313369325221,-0.6261249475686952
0.32,-0.6677280846856323,-0.6390937869343811
0.321,-0.5075756759294276,-0.6506390398965561
0.322,-0.4561125144495742,-0.6607894679461722
0.323,-0.30086310214790696,-0.6695794862186906
0.324,-0.2864024667515941,-0.6770488770568402
0.325,-0.2509413931217335,-0.6832424754077331
0.326,-0.21843180896572517,-0.6882098279293883
0.327,-0.3090667976248182,-0.6920048278286652
0.328,-0.4074455830734701,-0.6946853275880721
0.329,-0.6281032779289469,-0.6963127318619937
0.33,-0.6234757661397681,-0.6969515729329288
0.331,-0.8834019711211064,-0.6966690712147046
0.332,-0.8988956143317147,-0.6955346833718552
0.333,-1.016815533521291,-0.6936196406918227
0.334,-1.0958786030605703,-0.6909964803991374
0.335,-1.1719379638741685,-0.6877385726378333
0.336,-1.105831484409971,-0.6839196458699343
0.337,-1.0625078173382376,-0.67961331344372
0.338,-0.9382343847470936,-0.6748926040756973
0.339,-0.8188820367968715,-0.6698294989647233
0.34,-0.7460388984786748,-0.6644944782157798
0.341,-0.47502706568658865,-0.6589560791947006
0.342,-0.39202139209434317,-0.653280469363984
0.343,-0.30286540457550876,-0.6475310360641477
0.344,-0.2362056525857423,-0.6417679956053701
0.345,-0.17170964086628177,-0.6360480239209525
0.346,-0.23819873210710543,-0.6304239109081458
0.347,-0.35109361531396555,-0.6249442404437336
0.348,-0.3388645422524166,-0.6196530979123647
0.349,-0.45476803953869055,-0.6145898069256939
0.35,-0.6177739697280711,-0.6097886967409694
0.351,-0.7902526641859747,-0.6052789017096506
0.352,-0.8620301357970839,-0.6010841939010438
0.353,-1.0198617920550987,-0.5972228498538297
0.354,-1.0627722084111448,-0.5937075522108193
0.355,-1.0705732442506226,-0.590545326790456
0.356,-0.9819553849407793,-0.5877375154436209
0.357,-0.963841870323565,-0.5852797848373594
0.358,-0.8655801911021037,-0.5831621710994296
0.359,-0.6422391069025113,-0.5813691600502322
0.36,-0.5657813026553725,-0.579879802542919
0.361,-0.42605043634175693,-0.5786678642294751
0.362,-0.3279866751481772,-0.5777020088714389
0.363,-0.2367432333566059,-0.5769460141198614
0.364,-0.23583984376904743,-0.5763590185011809
0.365,-0.08714617688801472,-0.5758957981649571
0.366,-0.12959925121387583,-0.5755070717769513
0.367,-0.2182488240376118,-0.5751398317778033
0.368,-0.31572340461629556,-0.5747377000744599
0.369,-0.40573788813029305,-0.5742413060894628
0.37,-0.6357770878862158,-0.5735886849630221
0.371,-0.7353685943160244,-0.5727156935851456
0.372,-0.8815119200780703,-0.5715564420307553
0.373,-0.863241014049474,-0.5700437378802163
0.374,-0.9610587518902313,-0.5681095408315433
0.375,-1.1037931305946531,-0.5656854249492386
0.376,-1.0512289432469557,-0.5627030458485369
0.377,-0.9284460844860996,-0.5590946100830729
0.378,-0.8381943160033383,-0.554793343988828
0.379,-0.7417668950295896,-0.549733959237788
0.38,-0.4660626228648938,-0.5438531123709145
0.381,-0.38553061158386004,-0.5370898556118914
0.382,-0.24589005986421095,-0.5293860763103497
0.383,-0.18430987292620932,-0.5206869224256492
0.384,-0.05407481331957125,-0.5109412115395118
0.385,-0.06531913141665512,-0.5001018209773747
0.386,-0.07148435133917347,-0.4881260567236928
0.387,-0.08647827307341159,-0.4749759989351482
0.388,-0.26127536105770477,-0.46061882198690485
0.389,-0.24208832526737456,-0.4450270871301385
0.39,-0.42088343740420986,-0.4281790059931622
0.391,-0.49787855244021884,-0.4100586733227062
0.392,-0.6981764213317287,-0.39065626753535976
0.393,-0.7709524702607292,-0.3699682178308722
0.394,-0.8224487780047228,-0.34799733680790945
0.395,-0.7647410108112451,-0.32475291771783876
0.396,-0.7255868959482955,-0.3002507956922065
0.397,-0.6571474927214185,-0.274513372483446
0.398,-0.5526357357120464,-0.2475696044650244
0.399,-0.4091764521033945,-0.21945495384543767
0.4,-0.19215065927785324,-0.19021130325903118
0.401,-0.03945265781920092,-0.159886834104388
0.402,0.10854321463048576,-0.12853586920680132
0.403,0.3297225463300761,-0.09621868058391853
0.404,0.36168114191311723,-0.06300126329199279
0.405,0.4718466408341042,-0.0289550765229728
0.406,0.4124885917165094,0.005843246690998893
0.407,0.4151609184510565,0.04131221963038206
0.408,0.33965017307432727,0.07736585019296077
0.409,0.18506677057253007,0.11391401548452723
0.41,0.20799639293017774,0.15086286067961419
0.411,0.04365142824755213,0.18811521999757524
0.412,-0.009075577233452536,0.22557105751283751
0.413,-0.13101087096283137,0.26312792540435836
0.414,-0.13388777044683317,0.3006814371491753
0.415,-0.14654834131815941,0.3381257530787748
0.416,-0.0031814173768672377,0.3753540756454169
0.417,0.06065787811825881,0.41225915168896277
0.418,0.19891255648906025,0.4487337789534382
0.419,0.399941032492226,0.48467131407675923
0.42,0.5662198311429105,0.5199661792669487
0.421,0.7241857137979952,0.554514364883822
0.422,0.795848194816508,0.5882139251663916
0.423,0.9571959470712751,0.620965464383218
0.424,1.0404925176275748,0.6526726107352087
0.425,1.162343823152763,0.6832424754077311
0.426,1.1473876042538402,0.7125860942510169
0.427,1.04905599978764,0.7406188496641376
0.428,1.02421446537902,0.7672608703678515
0.429,0.8717305609147008,0.7924374068747272
0.43,0.8139529210775743,0.8160791806003608
0.431,0.6328501570784226,0.8381227047066394
0.432,0.6151603111295687,0.8585105749257952
0.433,0.5282525863543612,0.8771917287817275
0.434,0.5424641792028014,0.8941216718017451
0.435,0.49317760107632524,0.9092626694964315
0.436,0.47769190151109836,0.9225839040768173
0.437,0.6027267513375532,0.9340615950753028
0.438,0.6232691644693008,0.943679083238719
0.439,0.7738703256514091,0.951426877267382
0.44,0.970628364464869,0.9573026631818606
0.441,1.0140389372670167,0.9613112763082091
0.442,1.2264815682157397,0.9634646360814776
0.443,1.287028759859171,0.9637816440751816
0.444,1.394315760408894,0.962288045869942
0.445,1.3659068032546227,0.9590162575765132
0.446,1.398950515856786,0.9540051580257581
0.447,1.3121305922451052,0.947299847829685
0.448,1.259469376909255,0.938951376702387
0.449,1.0683434694392615,0.9290164406064747
0.45,0.8868113382600371,0.9175570504584949
0.451,0.7557070925830205,0.9046401742848442
0.452,0.5720645354546329,0.8903373548669157
0.453,0.5269121477693914,0.8747243050499047
0.454,0.4534990605328149,0.8578804830130239
0.455,0.48865649137679446,0.8398886499090817
0.456,0.3679855404210123,0.8208344123780064
0.457,0.42603632210550607,0.8008057525212408
0.458,0.4923588434824361,0.7798925479915731
0.459,0.6276129854821234,0.7581860849056009
0.46,0.7510461877024536,0.7357785663232619
0.461,0.8496852727520872,0.7127626190604999
0.462,0.9971872018136774,0.6892308016071361
0.463,1.004653583230818,0.6652751159122811
0.464,1.1084089200226062,0.6409865257741593
0.465,1.0879943986759946,0.6164544845303512
0.466,1.0192607102250981,0.5917664746882366
0.467,0.9184677439026712,0.5670075620642343
0.468,0.9038300407956291,0.542259966914762
0.469,0.6239799558811177,0.5176026544420698
0.47,0.5050282740235351,0.49311094694480073
0.471,0.29978974947870757,0.468856159757116
0.472,0.2518267293951486,0.444905262981902
0.473,0.09273597655735855,0.4213205708741157
0.474,-0.056949966916224316,0.3981594605702383
0.475,-0.05402207857254243,0.37547412169020844
0.476,-0.06435626532174141,0.35331133816001725
0.477,-0.05301033453036606,0.33171230341734903
0.478,0.07653567512782929,0.31071246997031865
0.479,0.1668560022570711,0.2903414340816182
0.48,0.27925080470376,0.2706228561483246
0.481,0.38895527616139997,0.2515744171423746
0.482,0.5149533545051572,0.23320781126955914
0.483,0.5887619287252435,0.2155287747968227
0.484,0.6288763164438704,0.1985371507900504
0.485,0.6065863526589319,0.18222698929843442
0.486,0.6623127642814723,0.1665866823181542
0.487,0.47363998240344934,0.15159913266866282
0.488,0.4188507680072182,0.1372419557204185
0.489,0.24973573050126954,0.12348771272459869
0.49,0.18068606509218677,0.11030417431422004
0.491,-0.07754233638443607,0.09765461257324362
0.492,-0.20841577409548803,0.08549811990653337
0.493,-0.32906041720911805,0.07378995279008205
0.494,-0.35255493195639953,0.06248189833839385
0.495,-0.45339936488749527,0.05152266149525041
0.496,-0.40625830158709497,0.04085827053603557
0.497,-0.41971978191796017,0.030432498464934968
0.498,-0.23469921156719054,0.02018729779929965
0.499,-0.14900299566205544,0.010063246156915666
0.5,-0.05952226975727348,1.9594348786357652e-16
0.501,0.17241877743076853,-0.01006324615691527
0.502,0.19200938979691773,-0.020187297799299255
0.503,0.3655028966049183,-0.030432498464934565
0.504,0.35907552883727295,-0.04085827053603516
0.505,0.46254019362056703,-0.05152266149525002
0.506,0.3954755555514699,-0.06248189833839342
0.507,0.24994577984368388,-0.07378995279008158
0.508,0.14232194153666228,-0.08549811990653289
0.509,0.06562404310445445,-0.09765461257324315
0.51,-0.12079929954262314,-0.11030417431422088
0.511,-0.2693190604741818,-0.12348771272459821
0.512,-0.350855764781146,-0.1372419557204193
0.513,-0.5456043350721882,-0.15159913266866099
0.514,-0.5909103637639542,-0.16658668231815366
0.515,-0.5940418775523404,-0.18222698929843253
0.516,-0.5941478835874447,-0.19853715079004974
0.517,-0.5859709289663696,-0.21552877479682073
0.518,-0.5092674100352761,-0.23320781126955847
0.519,-0.46018468311192995,-0.25157441714237505
0.52,-0.3128726558549281,-0.2706228561483238
0.521,-0.1385494175499049,-0.2903414340816186
0.522,-0.05172439399638914,-0.31071246997031676
0.523,0.035342427194026846,-0.33171230341734825
0.524,0.11623423855816827,-0.35331133816001536
0.525,0.02703295394730148,-0.37547412169020755
0.526,0.020368759673272112,-0.39815946057023843
0.527,-0.04971448486894142,-0.4213205708741149
0.528,-0.20856829695327764,-0.4449052629819019
0.529,-0.272539427731296,-0.468856159757115
0.53,-0.45676747488027336,-0.4931109469448006
0.531,-0.6450549688272498,-0.5176026544420681
0.532,-0.7349940592732314,-0.5422599669147617
0.533,-0.9910210207173699,-0.5670075620642334
0.534,-1.0200509582652846,-0.5917664746882376
0.535,-1.0518010057729892,-0.6164544845303517
0.536,-1.105544159978734,-0.6409865257741588
0.537,-1.0173041817082937,-0.6652751159122826
0.538,-0.9979974648902596,-0.6892308016071357
0.539,-0.8241979737982561,-0.7127626190604994
0.54,-0.6934651755980995,-0.7357785663232624
0.541,-0.60823510139174,-0.7581860849056004
0.542,-0.5895010970625506,-0.7798925479915724
0.543,-0.47541984589915515,-0.8008057525212416
0.544,-0.37027057991665757,-0.8208344123780061
0.545,-0.38904070416858666,-0.8398886499090813
0.546,-0.5376651553879089,-0.857880483013025
0.547,-0.4609534422264515,-0.8747243050499042
0.548,-0.6203677310851491,-0.8903373548669151
0.549,-0.7983455133761274,-0.9046401742848449
0.55,-0.8777588265558297,-0.9175570504584944
0.551,-1.095175688591485,-0.9290164406064743
0.552,-1.2309928249381719,-0.9389513767023876
0.553,-1.2970233892578555,-0.9472998478296845
0.554,-1.3107390519888866,-0.9540051580257577
0.555,-1.344072770457598,-0.9590162575765134
0.556,-1.3758750182465944,-0.9622880458699415
0.557,-1.309343865189887,-0.9637816440751813
0.558,-1.1963080423296915,-0.9634646360814781
0.559,-1.150648270791707,-0.961311276308209
0.56,-0.931536729695772,-0.9573026631818609
0.561,-0.8417321685243928,-0.951426877267382
0.562,-0.666436597035233,-0.9436790832387183
0.563,-0.5791026527108751,-0.9340615950753038
0.564,-0.47456013865943414,-0.9225839040768179
0.565,-0.45453853089617513,-0.9092626694964335
0.566,-0.5890674503017762,-0.8941216718017467
0.567,-0.5059784128447937,-0.8771917287817297
0.568,-0.568321093302206,-0.8585105749257972
0.569,-0.6812279233043743,-0.838122704706641
0.57,-0.8201826184486979,-0.8160791806003626
0.571,-0.8658085866662384,-0.792437406874729
0.572,-1.0193093087345955,-0.7672608703678543
0.573,-1.0871695651251336,-0.7406188496641386
0.574,-1.098781850821816,-0.7125860942510209
0.575,-1.1187387554198707,-0.6832424754077345
0.576,-1.116568753204601,-0.6526726107352127
0.577,-1.082556608403138,-0.6209654643832216
0.578,-0.871802124778731,-0.5882139251663934
0.579,-0.6631341913173135,-0.554514364883825
0.58,-0.5340900325236636,-0.5199661792669513
0.581,-0.31356653171677223,-0.48467131407676245
0.582,-0.1782812883850268,-0.4487337789534416
0.583,0.003321138590243279,-0.4122591516889681
0.584,0.040812688402569366,-0.37535407564542034
0.585,0.13057883998392802,-0.3381257530787795
0.586,0.14752939776505652,-0.30068143714917944
0.587,0.16099379696961408,-0.26312792540436053
0.588,-0.029333186234593994,-0.225571057512841
0.589,-0.06739390351097865,-0.18811521999757796
0.59,-0.11692221646407255,-0.15086286067961757
0.591,-0.1911358037621133,-0.11391401548453066
0.592,-0.3322663532188931,-0.07736585019296605
0.593,-0.41707803367596596,-0.041312219630385366
0.594,-0.4035339442768419,-0.005843246691001114
0.595,-0.3862968164677617,0.028955076522970996
0.596,-0.37936063618751853,0.0630012632919929
0.597,-0.2546266743977106,0.09621868058391723
0.598,-0.08874640382833182,0.12853586920680116
0.599,0.09644754636663462,0.1598868341043868
0.6,0.21991550162844478,0.19021130325903002
0.601,0.3602781571807827,0.21945495384543498
0.602,0.5099099609551133,0.2475696044650233
0.603,0.6608668822399142,0.2745133724834435
0.604,0.7235993143258446,0.3002507956922055
0.605,0.7823385376787347,0.3247529177178392
0.606,0.7336577185594942,0.34799733680790856
0.607,0.7859081531592442,0.36996821783087286
0.608,0.609552241981026,0.39065626753535754
0.609,0.5318318503733077,0.4100586733227055
0.61,0.4320827364272348,0.4281790059931605
0.611,0.38560891485696414,0.44502708713013794
0.612,0.17920813906119706,0.4606188219869029
0.613,0.08427771890800924,0.4749759989351481
0.614,0.03811794769752229,0.4881260567236936
0.615,0.1164577076818267,0.5001018209773742
0.616,-0.029528100533545834,0.5109412115395132
0.617,0.11651975447097616,0.5206869224256475
0.618,0.3741342611451222,0.5293860763103494
0.619,0.4216674910828288,0.5370898556118906
0.62,0.4996137143973516,0.5438531123709142
0.621,0.6871148874195249,0.5497339592377889
0.622,0.8219948901631517,0.5547933439888284
0.623,0.9569972673880256,0.5590946100830738
0.624,1.0642585582942574,0.5627030458485368
0.625,1.0312274922004079,0.5656854249492392
0.626,0.9744934410438435,0.5681095408315422
0.627,0.9655847630328677,0.5700437378802162
0.628,0.8081296976878525,0.5715564420307537
0.629,0.6704398412143042,0.5727156935851456
0.63,0.5031923300847638,0.573588684963023
0.631,0.3725785228407238,0.5742413060894621
0.632,0.27437653029787457,0.5747377000744607
0.633,0.16397059360104355,0.5751398317778031
0.634,0.16006110053911882,0.5755070717769506
0.635,0.07791972513199497,0.5758957981649564
0.636,0.022636934087373856,0.5763590185011809
0.637,0.17113189566755557,0.5769460141198602
0.638,0.29432425943097523,0.5777020088714387
0.639,0.41539223724587254,0.5786678642294756
0.64,0.6406607897152824,0.5798798025429186
0.641,0.6958851051473962,0.5813691600502324
0.642,0.8829024731590088,0.5831621710994296
0.643,0.9485781283188544,0.5852797848373593
0.644,1.0140207587495356,0.5877375154436205
0.645,1.0071301152365344,0.5905453267904559
0.646,1.0193316784804067,0.5937075522108188
0.647,0.9306766522466542,0.5972228498538295
0.648,0.8723885300028373,0.6010841939010438
0.649,0.734886563873432,0.6052789017096506
0.65,0.5720035794133007,0.6097886967409691
0.651,0.5152079330449922,0.6145898069256936
0.652,0.3722233535816041,0.6196530979123648
0.653,0.24296408360931696,0.6249442404437334
0.654,0.2082682004567365,0.6304239109081455
0.655,0.1826951230608745,0.636048023920953
0.656,0.17908892578202218,0.6417679956053695
0.657,0.2862932377562698,0.6475310360641475
0.658,0.3639366356400852,0.6532804693639844
0.659,0.4821010783011749,0.6589560791947002
0.66,0.5995837850051188,0.6644944782157802
0.661,0.7945428522919115,0.669829498964724
0.662,0.9620747939906605,0.6748926040756977
0.663,1.0158845867772968,0.6796133134437199
0.664,1.212723425889073,0.6839196458699343
0.665,1.1731659987839427,0.6877385726378332
0.666,1.1711451180383736,0.6909964803991366
0.667,1.0894870086434931,0.6936196406918232
0.668,1.0341526459010053,0.6955346833718543
0.669,0.8042466393445296,0.6966690712147052
0.67,0.5945220775065769,0.6969515729329293
0.671,0.5394100600591512,0.6963127318619946
0.672,0.45251070707835306,0.6946853275880718
0.673,0.3340078592298554,0.6920048278286647
0.674,0.271253300035277,0.688209827929388
0.675,0.28607887551452676,0.6832424754077319
0.676,0.2643557477025252,0.6770488770568406
0.677,0.33747835585360875,0.6695794862186903
0.678,0.35870359474045066,0.6607894679461731
0.679,0.46776564485919636,0.6506390398965564
0.68,0.7036583438553642,0.639093786934382
0.681,0.7692186564433132,0.6261249475686947
0.682,0.8512838667011505,0.6117096705073796
0.683,0.935033107505718,0.5958312397788696
0.684,0.9804897745153163,0.5784792670480257
0.685,0.9812914890955418,0.5596498499373753
0.686,0.9159952155847292,0.5393456953560587
0.687,0.8216170384158401,0.5175762070359426
0.688,0.7510607251013012,0.494357536675862
0.689,0.5850532109561575,0.46971259830023815
0.69,0.4879574170634319,0.4436710456456978
0.691,0.28893463125999685,0.4162692125980391
0.692,0.13365936058196645,0.38755001691045954
0.693,-0.03621963612948174,0.357562827641419
0.694,-0.10645327200844126,0.3263632969555732
0.695,-0.14154679872215253,0.29401315713258985
0.696,-0.1387476189186931,0.2605799838256222
0.697,-0.1416763937274286,0.22613692680203418
0.698,-0.030576002775426776,0.19076240958322477
0.699,0.01580172446398411,0.15453979957639413
0.7,0.1492709351991958,0.11755705045849564
0.701,0.19936987785492039,0.07990631872975992
0.702,0.2336833853697114,0.04168355650084861
0.703,0.3777800897020927,0.002988082712631901
0.704,0.42091052996868394,-0.03607786488999899
0.705,0.39760429867309266,-0.07540959459921014
0.706,0.3299624589167949,-0.11490043987352264
0.707,0.19567191868354195,-0.15444225014698953
0.708,0.038307622830576024,-0.19392589064321375
0.709,-0.07211497023685288,-0.23324174846733647
0.71,-0.2552223455648854,-0.2722802422128155
0.711,-0.4724259434015879,-0.31093233229911293
0.712,-0.5692164252151272,-0.34909002925120486
0.713,-0.7860191651933542,-0.38664689714272577
0.714,-0.8748149169351698,-0.42349854945071186
0.715,-0.8440861261183125,-0.45954313461197904
0.716,-0.8879139634516898,-0.4946818086282249
0.717,-0.9071972118435834,-0.5288191921392161
0.718,-0.8148719446159225,-0.5618638094700471
0.719,-0.7265944649470548,-0.5937285072592835
0.72,-0.7341554049882345,-0.6243308503891354
0.721,-0.5507948035760221,-0.6535934930658162
0.722,-0.4189750241904412,-0.6814445230376809
0.723,-0.3580245886828226,-0.707817777089172
0.724,-0.2947935911838059,-0.7326531261098416
0.725,-0.26071743569035166,-0.7558967282082685
0.726,-0.3623872475734011,-0.7775012485200629
0.727,-0.47567458892212644,-0.797426044545941
0.728,-0.538139886177212,-0.8156373160492647
0.729,-0.7061155046152982,-0.8321082187413154
0.73,-0.8530614812184911,-0.8468189411856111
0.731,-1.0104853407938272,-0.8597567445589794
0.732,-1.045745816646417,-0.8709159651152496
0.733,-1.3339837973152735,-0.8802979794066295
0.734,-1.331419920984537,-0.8879111325264137
0.735,-1.3439181908698334,-0.8937706298438978
0.736,-1.3571195249308523,-0.8978983929067208
0.737,-1.2283874945699405,-0.9003228803863473
0.738,-1.1330519315207543,-0.9010788751379251
0.739,-1.041175070843278,-0.9002072386350146
0.74,-0.9085815844356099,-0.8977546342218612
0.741,-0.75919384670024,-0.8937732207996943
0.742,-0.6280084213425551,-0.8883203187282561
0.743,-0.5205353235344581,-0.881458049878151
0.744,-0.4527974856409898,-0.8732529539131377
0.745,-0.4036776104293502,-0.8637755830130459
0.746,-0.3949961624410575,-0.85310007736699
0.747,-0.5264564823075564,-0.8413037238723406
0.748,-0.605989693004486,-0.8284665005667686
0.749,-0.7455536831087871,-0.8146706093981727
0.75,-0.7653441039856907,-0.8000000000000005
0.751,-0.913584602928108,-0.7845398871869987
0.752,-1.0126689278127654,-0.7683762649184668
0.753,-1.1728329964958553,-0.7515954194925882
0.754,-1.0908609521537882,-0.7342834447361752
0.755,-1.1908797982649901,-0.7165257619391757
0.756,-1.119653847301134,-0.6984066472527648
0.757,-1.009891030265434,-0.6800087692238461
0.758,-0.9653952928410098,-0.6614127390775545
0.759,-0.8036072980926401,-0.6426966762834144
0.76,-0.6167689208663482,-0.6239357918503854
0.761,-0.3518454212044347,-0.605201991691746
0.762,-0.310015149037581,-0.5865635022832779
0.763,-0.1397724272140683,-0.5680845207080223
0.764,-0.07362253289841236,-0.5498248910389114
0.765,-0.06711940739770984,-0.5318398088574906
0.766,-0.12577195407617936,-0.5141795555437692
0.767,-0.0904414718982253,-0.49688926379968024
0.768,-0.27542976582228884,-0.48000871568797293
0.769,-0.2604795218645124,-0.4635721742803196
0.77,-0.4396080374855705,-0.44760824981430336
0.771,-0.6772063904204474,-0.4321398010597897
0.772,-0.6953074797248824,-0.41718387239199667
0.773,-0.7406514014946071,-0.40275166686279473
0.774,-0.8263049426086042,-0.3888485553541943
0.775,-0.7968738892504654,-0.37547412169020833
0.776,-0.8245986424173695,-0.3626222433760592
0.777,-0.766578149808893,-0.35028120742866786
0.778,-0.605795040213736,-0.33843386056022184
0.779,-0.464852813556075,-0.3270577927789434
0.78,-0.33006092732130876,-0.3161255532788212
0.781,-0.11745560396970911,-0.3056048973041229
0.782,-0.0649639939702913,-0.29545906249634746
0.783,0.09093719870064536,-0.2856470730613757
0.784,0.1545701612448469,-0.2761240699345199
0.785,0.12088969694326276,-0.2668416649712939
0.786,0.11746590793267542,-0.25774831705340007
0.787,0.11574436024574722,-0.24878972787292175
0.788,0.10384210843480612,-0.2399092550442759
0.789,-0.06881990014867923,-0.23104834009335226
0.79,-0.29117234179288265,-0.2221469487870969
0.791,-0.47662119126893693,-0.2131440211954298
0.792,-0.43915914863199035,-0.2039779288205509
0.793,-0.5624931228733383,-0.19458693608747862
0.794,-0.5672344570160399,-0.18490966346363436
0.795,-0.6601142662936119,-0.1748855494651543
0.796,-0.5784222412313624,-0.16445530881288595
0.797,-0.4837720929698549,-0.15356138402225045
0.798,-0.4245502968076154,-0.14214838774774877
0.799,-0.2862646035327292,-0.1301635332547614
0.8,-0.11654653721455102,-0.11755705045849503
0.801,0.05648211627975639,-0.10428258505138574
0.802,0.17363242501482679,-0.09029757833631774
0.803,0.3274538754866996,-0.0755636254924088
0.804,0.3494512146394111,-0.06004681012273047
0.805,0.35314617871325693,-0.04371801306821868
0.806,0.4805012534389327,-0.026553193618409576
0.807,0.3313386566000743,-0.008533641406949816
0.808,0.25211948273621304,0.010353802553311642
0.809,0.1665420716905584,0.030116557064728128
0.81,0.05344338974037651,0.050756145354220794
0.811,-0.08225691907603472,0.07226807409223315
0.812,-0.1705589717899526,0.09464174761962482
0.813,-0.24778771874614003,0.11786041797970548
0.814,-0.27908148810393113,0.14190117114805384
0.815,-0.3775645487135946,0.16673494964589802
0.816,-0.16041376853779604,0.19232661151471442
0.817,-0.15131415458838476,0.2186350254217223
0.818,0.004334742705274449,0.24561320145901028
0.819,0.0790267558646161,0.2732084569947115
0.82,0.2825226062835903,0.30136261673357445
0.821,0.44217725876411834,0.330012245948203
0.822,0.6823812297636844,0.3590889156517294
0.823,0.7291446014944369,0.3885194982991491
0.824,0.8765251242394791,0.4182264924290598
0.825,0.8721115563838125,0.44812837449074033
0.826,0.8880106506915285,0.47813997594486835
0.827,0.8624085244407667,0.5081728835800665
0.828,0.8539930294579797,0.5381358608531885
0.829,0.6313988290466437,0.5679352879391094
0.83,0.5448490758560003,0.5974756180669842
0.831,0.40970999352827275,0.6266598476245927
0.832,0.3473865491092999,0.6553899974313672
0.833,0.28704595299808056,0.6835676025144852
0.834,0.21853952517461256,0.7110942076710424
0.835,0.25850595619896705,0.7378718660635538
0.836,0.25523962650553805,0.7638036380756942
0.837,0.38401689123121047,0.7887940876506482
0.838,0.5962632258102887,0.8127497733455038
0.839,0.7126656067045598,0.8355797313620351
0.84,0.8646946547433677,0.8571959478564648
0.841,0.9764603231059652,0.8775138178884072
0.842,1.0995125536116408,0.8964525884418245
0.843,1.2324271874851933,0.913935783037847
0.844,1.356138644817512,0.9298916055605317
0.845,1.428980392220334,0.944253321031267
0.846,1.4210297402132521,0.9569596111950184
0.847,1.357237044889261,0.9679549029211942
0.848,1.2121907565417578,0.9771896675728693
0.849,1.1246603304243599,0.9846206896594765
0.85,0.9773576020575434,0.9902113032590302
0.851,0.846826356867012,0.9939315948755201
0.852,0.8127403239309821,0.9957585715841909
0.853,0.5611386365622242,0.9956762935110984
0.854,0.5563134649226361,0.9936759698923456
0.855,0.5882259744496111,0.9897560181617648
0.856,0.4973109935881175,0.9839220857222816
0.857,0.5863794897852659,0.976187034264637
0.858,0.6809059832720646,0.9665708867063805
0.859,0.8071115006819903,0.9551007370328782
0.86,0.8779723371450705,0.9418106235293271
0.861,1.0896104559795219,0.9267413660972867
0.862,1.201095223381909,0.9099403685497651
0.863,1.2758540474439533,0.8914613869745086
0.864,1.2645247508056259,0.8713642654444516
0.865,1.3031750721679254,0.8497146405364334
0.866,1.2185814390432843,0.8265836162932316
0.867,1.1528011924663708,0.8020474114285072
0.868,1.126829061347216,0.7761869807287668
0.869,0.8919730753224198,0.7490876127498364
0.87,0.673337442997396,0.7208385060368957
0.871,0.559688092373785,0.6915323262159616
0.872,0.34268954583636074,0.6612647464105074
0.873,0.21811591035919628,0.6301339735285207
0.874,0.1286199052719497,0.5982402630427175
0.875,0.09791304686141156,0.5656854249492389
0.876,0.14207565112811582,0.5325723236373654
0.877,0.15808265488671988,0.4990043744347732
0.878,0.22150148920735088,0.4650850396090759
0.879,0.24790269651464142,0.43091732660697657
0.88,0.3749507170796272,0.3966032912970452
0.881,0.5121812406955735,0.36224354895151734
0.882,0.5673073597721204,0.3279367956560467
0.883,0.6467023326316241,0.293779342774947
0.884,0.7054944470572537,0.2598646670232332
0.885,0.6623320713578483,0.22628297860590033
0.886,0.6301386256773261,0.19312080978042598
0.887,0.5882274117900134,0.16046062608050093
0.888,0.3860094738807009,0.1283804623085794
0.889,0.2831847451198158,0.09695358526232944
0.89,0.08862298769904463,0.06624818500675339
0.891,-0.1614202308681324,0.03632709634006223
0.892,-0.3013412927737385,0.007247551928408841
0.893,-0.4183405143879326,-0.02093903159640345
0.894,-0.5103560624808828,-0.04818723347075046
0.895,-0.5280693634977406,-0.07445777365346798
0.896,-0.5031072923988673,-0.09971762198931954
0.897,-0.43779138197435263,-0.12394007117382405
0.898,-0.39928113320072456,-0.14710477321812257
0.899,-0.3260825690312838,-0.16919773932043272
0.9,-0.2735009530042267,-0.19021130325903002
0.901,-0.06826281814398237,-0.21014404862939523
0.902,0.03653347082572067,-0.2290007004537021
0.903,0.1245828157167465,-0.2467919818935423
0.904,0.24869060724607323,-0.2635344369948796
0.905,0.22037364126038084,-0.27925022058734206
0.906,0.16541101241665118,-0.2939668566461625
0.907,0.017857595661771405,-0.307716966604085
0.908,-0.07655439570706585,-0.32053796927080536
0.909,-0.19720789098664965,-0.3324717541782369
0.91,-0.3745806152807103,-0.34356433032030276
0.911,-0.47290451886422286,-0.35386545239488854
0.912,-0.6136552363456376,-0.3634282267826464
0.913,-0.779898658802205,-0.3723086996112897
0.914,-0.760668193323912,-0.380565429354939
0.915,-0.8341666331521455,-0.3882590465044998
0.916,-0.8925900811198331,-0.39545180291732723
0.917,-0.7683184753141518,-0.4022071135116298
0.918,-0.6618441983076511,-0.4085890930129542
0.919,-0.5148080434979534,-0.4146620904866511
0.92,-0.43398928052605684,-0.4204902244010063
0.921,-0.2539617427943171,-0.42613692096093986
0.922,-0.1596754154290877,-0.4316644584315116
0.923,-0.1256780570274019,-0.4371335201346235
0.924,-0.07123399735716918,-0.44260275875069305
0.925,0.04677402031522968,-0.4481283744907443
0.926,0.022051089844847438,-0.4537637096232406
0.927,-0.08258484505968273,-0.4595588617445977
0.928,-0.14122868569459374,-0.46556031807341197
0.929,-0.2904885714959996,-0.4718106129263761
0.93,-0.4510028612203758,-0.4783480103995554
0.931,-0.6607163211507355,-0.4852062141326588
0.932,-0.687660319367746,-0.4924141058774284
0.933,-0.8426011046049889,-0.4999955144245829
0.934,-0.9513779995857242,-0.5079690162684364
0.935,-0.9930785694171689,-0.516347769204957
0.936,-0.9428434609410784,-0.5251393798688139
0.937,-0.9652458168813194,-0.5343458060190673
0.938,-0.7804797266999883,-0.5439632941824819
0.939,-0.7311828331158803,-0.553982353059378
0.94,-0.5495634385374087,-0.5643877628903846
0.941,-0.45696578680049976,-0.5751586207748985
0.942,-0.33234180670171243,-0.5862684217243317
0.943,-0.2639039224686969,-0.5976851750268134
0.944,-0.18784530021037762,-0.6093715552959591
0.945,-0.09570990553501248,-0.6212850873757066
0.946,-0.15000054666264034,-0.6333783640774062
0.947,-0.26736248986669164,-0.6455992955352416
0.948,-0.39439979587382046,-0.6578913887828473
0.949,-0.49736836088225883,-0.6701940559786956
0.95,-0.6372441337772011,-0.6824429495415039
0.951,-0.8668207050573479,-0.6945703223003261
0.952,-0.9741063288552105,-0.706505410618319
0.953,-1.1551108149664615,-0.7181748383150219
0.954,-1.112554387012525,-0.7295030390901407
0.955,-1.1078117247351045,-0.7404126950431386
0.956,-1.1755973161357929,-0.7508251887878945
0.957,-1.2097191190456105,-0.7606610665807554
0.958,-1.0099882526827635,-0.7698405098142366
0.959,-0.9535050262921965,-0.7782838121775072
0.96,-0.8124458374155678,-0.785911859748984
0.961,-0.6285259082059057,-0.7926466112662618
0.962,-0.5237260472619563,-0.7984115758140649
0.963,-0.4585989887269051,-0.8031322851820895
0.964,-0.40474555114272054,-0.8067367581714724
0.965,-0.35412251196220385,-0.8091559541710371
0.966,-0.39872740314961713,-0.8103242133819457
0.967,-0.49049151901747345,-0.8101796811420756
0.968,-0.5574638776159845,-0.8086647138884622
0.969,-0.6530849119982934,-0.8057262643972314
0.97,-0.808440382727892,-0.8013162440551167
0.971,-0.9909898514426518,-0.7953918600439887
0.972,-1.0128567041359584,-0.7879159254593637
0.973,-1.25246724548108,-0.7788571405346211
0.974,-1.2140203818379764,-0.7681903433040221
0.975,-1.2307046663904266,-0.75589672820827
0.976,-1.1640123085438463,-0.7419640313258858
0.977,-1.067977856257112,-0.7263866811004963
0.978,-0.9285986848287614,-0.7091659136275869
0.979,-0.857863694165968,-0.6903098517631463
0.98,-0.6463702540262839,-0.6698335475196338
0.981,-0.5008686044370474,-0.6477589874210369
0.982,-0.42807327217255386,-0.6241150606968373
0.983,-0.15885823271768565,-0.5989374904037728
0.984,-0.20184430052948843,-0.5722687277726959
0.985,-0.07737791939245328,-0.5441578102848419
0.986,-0.07108635408523742,-0.5146601841859657
0.987,-0.10875437358509618,-0.4838374923469874
0.988,-0.20703704032991296,-0.45175732857506856
0.989,-0.24634520615353414,-0.4184929596678698
0.99,-0.44653771564342737,-0.3841230166856978
0.991,-0.4904219561052085,-0.3487311570895251
0.992,-0.5994640501509431,-0.3124056995572363
0.993,-0.6663887985957885,-0.27523923344438733
0.994,-0.648153725833447,-0.23732820499876697
0.995,-0.6056733408603361,-0.19877248256912344
0.996,-0.601380565973145,-0.15967490316685048
0.997,-0.45297120671639013,-0.12014080284469025
0.998,-0.34279127036142354,-0.08027753344760435
0.999,-0.2149609042063316,-0.04019396836809109
1.0,-0.010318083729643237,-1.5675479029086122e-15
1.001,0.1672721802051424,0.040193968368085115
1.002,0.3169145004789879,0.08027753344760122
1.003,0.501337767459632,0.12014080284468157
1.004,0.5970361830078582,0.1596749031668474
1.005,0.5851464946383382,0.19877248256911495
1.006,0.599242597522011,0.237328204998764
1.007,0.6562842590413456,0.2752392334443816
1.008,0.5442976059370591,0.31240569955723346
1.009,0.4998704507622795,0.3487311570895174
1.01,0.4153602798100665,0.38412301668569504
1.011,0.22859719870292294,0.41849295966786254
1.012,0.13079247486039725,0.451757328575066
1.013,0.1867571121740801,0.48383749234698237
1.014,0.10074758317164287,0.5146601841859634
1.015,0.07738818401790505,0.5441578102848359
1.016,0.10693567733402835,0.5722687277726938
1.017,0.214462208978742,0.5989374904037699
1.018,0.31198880372069193,0.6241150606968353
1.019,0.5440378269159245,0.6477589874210303
1.02,0.6387635013753729,0.6698335475196344
1.021,0.8731088827605058,0.6903098517631425
1.022,0.9576441203684025,0.7091659136275855
1.023,1.048710321224525,0.7263866811004912
1.024,1.1528874001381522,0.7419640313258868
1.025,1.1009300571082103,0.755896728208267
1.026,1.1913350325698755,0.7681903433040194
1.027,1.1361100203581547,0.7788571405346215
1.028,1.0854089988528968,0.7879159254593631
1.029,0.8589973103933871,0.7953918600439882
1.03,0.8477908984896447,0.8013162440551147
1.031,0.6994925887284295,0.8057262643972312
1.032,0.594243092904795,0.8086647138884621
1.033,0.4440131786331873,0.8101796811420763
1.034,0.42290465441323066,0.8103242133819443
1.035,0.3003061927747622,0.8091559541710385
1.036,0.40728322844683595,0.8067367581714725
1.037,0.40822812722936236,0.8031322851820876
1.038,0.46785213898555067,0.7984115758140663
1.039,0.608623343070951,0.792646611266264
1.04,0.7861331052941626,0.7859118597489847
1.041,0.8843694913175326,0.778283812177509
1.042,1.0493868146136796,0.769840509814238
1.043,1.0523892118493154,0.7606610665807555
1.044,1.0937167193760824,0.7508251887878947
1.045,1.2453081924088851,0.7404126950431421
1.046,1.1936304765990182,0.7295030390901416
1.047,1.040260612347203,0.7181748383150252
1.048,0.9708887884111002,0.7065054106183196
1.049,0.8744082521771233,0.694570322300327
1.05,0.6992109738731267,0.6824429495415048
1.051,0.5370653323573148,0.6701940559786987
1.052,0.4371941885037256,0.657891388782848
1.053,0.2523131490584782,0.6455992955352448
1.054,0.20665006969117145,0.6333783640774071
1.055,0.17057114184401276,0.6212850873757084
1.056,0.17048564105630484,0.6093715552959595
1.057,0.21803530710125305,0.5976851750268162
1.058,0.32467978770586625,0.5862684217243326
1.059,0.43747727314559925,0.5751586207749017
1.06,0.522450657189001,0.5643877628903846
1.061,0.7251118369241161,0.5539823530593797
1.062,0.7694112494034558,0.5439632941824838
1.063,0.8896741157058949,0.534345806019067
1.064,0.9413035932928306,0.5251393798688134
1.065,0.9806719137113262,0.5163477692049576
1.066,0.8511802909925581,0.5079690162684369
1.067,0.8996895544904961,0.49999551442458195
1.068,0.729837855504552,0.4924141058774286
1.069,0.6730623933924714,0.4852062141326611
1.07,0.4592214134188883,0.47834801039955255
1.071,0.3307992220283023,0.4718106129263766
1.072,0.27760839614452915,0.46556031807341064
1.073,0.0844076859241262,0.45955886174460003
1.074,0.07534227267735197,0.4537637096232393
1.075,-0.00030982208667283315,0.4481283744907448
1.076,0.03124407962961509,0.4426027587506915
1.077,0.07587421624235724,0.437133520134626
1.078,0.20107515995190095,0.4316644584315098
1.079,0.25965800897808555,0.42613692096094036
1.08,0.3811282834802553,0.42049022440100947
1.081,0.528176690340302,0.4146620904866492
1.082,0.6770808715975305,0.4085890930129522
1.083,0.7574320095583413,0.40220711351163035
1.084,0.851838230308999,0.39545180291732773
1.085,0.8904483144973587,0.38825904650449783
1.086,0.769507328198357,0.3805654293549398
1.087,0.7070083954154621,0.372308699611293
1.088,0.5704820135817248,0.36342822678264186
1.089,0.5741380194939908,0.35386545239488926
1.09,0.35575111028516554,0.34356433032030087
1.091,0.2126061995115746,0.3324717541782405
1.092,0.0024262703379298103,0.320537969270803
1.093,-0.05638748042491044,0.307716966604086
1.094,-0.11363865631013845,0.29396685664616085
1.095,-0.1808600870340365,0.2792502205873405
1.096,-0.1214127703448852,0.263534436994878
1.097,-0.024792420549472588,0.24679198189354365
1.098,-0.07338517616165426,0.2290007004537048
1.099,0.03020291132160837,0.2101440486293939
1.1,0.1551010606378892,0.19021130325902874
1.101,0.3725033531898184,0.16919773932043444
1.102,0.4533023494309391,0.14710477321812435
1.103,0.48257660593079565,0.12394007117382305
1.104,0.5291554408981748,0.09971762198931867
1.105,0.49179602860560395,0.07445777365347278
1.106,0.511763752113287,0.04818723347074694
1.107,0.36980060610079574,0.020939031596405616
1.108,0.24685275002499557,-0.007247551928409368
1.109,0.12708214198983542,-0.03632709634005715
1.11,-0.07376798253011074,-0.06624818500675764
1.111,-0.24540987247096066,-0.09695358526232703
1.112,-0.3924608176190401,-0.1283804623085796
1.113,-0.4927040569975087,-0.16046062608050102
1.114,-0.5552365190939001,-0.193120809780426
1.115,-0.6528635293160545,-0.22628297860589777
1.116,-0.6557075304110763,-0.2598646670232328
1.117,-0.6658311527277119,-0.2937793427749468
1.118,-0.620752073714404,-0.3279367956560465
1.119,-0.4751417471308369,-0.36224354895151467
1.12,-0.3897536583130002,-0.39660329129704247
1.121,-0.3487648250882488,-0.43091732660697396
1.122,-0.2137044610144824,-0.46508503960907804
1.123,-0.13826260790530273,-0.49900437443476847
1.124,-0.12501520598568278,-0.5325723236373697
1.125,-0.056416001167551244,-0.5656854249492363
1.126,-0.15107126923379802,-0.5982402630427102
1.127,-0.2111493293442474,-0.6301339735285163
1.128,-0.3862243724127852,-0.661264746410505
1.129,-0.5492191652902246,-0.6915323262159593
1.13,-0.7583024187412863,-0.7208385060368874
1.131,-0.887668078890708,-0.7490876127498358
1.132,-1.0401681872333381,-0.7761869807287608
1.133,-1.2207896142585994,-0.8020474114285052
1.134,-1.2761401474168597,-0.8265836162932272
1.135,-1.3126459444770875,-0.8497146405364331
1.136,-1.2828005160150429,-0.8713642654444469
1.137,-1.2370650299638046,-0.8914613869745072
1.138,-1.1976964713599871,-0.9099403685497622
1.139,-1.047044229464322,-0.9267413660972856
1.14,-0.9490937807032817,-0.9418106235293251
1.141,-0.9308278905583445,-0.9551007370328765
1.142,-0.7214556044528287,-0.9665708867063788
1.143,-0.5689698411902191,-0.9761870342646364
1.144,-0.6232188836545721,-0.9839220857222801
1.145,-0.5352483701451424,-0.989756018161764
1.146,-0.5022900889921075,-0.9936759698923454
1.147,-0.6620431641627891,-0.9956762935110984
1.148,-0.7311692448354631,-0.9957585715841911
1.149,-0.9070345976959208,-0.9939315948755203
1.15,-0.9251220575924678,-0.9902113032590314
1.151,-1.1270116422080672,-0.9846206896594769
1.152,-1.239827957392718,-0.977189667572871
1.153,-1.2778405317697037,-0.967954902921194
1.154,-1.3584759077420157,-0.9569596111950212
1.155,-1.4292784703311388,-0.944253321031269
1.156,-1.3837581548568465,-0.929891605560534
1.157,-1.2581961783256328,-0.9139357830378483
1.158,-1.1859207941759702,-0.8964525884418278
1.159,-1.1012611978419504,-0.8775138178884083
1.16,-0.859325579802032,-0.8571959478564688
1.161,-0.7557305903383095,-0.8355797313620381
1.162,-0.48359513967135515,-0.812749773345508
1.163,-0.4176649346713936,-0.7887940876506512
1.164,-0.3720352080126297,-0.7638036380756988
1.165,-0.3158171626500526,-0.7378718660635545
1.166,-0.35869467885318523,-0.71109420767105
1.167,-0.36348843051698815,-0.6835676025144873
1.168,-0.35023370579811586,-0.6553899974313723
1.169,-0.39833075433617354,-0.6266598476245948
1.17,-0.5684197575390278,-0.5974756180669911
1.171,-0.7106746369526905,-0.5679352879391086
1.172,-0.819917599410952,-0.5381358608531954
1.173,-0.9104903635918551,-0.508172883580072
1.174,-0.8237247723041008,-0.47813997594487184
1.175,-0.9056783225653177,-0.4481283744907427
1.176,-0.7615767315593882,-0.4182264924290653
1.177,-0.6968363653834723,-0.3885194982991526
1.178,-0.6932241364371962,-0.3590889156517335
1.179,-0.49570798924730797,-0.33001224594820605
1.18,-0.3281244217005423,-0.30136261673357967
1.181,-0.13734466409020943,-0.27320845699471596
1.182,0.016477591948051273,-0.24561320145901533
1.183,0.26527218586292767,-0.2186350254217239
1.184,0.19255970583910456,-0.1923266115147222
1.185,0.2924238477806779,-0.16673494964589772
1.186,0.3107345708834782,-0.14190117114805847
1.187,0.24613434931024983,-0.11786041797970731
1.188,0.1742688390232407,-0.09464174761962926
1.189,0.024997217604217185,-0.07226807409222985
1.19,-0.04649669757010036,-0.05075614535422218
1.191,-0.1487182446864863,-0.030116557064729682
1.192,-0.261753142714078,-0.010353802553310393
1.193,-0.3327159699053037,0.00853364140695062
1.194,-0.34491792268895816,0.026553193618408216
1.195,-0.36880332525521053,0.04371801306821582
1.196,-0.3650768376701878,0.06004681012273291
1.197,-0.3353643560516485,0.07556362549241046
1.198,-0.19820599618374773,0.0902975783363166
1.199,-0.043560308494022454,0.10428258505138929
1.2,0.1276508837121581,0.11755705045849403
1.201,0.250087870263512,0.13016353325476088
1.202,0.3692224233119811,0.14214838774774627
1.203,0.4700910839261768,0.15356138402225522
1.204,0.5263836307834779,0.1644553088128851
1.205,0.6154875213141722,0.17488554946515492
1.206,0.5540984781136382,0.18490966346363075
1.207,0.5186235561898979,0.19458693608747782
1.208,0.45272521743840294,0.20397792882055163
1.209,0.2987649762884916,0.21314402119542913
1.21,0.23733703632704545,0.2221469487870989
1.211,0.12159961516883368,0.2310483400933528
1.212,-0.04657118927834568,0.23990925504427518
1.213,-0.13274901190021396,0.24878972787291842
1.214,-0.1487299244738541,0.2577483170534033
1.215,-0.21171813891809144,0.26684166497129574
1.216,-0.18316071886219634,0.27612406993451666
1.217,-0.030550635279888223,0.2856470730613787
1.218,0.06632320851325141,0.2954590624963467
1.219,0.19060924992915496,0.30560489730412255
1.22,0.3531513381345791,0.3161255532788189
1.221,0.3870242912329944,0.327057792778947
1.222,0.6570906459635463,0.33843386056022096
1.223,0.7300213395607476,0.3502812074286684
1.224,0.8310289310691046,0.3626222433760562
1.225,0.8409605928548631,0.37547412169020855
1.226,0.8187809806742224,0.3888485553541936
1.227,0.7557969458370329,0.4027516668627936
1.228,0.6963730109990561,0.41718387239199733
1.229,0.5587275321723126,0.43213980105979016
1.23,0.4823232938169149,0.44760824981430203
1.231,0.2610562610294932,0.4635721742803186
1.232,0.19384231768458407,0.48000871568797293
1.233,0.2146245462700046,0.49688926379968035
1.234,0.0611609046680533,0.5141795555437665
1.235,0.07229245993495324,0.5318398088574924
1.236,0.0865462213720906,0.54982489103891
1.237,0.2174607001547322,0.5680845207080235
1.238,0.2926095431459722,0.5865635022832746
1.239,0.4587199068307552,0.6052019916917465
1.24,0.657890453291799,0.6239357918503838
1.241,0.753803786999555,0.6426966762834149
1.242,0.9574605473797764,0.6614127390775537
1.243,1.076955589315001,0.6800087692238478
1.244,1.16858032337435,0.6984066472527621
1.245,1.172147401735896,0.7165257619391743
1.246,1.2919092401480636,0.7342834447361742
1.247,1.157834414822984,0.7515954194925887
1.248,1.045874733426357,0.7683762649184654
1.249,0.8885605580924448,0.7845398871870004
1.25,0.7961176349650247,0.7999999999999979
1.251,0.7326660410054663,0.8146706093981688
1.252,0.6323445216602084,0.8284665005667676
1.253,0.5363792404212268,0.8413037238723384
1.254,0.4565323373033515,0.8531000773669891
1.255,0.36354917476122256,0.8637755830130455
1.256,0.4647639942933463,0.8732529539131388
1.257,0.4677443072872982,0.881458049878148
1.258,0.5643181074614234,0.8883203187282556
1.259,0.7642819207140413,0.8937732207996946
1.26,0.9186826121126528,0.8977546342218601
1.261,1.0753999700429713,0.9002072386350154
1.262,1.1854676882849757,0.9010788751379261
1.263,1.2856439672847761,0.9003228803863482
1.264,1.2864877218398458,0.8978983929067198
1.265,1.3395715624565123,0.8937706298438989
1.266,1.2556018934338555,0.8879111325264143
1.267,1.1642208616993555,0.8802979794066303
1.268,1.1650450370405794,0.8709159651152507
1.269,0.9686894162760907,0.8597567445589815
1.27,0.8817188812713381,0.8468189411856137
1.271,0.7373844743877992,0.8321082187413165
1.272,0.5263612595327154,0.815637316049266
1.273,0.45698084085944124,0.7974260445459445
1.274,0.32307954704270103,0.7775012485200661
1.275,0.23206157322319804,0.755896728208271
1.276,0.3096100699547274,0.7326531261098435
1.277,0.32492517443181285,0.7078177770891789
1.278,0.3993375990825859,0.6814445230376808
1.279,0.5935495703109139,0.6535934930658206
1.28,0.5632965710798228,0.6243308503891367
1.281,0.7481010001428656,0.5937285072592925
1.282,0.786574883515876,0.5618638094700472
1.283,0.9292072959786427,0.5288191921392223
1.284,0.934594490408048,0.4946818086282276
1.285,0.9247169085792063,0.4595431346119818
1.286,0.8136783970794389,0.42349854945071336
1.287,0.7200810280799395,0.3866468971427339
1.288,0.6506834130766593,0.34909002925121047
1.289,0.5208218886369522,0.3109323322991174
1.29,0.2914925549017724,0.27228024221281855
1.291,0.05828727216777522,0.23324174846734222
1.292,-0.05701993198991405,0.19392589064321814
1.293,-0.11251651554822466,0.15444225014699545
1.294,-0.30897808003054217,0.11490043987352572
1.295,-0.3161167710250358,0.0754095945992202
1.296,-0.4215107420763666,0.03607786488999924
1.297,-0.3687291722468078,-0.0029880827126260445
1.298,-0.2814043117874426,-0.04168355650084688
1.299,-0.20307083386797123,-0.07990631872974886
1.3,-0.14821259766293318,-0.11755705045849558
1.301,-0.04786285039288195,-0.15453979957638736
1.302,0.11327233007249815,-0.19076240958321916
1.303,0.185582753172696,-0.22613692680203146
1.304,0.22788119083207925,-0.2605799838256204
1.305,0.2281440621975318,-0.2940131571325829
1.306,0.10699691283015475,-0.326363296955568
1.307,-0.005953149941950644,-0.35756282764141606
1.308,-0.06900701582771782,-0.3875500169104572
1.309,-0.2486887938552291,-0.4162692125980342
1.31,-0.48296925599240104,-0.4436710456456934
1.311,-0.6501156723897143,-0.46971259830023315
1.312,-0.7391836921532355,-0.49435753667586013
1.313,-0.888724840964017,-0.5175762070359382
1.314,-0.9683783258785112,-0.539345695356062
1.315,-0.9667485153489658,-0.5596498499373735
1.316,-0.9760932135814371,-0.5784792670480261
1.317,-0.9066939573108611,-0.5958312397788663
1.318,-0.9534744782939217,-0.6117096705073826
1.319,-0.7550466783485675,-0.6261249475686937
1.32,-0.6113062460384928,-0.6390937869343802
1.321,-0.5726448266953441,-0.6506390398965569
1.322,-0.4224819300669477,-0.6607894679461727
1.323,-0.33914124524313155,-0.6695794862186908
1.324,-0.2482055178816224,-0.6770488770568389
1.325,-0.16812831665997097,-0.6832424754077335
1.326,-0.17933081940997858,-0.6882098279293886
1.327,-0.3605186824828597,-0.6920048278286632
1.328,-0.4091196740367212,-0.6946853275880727
1.329,-0.5349031703075767,-0.6963127318619958
1.33,-0.6814465420723594,-0.6969515729329295
1.331,-0.8197675332938501,-0.6966690712147038
1.332,-0.9478883468054228,-0.6955346833718561
1.333,-0.9901744833282933,-0.693619640691822
1.334,-1.0748732521572395,-0.6909964803991354
1.335,-1.1801447285417643,-0.6877385726378337
1.336,-1.080066234967529,-0.6839196458699356
1.337,-1.007976025931985,-0.6796133134437203
1.338,-0.9267972761212377,-0.6748926040756968
1.339,-0.7636301716133459,-0.669829498964724
1.34,-0.6569715168438025,-0.664494478215779
1.341,-0.5118797228829165,-0.6589560791947018
1.342,-0.38392748404528604,-0.6532804693639838
1.343,-0.36420315202740994,-0.6475310360641485
1.344,-0.21700849902877956,-0.6417679956053693
1.345,-0.21277804689913488,-0.636048023920952
1.346,-0.24990639770303044,-0.6304239109081451
1.347,-0.20352586158542818,-0.6249442404437346
1.348,-0.3349814336393907,-0.6196530979123647
1.349,-0.4767254026947403,-0.6145898069256941
1.35,-0.6323808307850763,-0.6097886967409691
1.351,-0.7324897657932317,-0.6052789017096506
1.352,-0.8259301136999756,-0.6010841939010434
1.353,-0.9943591310644302,-0.5972228498538301
1.354,-1.0218761194347066,-0.5937075522108188
1.355,-1.0058226668364092,-0.5905453267904561
1.356,-1.0931529929398045,-0.587737515443621
1.357,-0.9516402228023036,-0.585279784837359
1.358,-0.8648371894529309,-0.5831621710994297
1.359,-0.7257800018291493,-0.581369160050232
1.36,-0.59994494479779,-0.5798798025429193
1.361,-0.4341052325524568,-0.5786678642294747
1.362,-0.236253556522901,-0.5777020088714385
1.363,-0.22584526560828483,-0.5769460141198623
1.364,-0.1367151458045943,-0.5763590185011803
1.365,-0.04610594142859087,-0.5758957981649554
1.366,-0.16953226257904055,-0.5755070717769504
1.367,-0.13849517035191455,-0.5751398317778046
1.368,-0.31002141627777113,-0.5747377000744589
1.369,-0.3639078095861459,-0.5742413060894636
1.37,-0.5435806399651971,-0.573588684963024
1.371,-0.6994890065505671,-0.5727156935851426
1.372,-0.8386850328378417,-0.5715564420307534
1.373,-0.9590630429441166,-0.5700437378802165
1.374,-0.9930533111657981,-0.568109540831544
1.375,-0.9797909665884363,-0.5656854249492373
1.376,-0.9912029354212245,-0.5627030458485363
1.377,-0.9358171697542661,-0.5590946100830727
1.378,-0.8293280088875694,-0.5547933439888304
1.379,-0.64909254216319,-0.549733959237787
1.38,-0.4948466541669259,-0.5438531123709157
1.381,-0.42471822869391146,-0.5370898556118935
1.382,-0.2916262270766493,-0.52938607631035
1.383,-0.14145491817023365,-0.5206869224256471
1.384,-0.021864496616405375,-0.5109412115395143
1.385,-0.00426220864487524,-0.5001018209773777
1.386,-0.11022471287806718,-0.48812605672369364
1.387,-0.12148139026610169,-0.47497599893514914
1.388,-0.23333960064285778,-0.46061882198690934
1.389,-0.31666994053801634,-0.44502708713013583
1.39,-0.36400260615173985,-0.4281790059931633
1.391,-0.6060203467427643,-0.41005867332270696
1.392,-0.7199142427981682,-0.39065626753536425
1.393,-0.7671680314369419,-0.36996821783087175
1.394,-0.7644803450376906,-0.3479973368079131
1.395,-0.7499227248922107,-0.324752917717841
1.396,-0.7107282906305762,-0.30025079569221313
1.397,-0.5915436038229297,-0.27451337248344554
1.398,-0.582596391766001,-0.24756960446502854
1.399,-0.310979139779817,-0.21945495384544006
1.4,-0.2026951160608981,-0.19021130325903235
1.401,0.008430585756536876,-0.15988683410438975
1.402,0.0830304772542772,-0.12853586920680776
1.403,0.2680372347651634,-0.09621868058392262
1.404,0.37442499986437994,-0.06300126329199633
1.405,0.46727496497696297,-0.028955076522973716
1.406,0.37040849411950816,0.005843246690992815
1.407,0.4065999690405081,0.04131221963038431
1.408,0.2984598020788917,0.0773658501929582
1.409,0.2731915047215735,0.11391401548452777
1.41,0.18195152213787205,0.15086286067960805
1.411,0.10054438222917395,0.18811521999757774
1.412,-0.06033348419110882,0.2255710575128354
1.413,-0.06384066263682761,0.2631279254043562
1.414,-0.07285793168455841,0.3006814371491737
1.415,-0.17760412571544204,0.3381257530787766
1.416,-0.028127559883468007,0.3753540756454135
1.417,0.08654195437145162,0.4122591516889628
1.418,0.17388135996631807,0.4487337789534387
1.419,0.2971827235070347,0.48467131407675834
1.42,0.5576844095113318,0.5199661792669436
1.421,0.6455916592502327,0.5545143648838202
1.422,0.8455832313175587,0.5882139251663896
1.423,0.9834181495398183,0.620965464383219
1.424,1.109269565136179,0.6526726107352061
1.425,1.1081772130272318,0.683242475407733
1.426,1.1131781790307214,0.7125860942510146
1.427,1.1086331162833791,0.7406188496641364
1.428,1.0720198530042648,0.7672608703678477
1.429,1.0229930543695787,0.7924374068747289
1.43,0.7557799326092112,0.816079180600359
1.431,0.7116787379493592,0.8381227047066385
1.432,0.5505458103448213,0.8585105749257944
1.433,0.5538865310412683,0.8771917287817282
1.434,0.42860445757655524,0.8941216718017437
1.435,0.43227674076913825,0.9092626694964312
1.436,0.4710376373814346,0.922583904076817
1.437,0.5669559900577897,0.9340615950753031
1.438,0.6921036235814556,0.9436790832387176
1.439,0.8317172855429932,0.9514268772673813
1.44,0.9570719613345412,0.9573026631818604
1.441,1.0471732828793237,0.9613112763082091
1.442,1.2570794456255026,0.9634646360814769
1.443,1.3257209449973872,0.9637816440751815
1.444,1.4367328698033481,0.9622880458699423
1.445,1.3807067063973157,0.9590162575765133
1.446,1.317889601264542,0.9540051580257578
1.447,1.3099964551910857,0.9472998478296846
1.448,1.255292847765372,0.9389513767023873
1.449,1.074511773539824,0.929016440606473
1.45,0.9095702584915951,0.9175570504584966
1.451,0.7307686461098143,0.9046401742848448
1.452,0.6961446500025348,0.8903373548669161
1.453,0.46948255378577397,0.8747243050499042
1.454,0.4008892803750788,0.8578804830130246
1.455,0.4126900177524404,0.8398886499090795
1.456,0.3186181524497198,0.820834412378009
1.457,0.48773173166776856,0.8008057525212419
1.458,0.5403569090286501,0.779892547991574
1.459,0.6550976803093308,0.7581860849055999
1.46,0.7581032468012578,0.7357785663232637
1.461,0.8453753258309703,0.7127626190604965
1.462,0.9112082167325323,0.6892308016071389
1.463,1.0237297457320196,0.665275115912282
1.464,1.0299525056368712,0.640986525774162
1.465,1.085900696933405,0.6164544845303497
1.466,1.0520131002429816,0.5917664746882384
1.467,0.990137554780876,0.5670075620642331
1.468,0.8216340360684998,0.5422599669147632
1.469,0.6936433161745928,0.5176026544420673
1.47,0.4812251574555938,0.4931109469448026
1.471,0.31066742676804,0.46885615975711603
1.472,0.19934877508296694,0.44490526298190125
1.473,0.041804008496703786,0.42132057087411345
1.474,-0.019048540209473965,0.39815946057024076
1.475,-0.11697356588321207,0.3754741216902048
1.476,-0.10992920147185567,0.35331133816001703
1.477,-0.006928972010638464,0.3317123034173474
1.478,0.08167670945495897,0.31071246997032037
1.479,0.11185753985422571,0.2903414340816156
1.48,0.29744742856858025,0.2706228561483252
1.481,0.3693226376897071,0.2515744171423744
1.482,0.49837138184917706,0.23320781126956225
1.483,0.6362641988971764,0.2155287747968201
1.484,0.6588120724837891,0.1985371507900516
1.485,0.6640618688193227,0.182226989298435
1.486,0.6709137289892524,0.16658668231815157
1.487,0.48750160649538865,0.15159913266866026
1.488,0.3623103202523278,0.13724195572042036
1.489,0.23366046938415952,0.12348771272460018
1.49,0.10012413217796222,0.11030417431422021
1.491,-0.1355850594671712,0.0976546125732436
1.492,-0.1873023730929576,0.08549811990653405
1.493,-0.3120505239544609,0.07378995279007819
1.494,-0.3341431432985132,0.06248189833839289
1.495,-0.38438056334434906,0.05152266149524935
1.496,-0.41114502690754906,0.04085827053604017
1.497,-0.31002671518927316,0.030432498464933906
1.498,-0.21538554333936372,0.020187297799298648
1.499,-0.15973623290344796,0.010063246156916051
1.5,-0.019720970215304775,3.4300014066311307e-15
1.501,0.03997987382787596,-0.010063246156914873
1.502,0.2006896667575464,-0.02018729779929745
1.503,0.30392636658684896,-0.0304324984649327
1.504,0.3900838088610185,-0.04085827053603891
1.505,0.3606620313303593,-0.051522661495248104
1.506,0.34495545451246135,-0.06248189833839159
1.507,0.2412544674153603,-0.07378995279007684
1.508,0.18584979956633527,-0.08549811990653264
1.509,0.05843161867889071,-0.09765461257324212
1.51,-0.09420956037743508,-0.11030417431421871
1.511,-0.2620509149170937,-0.1234877127245986
1.512,-0.46338823911208593,-0.1372419557204188
1.513,-0.5404549266930946,-0.1515991326686586
1.514,-0.6108543815437121,-0.16658668231814977
1.515,-0.6483588018152582,-0.18222698929843315
1.516,-0.6235133344032749,-0.1985371507900496
1.517,-0.5225647673707061,-0.21552877479681803
1.518,-0.46522732629377633,-0.2332078112695601
1.519,-0.4301327758050611,-0.25157441714237216
1.52,-0.24348674113645313,-0.27062285614832293
1.521,-0.12567169190625863,-0.2903414340816133
1.522,-0.07845180535677317,-0.310712469970318
1.523,0.06629998095679168,-0.3317123034173449
1.524,0.06824902873499636,-0.35331133816001453
1.525,0.018127738709219993,-0.3754741216902022
1.526,0.048024080748067834,-0.3981594605702381
1.527,-0.048584450460798054,-0.4213205708741108
1.528,-0.18950900461772732,-0.4449052629818985
1.529,-0.33129663568769946,-0.46885615975711326
1.53,-0.5218743661003378,-0.49311094694479973
1.531,-0.6322550817589008,-0.5176026544420645
1.532,-0.8085013558267417,-0.5422599669147604
1.533,-0.9244072557750173,-0.5670075620642301
1.534,-1.0054562300439007,-0.5917664746882356
1.535,-1.1126379091073997,-0.6164544845303468
1.536,-1.1047332789822553,-0.6409865257741592
1.537,-1.117730541765662,-0.6652751159122792
1.538,-0.9311444747991278,-0.689230801607136
1.539,-0.9003086674790904,-0.7127626190604938
1.54,-0.7304757779274402,-0.735778566323261
1.541,-0.6042889084392992,-0.7581860849055972
1.542,-0.4912950709042504,-0.7798925479915714
1.543,-0.48490878160595324,-0.8008057525212393
1.544,-0.395465444770816,-0.8208344123780068
1.545,-0.3230774330775673,-0.8398886499090773
1.546,-0.36133246348083453,-0.8578804830130226
1.547,-0.47117373382008676,-0.8747243050499023
1.548,-0.6123342657825488,-0.8903373548669145
1.549,-0.8057867823699276,-0.9046401742848431
1.55,-0.8888121854428684,-0.9175570504584951
1.551,-1.0743949372250565,-0.9290164406064716
1.552,-1.1810336092230889,-0.9389513767023862
1.553,-1.336671233492494,-0.9472998478296837
1.554,-1.3888979148721792,-0.9540051580257572
1.555,-1.402450363173456,-0.9590162575765129
1.556,-1.3804123545430047,-0.9622880458699421
1.557,-1.3080903829654968,-0.9637816440751814
1.558,-1.251135798994089,-0.963464636081477
1.559,-1.154100301861353,-0.9613112763082095
1.56,-0.8923112615858587,-0.9573026631818611
1.561,-0.7127990630377167,-0.9514268772673821
1.562,-0.6612788912590111,-0.9436790832387186
1.563,-0.622963631395786,-0.9340615950753043
1.564,-0.5255362764177102,-0.9225839040768185
1.565,-0.4388979667343941,-0.9092626694964329
1.566,-0.4125016150016758,-0.8941216718017456
1.567,-0.5616497066946763,-0.8771917287817302
1.568,-0.5989805242281537,-0.8585105749257969
1.569,-0.6912277746601426,-0.8381227047066412
1.57,-0.7814960425489326,-0.8160791806003618
1.571,-0.9452390981194734,-0.7924374068747317
1.572,-1.0943168215523569,-0.7672608703678507
1.573,-1.0798285947547435,-0.7406188496641397
1.574,-1.0955696879769905,-0.712586094251018
1.575,-1.136546133877543,-0.6832424754077365
1.576,-1.0644384394157644,-0.6526726107352098
1.577,-1.0040027610290367,-0.6209654643832229
1.578,-0.8865482004870323,-0.5882139251663934
1.579,-0.6525149851306556,-0.5545143648838242
1.58,-0.5044663453543683,-0.5199661792669477
1.581,-0.3259989226319653,-0.48467131407676245
1.582,-0.12414580950203315,-0.4487337789534429
1.583,-0.09039519759299297,-0.41225915168896704
1.584,0.030540305961025645,-0.37535407564541784
1.585,0.11819158087460688,-0.33812575307878096
1.586,0.10472146567318559,-0.3006814371491781
1.587,0.1322551834752713,-0.2631279254043606
1.588,0.031436337182607875,-0.22557105751283985
1.589,-0.08875888482874487,-0.18811521999758207
1.59,-0.14823199367212755,-0.1508628606796124
1.591,-0.24615811212097777,-0.11391401548453206
1.592,-0.30448193120873057,-0.07736585019296247
1.593,-0.38964423097322065,-0.041312219630388475
1.594,-0.4153728233694303,-0.005843246690996923
1.595,-0.4082332561167413,0.02895507652296969
1.596,-0.3725030698924997,0.06300126329199239
1.597,-0.29648773148925345,0.09621868058391879
1.598,-0.12441396025843189,0.12853586920680404
1.599,0.007504196000311122,0.15988683410438614
1.6,0.25780420807668625,0.19021130325902888
1.601,0.41219989310510236,0.2194549538454367
1.602,0.5373865332907071,0.2475696044650253
1.603,0.6537096975238882,0.2745133724834425
1.604,0.7247078659857885,0.3002507956922102
1.605,0.7243079684639528,0.3247529177178382
1.606,0.7673258802078483,0.3479973368079105
1.607,0.738081866635804,0.36996821783086925
1.608,0.6643378900447425,0.39065626753536187
1.609,0.5678977754720719,0.4100586733227048
1.61,0.4650322139082568,0.4281790059931613
1.611,0.27828327679368686,0.44502708713013395
1.612,0.16879243416691295,0.4606188219869076
1.613,0.16895261865615038,0.4749759989351475
1.614,0.09098988795859426,0.48812605672369214
1.615,0.03447098329204346,0.5001018209773763
1.616,0.07867733244860577,0.5109412115395131
1.617,0.15252071708992276,0.5206869224256461
1.618,0.26614567767000624,0.5293860763103491
1.619,0.4169395318327228,0.5370898556118926
1.62,0.6452528222149153,0.5438531123709149
1.621,0.6963818691530202,0.5497339592377865
1.622,0.84580063353747,0.5547933439888298
1.623,0.8556931893041871,0.5590946100830723
1.624,0.9712824784702049,0.5627030458485359
1.625,1.0648380250579013,0.5656854249492371
1.626,1.0121775888186357,0.5681095408315436
1.627,0.7585368019543529,0.5700437378802161
1.628,0.8630207336550239,0.5715564420307533
1.629,0.7884999168390121,0.5727156935851425
1.63,0.4937523815182556,0.573588684963024
1.631,0.4959591656465365,0.5742413060894634
1.632,0.19935611131783673,0.5747377000744588
1.633,0.2486021421112083,0.5751398317778046
1.634,0.14718569440363996,0.5755070717769504
1.635,0.03189694955517061,0.5758957981649553
1.636,0.1662290992579509,0.5763590185011803
1.637,0.25892195661721157,0.5769460141198622
1.638,0.3277541254926747,0.5777020088714385
1.639,0.4630033222431598,0.5786678642294745
1.64,0.5634127580493284,0.5798798025429192
1.641,0.6459712173101338,0.5813691600502319
1.642,0.8753400955245344,0.5831621710994295
1.643,1.0193275890839406,0.5852797848373589
1.644,1.0608961819455383,0.5877375154436206
1.645,0.961030293606402,0.5905453267904558
1.646,0.9610872082552034,0.5937075522108184
1.647,0.9274417876506721,0.5972228498538298
1.648,0.8018685393814678,0.601084193901043
1.649,0.7461041459605956,0.6052789017096502
1.65,0.6255253289482225,0.6097886967409686
1.651,0.4183220281272605,0.6145898069256934
1.652,0.38623487275176666,0.619653097912364
1.653,0.2849307507358074,0.624944240443734
1.654,0.1805221135815785,0.6304239109081444
1.655,0.17914714448159202,0.6360480239209514
1.656,0.13580051624642353,0.6417679956053687
1.657,0.2701829023439563,0.647531036064148
1.658,0.38907250479756156,0.6532804693639831
1.659,0.5266483355351202,0.6589560791947011
1.66,0.6796495546965985,0.6644944782157783
1.661,0.8186568161626799,0.6698294989647234
1.662,0.9288222197166841,0.6748926040756963
1.663,1.0551187586146167,0.6796133134437198
1.664,1.1519763579351614,0.6839196458699351
1.665,1.1339186497054474,0.6877385726378332
1.666,1.1316757083652276,0.690996480399135
1.667,1.0502304456539684,0.6936196406918218
1.668,0.9341676902443116,0.6955346833718559
1.669,0.8566419053601209,0.6966690712147036
1.67,0.6747425351661129,0.6969515729329295
1.671,0.5727009604329546,0.6963127318619959
1.672,0.4313121789168642,0.694685327588073
1.673,0.31578979329913653,0.6920048278286637
1.674,0.24710868231070776,0.688209827929389
1.675,0.2129176357111066,0.6832424754077341
1.676,0.1832413978404523,0.6770488770568397
1.677,0.3208376425564449,0.6695794862186917
1.678,0.4055479774257055,0.6607894679461737
1.679,0.5455682025257802,0.6506390398965581
1.68,0.6178355108421135,0.6390937869343818
1.681,0.8409979400564865,0.6261249475686954
1.682,0.8610235961250058,0.6117096705073843
1.683,0.924884501559799,0.5958312397788683
1.684,0.9667073025871349,0.5784792670480282
1.685,0.9402929538081893,0.5596498499373759
1.686,1.028626243384618,0.5393456953560645
1.687,0.9364765501354047,0.5175762070359409
1.688,0.7828907067228581,0.4943575366758629
1.689,0.5729266934579272,0.46971259830023615
1.69,0.5161217529080626,0.4436710456456965
1.691,0.2631427986684515,0.4162692125980375
1.692,0.1122856201297918,0.38755001691046065
1.693,0.050995543390116964,0.35756282764141967
1.694,-0.07525571199800529,0.32636329695557165
1.695,-0.06794271731722948,0.2940131571325868
1.696,-0.15744655809442895,0.26057998382562436
1.697,-0.15380195264983354,0.22613692680203556
1.698,-0.09821314928677731,0.19076240958322332
1.699,-0.05839769497996028,0.15453979957639166
1.7,0.1064132195462479,0.11755705045850225
1.701,0.26474769975156603,0.0799063187297557
1.702,0.3301402869386905,0.04168355650084885
1.703,0.3678580504437871,0.0029880827126279874
1.704,0.3521001896901625,-0.03607786488999466
1.705,0.3836653261212939,-0.0754095945992156
1.706,0.35358754066711223,-0.11490043987351829
1.707,0.22684416758053438,-0.15444225014698798
1.708,0.07724687967373073,-0.1939258906432164
1.709,-0.12606240712985722,-0.2332417484673405
1.71,-0.23759296964832244,-0.272280242212814
1.711,-0.5752661725176392,-0.3109323322991129
1.712,-0.5982795644281925,-0.34909002925120336
1.713,-0.6478916653736829,-0.3866468971427269
1.714,-0.9118089172768101,-0.4234985494507117
1.715,-0.9191979128000347,-0.4595431346119801
1.716,-0.9229736805660298,-0.4946818086282236
1.717,-0.9113801521702073,-0.5288191921392184
1.718,-0.7849122032992989,-0.5618638094700413
1.719,-0.7138881141538109,-0.5937285072592868
1.72,-0.6182388354872582,-0.6243308503891352
1.721,-0.482644943150293,-0.6535934930658188
1.722,-0.416271131143217,-0.6814445230376777
1.723,-0.21656555006749828,-0.707817777089176
1.724,-0.2986238164307467,-0.7326531261098395
1.725,-0.2980854442686794,-0.7558967282082676
1.726,-0.41794453817017674,-0.7775012485200643
1.727,-0.455106410169351,-0.7974260445459427
1.728,-0.5052388452456509,-0.8156373160492639
1.729,-0.7464688452870175,-0.8321082187413147
1.73,-0.9331212281576698,-0.8468189411856124
1.731,-0.9975217731802275,-0.8597567445589805
1.732,-1.0805895483478782,-0.870915965115249
1.733,-1.2426603777275178,-0.8802979794066285
1.734,-1.3293315489642887,-0.8879111325264135
1.735,-1.4181101473535376,-0.8937706298438983
1.736,-1.3077836603314532,-0.8978983929067209
1.737,-1.2379295234997592,-0.9003228803863496
1.738,-1.236851538633593,-0.9010788751379243
1.739,-0.9938835881558217,-0.9002072386350137
1.74,-0.8671268131861505,-0.8977546342218604
1.741,-0.7094229356290558,-0.893773220799695
1.742,-0.6004759515233002,-0.8883203187282586
1.743,-0.49125309405696715,-0.8814580498781514
1.744,-0.42444868563224775,-0.8732529539131374
1.745,-0.3790366901529962,-0.863775583013044
1.746,-0.4978749557991256,-0.8531000773669905
1.747,-0.5372884537484962,-0.8413037238723399
1.748,-0.5934034530427346,-0.8284665005667721
1.749,-0.6808057687963742,-0.8146706093981734
1.75,-0.7844745230676932,-0.7999999999999996
1.751,-0.9106102685265401,-0.7845398871870021
1.752,-0.9881953959918466,-0.7683762649184673
1.753,-1.069713255018108,-0.7515954194925933
1.754,-1.1971542814007494,-0.734283444736179
1.755,-1.1569827175371576,-0.7165257619391764
1.756,-1.1602953414944608,-0.6984066472527641
1.757,-1.0515962982267297,-0.6800087692238498
1.758,-0.9130444478472071,-0.6614127390775558
1.759,-0.9181028068110414,-0.6426966762834192
1.76,-0.5274860302647848,-0.623935791850388
1.761,-0.4434879971271135,-0.6052019916917486
1.762,-0.3458882697681963,-0.5865635022832768
1.763,-0.1269320830300908,-0.5680845207080257
1.764,-0.13574670552554285,-0.5498248910389122
1.765,-0.07653903342437339,-0.5318398088574957
1.766,-0.10568875562684998,-0.5141795555437695
1.767,-0.06675194283320864,-0.49688926379968223
1.768,-0.21970474040861504,-0.48000871568797476
1.769,-0.31853516278198096,-0.46357217428032055
1.77,-0.3994569636932971,-0.4476082498143039
1.771,-0.5477918702300804,-0.4321398010597919
1.772,-0.6838611585289744,-0.41718387239199883
1.773,-0.7223936754372197,-0.4027516668627953
1.774,-0.7152846585098926,-0.38884855535419516
1.775,-0.8127777037382333,-0.3754741216902101
1.776,-0.7859272721939653,-0.36262224337605764
1.777,-0.7075137715526482,-0.3502812074286686
1.778,-0.5505200440585589,-0.3384338605602208
1.779,-0.4900833496489803,-0.3270577927789483
1.78,-0.32725825566728045,-0.3161255532788202
1.781,-0.22804496780046243,-0.30560489730412366
1.782,-0.07831041347033788,-0.2954590624963478
1.783,0.05769857429942374,-0.28564707306137754
1.784,0.14961388263588174,-0.27612406993451544
1.785,0.253921668059508,-0.2668416649712968
1.786,0.19166682747641645,-0.25774831705340434
1.787,0.07878477918823457,-0.24878972787291942
1.788,-0.004525110927238125,-0.23990925504427627
1.789,-0.0370007452954051,-0.23104834009335104
1.79,-0.17708253484193076,-0.22214694878709712
1.791,-0.3510756722551844,-0.2131440211954302
1.792,-0.48618235097371093,-0.2039779288205527
1.793,-0.5136472701280105,-0.1945869360874789
1.794,-0.6526181808654477,-0.1849096634636319
1.795,-0.6092043335428525,-0.1748855494651534
1.796,-0.5015243815099638,-0.16445530881288367
1.797,-0.5094048042009168,-0.15356138402225653
1.798,-0.43767613044981857,-0.14214838774774763
1.799,-0.25280643261662517,-0.1301635332547623
1.8,-0.13635739921911297,-0.11755705045849553
1.801,-0.020989571332807634,-0.10428258505138871
1.802,0.20224722627016897,-0.09029757833631627
1.803,0.3332073979982911,-0.07556362549241225
1.804,0.3554923553271892,-0.06004681012273477
1.805,0.39119255996793123,-0.04371801306821782
1.806,0.36295962306953133,-0.02655319361841027
1.807,0.34952658204306714,-0.00853364140695162
1.808,0.2523624307679921,0.010353802553309088
1.809,0.12873289706532604,0.030116557064727295
1.81,0.12644289857021232,0.05075614535421971
1.811,-0.04812986070650549,0.07226807409222727
1.812,-0.14696581159083777,0.0946417476196266
1.813,-0.21086124673171003,0.11786041797970442
1.814,-0.25523281251437785,0.14190117114805528
1.815,-0.2997894484659738,0.1667349496458948
1.816,-0.22474671589923853,0.1923266115147191
1.817,-0.1561838414174298,0.21863502542172086
1.818,-0.0013516170815360655,0.2456132014590121
1.819,0.14781844496430704,0.2732084569947141
1.82,0.2860562062989936,0.3013626167335749
1.821,0.4158979445000392,0.3300122459482027
1.822,0.6294417614619848,0.35908891565173007
1.823,0.7444063662555659,0.3885194982991491
1.824,0.7705870348535354,0.41822649242906185
1.825,0.9184348452462903,0.4481283744907415
1.826,0.9447290927673948,0.47813997594486596
1.827,0.9733647900571537,0.5081728835800685
1.828,0.7869913242519839,0.5381358608531919
1.829,0.6854444595458807,0.5679352879391052
1.83,0.5530987768493849,0.5974756180669877
1.831,0.4959478764153708,0.6266598476245944
1.832,0.3989793611220698,0.6553899974313662
1.833,0.28705810165427825,0.6835676025144841
1.834,0.27612158005807086,0.7110942076710468
1.835,0.2087252393879771,0.7378718660635514
1.836,0.3728832756562064,0.7638036380756958
1.837,0.39390926979503454,0.7887940876506512
1.838,0.546860155757361,0.8127497733455026
1.839,0.6394543470413816,0.8355797313620356
1.84,0.8339018038780316,0.8571959478564664
1.841,1.0053878192164527,0.8775138178884059
1.842,1.1605043180950192,0.8964525884418257
1.843,1.297182731127482,0.9139357830378485
1.844,1.4154300412327998,0.9298916055605302
1.845,1.4235617587420417,0.9442533210312675
1.846,1.4234216252536904,0.9569596111950198
1.847,1.389856714787651,0.9679549029211928
1.848,1.2644813463653628,0.97718966757287
1.849,1.122210049303465,0.9846206896594774
1.85,1.0305757795092088,0.99021130325903
1.851,0.8977943188452431,0.9939315948755201
1.852,0.7571978415712096,0.9957585715841909
1.853,0.5734335421609243,0.9956762935110987
1.854,0.5320421314357404,0.9936759698923456
1.855,0.5287618540005451,0.9897560181617644
1.856,0.587131494218895,0.9839220857222813
1.857,0.6112755300330793,0.9761870342646374
1.858,0.7475422685128138,0.9665708867063801
1.859,0.8686525547139458,0.9551007370328779
1.86,0.9897774422764336,0.9418106235293268
1.861,1.114020636145236,0.9267413660972861
1.862,1.1329639758950358,0.9099403685497658
1.863,1.2748244544214677,0.8914613869745094
1.864,1.2750385361390506,0.8713642654444493
1.865,1.2337519872820677,0.8497146405364356
1.866,1.2430602033438043,0.82658361629323
1.867,1.2190945375223343,0.8020474114285058
1.868,1.0591200246650978,0.7761869807287665
1.869,0.9688576350827828,0.7490876127498391
1.87,0.7279277118476016,0.7208385060368908
1.871,0.6503867888909449,0.6915323262159627
1.872,0.4038622318995757,0.6612647464105086
1.873,0.26697553790594225,0.6301339735285173
1.874,0.11908922719301906,0.5982402630427112
1.875,0.16010793456095104,0.5656854249492403
1.876,0.08451188614692914,0.5325723236373736
1.877,0.109064821389712,0.49900437443477236
1.878,0.2518308986279441,0.4650850396090793
1.879,0.3381885858901009,0.43091732660697524
1.88,0.4418853459854825,0.3966032912970465
1.881,0.4868135510580488,0.3622435489515186
1.882,0.5904011245754537,0.3279367956560529
1.883,0.6554428143358384,0.29377934277495077
1.884,0.7191408265829453,0.2598646670232345
1.885,0.7384255653456688,0.22628297860589958
1.886,0.6358221043211929,0.19312080978042986
1.887,0.6035139169635132,0.16046062608050482
1.888,0.42877160256154945,0.12838046230858488
1.889,0.22661925696647112,0.09695358526233061
1.89,0.09939664125191497,0.06624818500675994
1.891,-0.034492939980314316,0.03632709634005957
1.892,-0.17732425226954102,0.007247551928412699
1.893,-0.337521025281158,-0.020939031596402397
1.894,-0.47513568765723685,-0.04818723347074341
1.895,-0.5331255038157066,-0.07445777365346976
1.896,-0.5046502741796884,-0.09971762198931573
1.897,-0.4210387388316952,-0.12394007117382005
1.898,-0.39425737186114823,-0.1471047732181217
1.899,-0.29007411191440136,-0.16919773932043192
1.9,-0.18815538908634444,-0.19021130325902724
1.901,-0.08420204366591993,-0.21014404862939162
1.902,0.02901728281214502,-0.2290007004537014
1.903,0.12268270498499702,-0.24679198189354018
1.904,0.2331649951875286,-0.26353443699487616
1.905,0.16116122827142926,-0.27925022058733867
1.906,0.13611305872312385,-0.2939668566461612
1.907,0.02172557444837505,-0.30771696660408443
1.908,-0.02736936308026468,-0.32053796927079936
1.909,-0.13874693956077905,-0.3324717541782368
1.91,-0.27858441648202364,-0.3435643303202996
1.911,-0.4847885188757753,-0.35386545239488815
1.912,-0.6049574189830732,-0.3634282267826434
1.913,-0.7425083599668366,-0.3723086996112919
1.914,-0.7874201144999656,-0.3805654293549361
1.915,-0.8257004404045255,-0.38825904650449417
1.916,-0.821096659760083,-0.3954518029173269
1.917,-0.7607546132892672,-0.40220711351162963
1.918,-0.6550155652088208,-0.4085890930129543
1.919,-0.5654858353492023,-0.4146620904866486
1.92,-0.43019009608413794,-0.42049022440100603
1.921,-0.21878479294536402,-0.4261369209609371
1.922,-0.058739224146058505,-0.4316644584315091
1.923,-0.12125055060724681,-0.43713352013462536
1.924,-0.06500617459292668,-0.4426027587506932
1.925,-0.03641448760307009,-0.4481283744907441
1.926,-0.02991981389196175,-0.4537637096232365
1.927,-0.05966999383438155,-0.45955886174459737
1.928,-0.17740683685986275,-0.4655603180734099
1.929,-0.3258717199864215,-0.47181061292637594
1.93,-0.45719058852122196,-0.4783480103995533
1.931,-0.6519473078665499,-0.4852062141326601
1.932,-0.7666823802791227,-0.49241410587742657
1.933,-0.8648569438283495,-0.49999551442458023
1.934,-0.9993131021561334,-0.507969016268436
1.935,-1.0128001773938606,-0.5163477692049566
1.936,-0.9979774546527375,-0.5251393798688127
1.937,-0.8678391245404435,-0.534345806019066
1.938,-0.7986524597712062,-0.5439632941824827
1.939,-0.6685975525251615,-0.5539823530593788
1.94,-0.6379739624825022,-0.5643877628903833
1.941,-0.4954436407482142,-0.5751586207749004
1.942,-0.2952364405824417,-0.5862684217243304
1.943,-0.34477431322472096,-0.5976851750268135
1.944,-0.13241094865914538,-0.6093715552959593
1.945,-0.24421777311662013,-0.6212850873757085
1.946,-0.1716691360675866,-0.6333783640774057
1.947,-0.3170850330567907,-0.6455992955352434
1.948,-0.35143187664435704,-0.6578913887828446
1.949,-0.40280997195333923,-0.6701940559786952
1.95,-0.7733700547463256,-0.6824429495415056
1.951,-0.8058128838546479,-0.694570322300328
1.952,-1.043335282693693,-0.7065054106183184
1.953,-1.0651617288950554,-0.7181748383150238
1.954,-1.1657493579650335,-0.7295030390901376
1.955,-1.1852214021446645,-0.7404126950431381
1.956,-1.2152680721738474,-0.7508251887878963
1.957,-1.0934970696696313,-0.7606610665807573
1.958,-1.0922781868646805,-0.769840509814237
1.959,-0.8676759691302594,-0.7782838121775081
1.96,-0.802281872013367,-0.7859118597489809
1.961,-0.7096965908936431,-0.7926466112662607
1.962,-0.47011073934881953,-0.7984115758140684
1.963,-0.441768343825727,-0.8031322851820898
1.964,-0.3024558870209725,-0.8067367581714723
1.965,-0.31030170899850457,-0.8091559541710382
1.966,-0.4142746092405764,-0.8103242133819419
1.967,-0.44952162571083737,-0.8101796811420743
1.968,-0.5393198327702894,-0.8086647138884644
1.969,-0.6056164889290704,-0.8057262643972335
1.97,-0.7838155355204469,-0.8013162440551151
1.971,-0.9273978026688671,-0.7953918600439889
1.972,-1.0604144724749118,-0.7879159254593625
1.973,-1.1449370694375327,-0.7788571405346213
1.974,-1.1439820922097061,-0.7681903433040218
1.975,-1.2057485141763704,-0.7558967282082694
1.976,-1.18573935451064,-0.7419640313258885
1.977,-1.1130246151937502,-0.7263866811004931
1.978,-0.9958198833126284,-0.7091659136275873
1.979,-0.8854513390735653,-0.6903098517631446
1.98,-0.6998485598526843,-0.6698335475196366
1.981,-0.44876452892628765,-0.6477589874210326
1.982,-0.36787566758792495,-0.6241150606968382
1.983,-0.2067033761928057,-0.5989374904037729
1.984,-0.24344355615591318,-0.5722687277726956
1.985,-0.07142535792620539,-0.5441578102848406
1.986,-0.09313886002790411,-0.5146601841859655
1.987,-0.13903744579389482,-0.48383749234698703
1.988,-0.18001556674662342,-0.4517573285750672
1.989,-0.29926832235163286,-0.4184929596678665
1.99,-0.46907801348124206,-0.3841230166857012
1.991,-0.4508988869113763,-0.3487311570895265
1.992,-0.567188360634917,-0.3124056995572354
1.993,-0.6518545791030481,-0.27523923344438356
1.994,-0.703951052214483,-0.23732820499877127
1.995,-0.707566783213402,-0.19877248256911667
1.996,-0.5786946272169441,-0.15967490316685473
1.997,-0.4196608119043901,-0.12014080284468898
1.998,-0.3366542379095668,-0.08027753344760592
1.999,-0.23456208008051654,-0.04019396836808414
2.0,0.009004669081534735,-3.1350958058172244e-15
2.001,0.17711789734693145,0.04019396836807787
2.002,0.3793426420221685,0.08027753344759403
2.003,0.5084677774099051,0.12014080284468845
2.004,0.46821743413526445,0.1596749031668486
2.005,0.6705821707462488,0.19877248256911062
2.006,0.6251644609514201,0.23732820499875462
2.007,0.5824277312551585,0.27523923344438816
2.008,0.5693701266738934,0.31240569955722963
2.009,0.5042276489194454,0.34873115708952096
2.01,0.31849363227421634,0.3841230166856862
2.011,0.3076183688814057,0.4184929596678704
2.012,0.21778751894472476,0.4517573285750621
2.013,0.1216588927302474,0.48383749234698215
2.014,0.0519798066440625,0.5146601841859557
2.015,0.05498269011726931,0.544157810284841
2.016,0.18533058070308567,0.5722687277726912
2.017,0.17443093547521157,0.5989374904037689
2.018,0.4021905155979439,0.6241150606968284
2.019,0.5020933735870885,0.6477589874210345
2.02,0.6660001675339111,0.6698335475196333
2.021,0.7610439910153222,0.6903098517631417
2.022,0.9678006119540344,0.7091659136275805
2.023,1.114987749209691,0.7263866811004939
2.024,1.1164830601446325,0.7419640313258862
2.025,1.2258421628983411,0.7558967282082674
2.026,1.1997262657840089,0.7681903433040161
2.027,1.1171645634500553,0.7788571405346236
2.028,1.0866062124506277,0.7879159254593613
2.029,0.8463592367535787,0.7953918600439878
2.03,0.8151834740048759,0.8013162440551148
2.031,0.7314460232514064,0.8057262643972322
2.032,0.6017590759208556,0.8086647138884641
2.033,0.46171430249490597,0.8101796811420741
2.034,0.3702815500039046,0.8103242133819467
2.035,0.333723851909131,0.8091559541710363
2.036,0.3666442940824294,0.8067367581714727
2.037,0.4608269276300798,0.8031322851820905
2.038,0.5016184600640704,0.7984115758140651
2.039,0.6838859165195895,0.7926466112662633
2.04,0.8712382804690991,0.7859118597489838
2.041,0.9148661302411177,0.7782838121775093
2.042,0.9805680812145001,0.7698405098142427
2.043,1.0709289241968327,0.760661066580753
2.044,1.2098632431891836,0.750825188787898
2.045,1.188022847884722,0.7404126950431398
2.046,1.1925517072655245,0.7295030390901434
2.047,1.0608871158173465,0.7181748383150208
2.048,1.0042337160515358,0.7065054106183205
2.049,0.8272960028310832,0.6945703223003298
2.05,0.6531427873285721,0.6824429495415075
2.051,0.5150964693578531,0.6701940559786967
2.052,0.34550585103429027,0.6578913887828468
2.053,0.36111603040977636,0.6455992955352452
2.054,0.20154765920226614,0.6333783640774109
2.055,0.19706565092299436,0.6212850873757065
2.056,0.1599213576483087,0.6093715552959613
2.057,0.19155041467889117,0.5976851750268166
2.058,0.312409837755992,0.5862684217243354
2.059,0.480148674641367,0.5751586207748974
2.06,0.5435584912344794,0.5643877628903868
2.061,0.6582187216189475,0.5539823530593804
2.062,0.8146852274888318,0.5439632941824842
2.063,0.9183643575165078,0.5343458060190676
2.064,1.0188287389557609,0.525139379868814
2.065,0.9804977883398551,0.5163477692049554
2.066,0.9617041557425101,0.5079690162684386
2.067,0.8928241713700987,0.49999551442458046
2.068,0.710796854131714,0.49241410587743084
2.069,0.585730578782631,0.4852062141326612
2.07,0.43499215881536085,0.47834801039955466
2.071,0.2794671352299755,0.4718106129263804
2.072,0.2328753495366077,0.4655603180734108
2.073,0.1071032179424171,0.4595588617445945
2.074,0.028968119814085133,0.4537637096232452
2.075,-0.10558028612534986,0.4481283744907409
2.076,0.0968464007626269,0.44260275875069
2.077,0.03730499249974577,0.43713352013462625
2.078,0.24923360513743376,0.43166445843150925
2.079,0.229109614266174,0.42613692096093425
2.08,0.38799417805875946,0.42049022440100686
2.081,0.46560576265499876,0.4146620904866495
2.082,0.6875774555822826,0.4085890930129593
2.083,0.7222144881479369,0.40220711351163135
2.084,0.7805072290862053,0.395451802917323
2.085,0.7833584778175245,0.38825904650450044
2.086,0.8396350641972822,0.3805654293549425
2.087,0.7648248931426957,0.3723086996112828
2.088,0.7004129459573978,0.36342822678265013
2.089,0.4654948350206829,0.35386545239488965
2.09,0.35231710516221026,0.3435643303202963
2.091,0.14184069881342998,0.3324717541782379
2.092,0.04263304482977723,0.3205379692708013
2.093,-0.07709449339587694,0.3077169666040921
2.094,-0.1154305773868332,0.293966856646165
2.095,-0.1300689071559333,0.27925022058733906
2.096,-0.1247983277046665,0.2635344369948843
2.097,-0.15097815646387547,0.24679198189354284
2.098,0.004436053106982557,0.22900070045370424
2.099,0.06932299567636595,0.21014404862939465
2.1,0.17722742742315428,0.19021130325903046
2.101,0.279914927316398,0.16919773932042959
2.102,0.3892107049752753,0.14710477321812998
2.103,0.5576902724904171,0.1239400711738186
2.104,0.5399894849819042,0.09971762198931396
2.105,0.531442247553522,0.07445777365347381
2.106,0.4656727914621043,0.04818723347075396
2.107,0.4828358235226433,0.020939031596405477
2.108,0.309456231157053,-0.00724755192840823
2.109,0.07388806653670929,-0.03632709634006043
2.11,-0.07719278719492896,-0.06624818500674443
2.111,-0.24458101446593683,-0.09695358526233117
2.112,-0.3870489467089261,-0.12838046230858519
2.113,-0.5525673132544682,-0.16046062608049455
2.114,-0.60354358117876,-0.1931208097804157
2.115,-0.618199453324336,-0.22628297860590862
2.116,-0.7403852237162096,-0.2598646670232292
2.117,-0.7029628597273477,-0.2937793427749455
2.118,-0.6117665013995335,-0.32793679565603306
2.119,-0.5187730188245138,-0.36224354895152316
2.12,-0.3166646563072138,-0.39660329129704575
2.121,-0.25179131033765584,-0.43091732660696536
2.122,-0.16280878199273952,-0.46508503960906966
2.123,-0.14552135470656813,-0.4990043744347756
2.124,-0.11604942757601049,-0.5325723236373643
2.125,-0.17375364149985106,-0.5656854249492351
2.126,-0.13899522158796612,-0.5982402630427099
2.127,-0.24643414186740475,-0.6301339735285086
2.128,-0.34532148829176385,-0.6612647464105073
2.129,-0.5609078672814707,-0.6915323262159546
2.13,-0.7265096718848921,-0.7208385060368864
2.131,-0.8813434390761176,-0.7490876127498316
2.132,-1.0050144412401156,-0.7761869807287622
2.133,-1.2249136837811418,-0.8020474114285019
2.134,-1.2251168032765032,-0.826583616293229
2.135,-1.300534463023336,-0.8497146405364229
2.136,-1.3416851884954168,-0.8713642654444523
2.137,-1.3389032645493966,-0.8914613869745086
2.138,-1.1799026805565112,-0.9099403685497609
2.139,-1.0078904942350542,-0.9267413660972816
2.14,-0.8748232368596361,-0.9418106235293281
2.141,-0.8018280411373653,-0.9551007370328759
2.142,-0.6235872966210969,-0.9665708867063786
2.143,-0.6138470301141957,-0.9761870342646336
2.144,-0.5178145113237467,-0.9839220857222813
2.145,-0.5578052537180217,-0.9897560181617646
2.146,-0.5862844911308921,-0.9936759698923445
2.147,-0.6587190107175956,-0.9956762935110983
2.148,-0.813676365937585,-0.9957585715841909
2.149,-0.8033902570089041,-0.9939315948755204
2.15,-1.0158766008245315,-0.9902113032590307
2.151,-1.1557358883183884,-0.9846206896594782
2.152,-1.2888918983690072,-0.977189667572871
2.153,-1.3401869278513807,-0.9679549029211943
2.154,-1.3143953511054545,-0.9569596111950224
2.155,-1.3105021669983616,-0.9442533210312705
2.156,-1.4243017129254345,-0.9298916055605315
2.157,-1.2921713503456345,-0.9139357830378523
2.158,-1.2023302627772001,-0.8964525884418285
2.159,-0.9770379557086977,-0.8775138178884139
2.16,-0.8457322059646813,-0.8571959478564648
2.161,-0.7219848569884862,-0.835579731362039
2.162,-0.5453434865902381,-0.8127497733455041
2.163,-0.4438331850382635,-0.7887940876506572
2.164,-0.27125836196788106,-0.7638036380756973
2.165,-0.2659934854629114,-0.7378718660635529
2.166,-0.25632583850157226,-0.7110942076710511
2.167,-0.42618665416707335,-0.6835676025144913
2.168,-0.39355818105293666,-0.6553899974313706
2.169,-0.404273761793537,-0.6266598476245988
2.17,-0.5444304552654919,-0.5974756180669889
2.171,-0.780876518844627,-0.5679352879391221
2.172,-0.8151762576921529,-0.5381358608531877
2.173,-0.9202913096855473,-0.5081728835800693
2.174,-0.8376713458631786,-0.4781399759448745
2.175,-0.8883572431997139,-0.44812837449075027
2.176,-0.8769137471511225,-0.41822649242905807
2.177,-0.7512108280262287,-0.38851949829915366
2.178,-0.7278869003461057,-0.3590889156517346
2.179,-0.512468345555233,-0.33001224594821615
2.18,-0.2999048677005055,-0.3013626167335747
2.181,-0.100323794787844,-0.27320845699471386
2.182,-0.05876240275129743,-0.2456132014590212
2.183,0.1301764097388974,-0.21863502542173174
2.184,0.2760362503588743,-0.19232661151471175
2.185,0.22520691737916532,-0.16673494964590377
2.186,0.29524157457613226,-0.14190117114805909
2.187,0.24883620961327135,-0.11786041797970831
2.188,0.2384368287262335,-0.09464174761962485
2.189,0.057584125652013526,-0.07226807409223066
2.19,-0.0576201692892323,-0.050756145354217574
2.191,-0.13497581440683207,-0.030116557064735927
2.192,-0.32791111280689383,-0.01035380255330659
2.193,-0.3643593343238147,0.008533641406943182
2.194,-0.41965123914802877,0.026553193618407522
2.195,-0.41183845943998576,0.043718013068218264
2.196,-0.3339923642515676,0.06004681012272889
2.197,-0.26632756257301554,0.07556362549240986
2.198,-0.2041530775364255,0.09029757833631968
2.199,-0.02930709428429489,0.10428258505137956
2.2,0.17717471502252724,0.11755705045849921
2.201,0.2359665527716016,0.1301635332547661
2.202,0.4124584224952359,0.14214838774774582
2.203,0.5098926044134245,0.15356138402224911
2.204,0.5899105405122411,0.164455308812882
2.205,0.5596592445751757,0.17488554946515178
2.206,0.6693156099689515,0.18490966346363596
2.207,0.5276705075206899,0.19458693608747202
2.208,0.5095241711582945,0.20397792882055107
2.209,0.3273466043422527,0.21314402119543424
2.21,0.19712676271125767,0.2221469487870903
2.211,0.1405156226432454,0.23104834009334987
2.212,0.015161275651755401,0.23990925504428548
2.213,-0.1069212836372705,0.24878972787291803
2.214,-0.13978109328715718,0.2577483170534029
2.215,-0.19470044623897076,0.26684166497128525
2.216,-0.15218606750704966,0.27612406993451893
2.217,-0.10487555010589478,0.285647073061376
2.218,0.06711829693674587,0.29545906249634146
2.219,0.13881071658870375,0.3056048973041214
2.22,0.3755318070763867,0.3161255532788241
2.221,0.4534820735148677,0.32705779277894215
2.222,0.603757566652474,0.33843386056021896
2.223,0.7446879757235575,0.3502812074286692
2.224,0.7915522525564703,0.36262224337605986
2.225,0.8135577891187955,0.375474121690208
2.226,0.8156230497746725,0.38884855535419693
2.227,0.8025620484738436,0.4027516668627893
2.228,0.6551731470381004,0.41718387239200017
2.229,0.5661479682375837,0.4321398010597861
2.23,0.448019718907808,0.4476082498143015
2.231,0.35909793463270956,0.4635721742803172
2.232,0.21151153720147675,0.48000871568797343
2.233,0.2051635801106863,0.49688926379967957
2.234,0.0799425801023401,0.5141795555437696
2.235,0.07233246332127406,0.5318398088574853
2.236,0.1150081738413866,0.5498248910389119
2.237,0.15136121609298095,0.5680845207080251
2.238,0.2805910648813127,0.5865635022832739
2.239,0.4449176686334474,0.6052019916917438
2.24,0.6693689858044294,0.6239357918503853
2.241,0.780429281377694,0.6426966762834164
2.242,0.9065303350245185,0.6614127390775529
2.243,1.0931278065168126,0.6800087692238397
2.244,1.1884291649012824,0.6984066472527676
2.245,1.216741060375485,0.7165257619391745
2.246,1.1281352771795867,0.7342834447361756
2.247,1.095843122153565,0.7515954194925846
2.248,1.1054290712626365,0.7683762649184712
2.249,0.9332431223356893,0.7845398871869997
2.25,0.7892949174041713,0.7999999999999973
2.251,0.7043468803826999,0.814670609398171
2.252,0.6042550997294992,0.8284665005667647
2.253,0.4543880935664758,0.8413037238723429
2.254,0.433902243378964,0.8531000773669895
2.255,0.4508379857817248,0.8637755830130425
2.256,0.398866035741907,0.873252953913136
2.257,0.5178942207064664,0.8814580498781501
2.258,0.5792413690746073,0.8883203187282577
2.259,0.7153723534538783,0.8937732207996928
2.26,0.875230631122625,0.8977546342218593
2.261,1.058349667618943,0.9002072386350154
2.262,1.1527013335240242,0.9010788751379222
2.263,1.2384438028563471,0.9003228803863499
2.264,1.3279360077725246,0.897898392906721
2.265,1.2978921207132443,0.8937706298439015
2.266,1.3330386935725915,0.8879111325264146
2.267,1.2896110973536945,0.8802979794066298
2.268,1.1322511670073618,0.8709159651152566
2.269,0.9907084322956689,0.8597567445589792
2.27,0.8617565553142096,0.8468189411856111
2.271,0.6119117945193634,0.8321082187413206
2.272,0.5726066507816034,0.8156373160492708
2.273,0.557443829227001,0.7974260445459371
2.274,0.3446187673426589,0.7775012485200674
2.275,0.3011317268596178,0.755896728208271
2.276,0.3344219737810108,0.7326531261098455
2.277,0.4095734363483866,0.7078177770891732
2.278,0.45593987328345914,0.6814445230376819
2.279,0.4283115704537345,0.6535934930658278
2.28,0.6468668038956225,0.6243308503891444
2.281,0.8356633605376889,0.5937285072592824
2.282,0.8512648148720494,0.5618638094700512
2.283,0.8466927630770814,0.5288191921392236
2.284,0.9339304259377965,0.49468180862823374
2.285,0.858315644558338,0.4595431346119807
2.286,0.9007861293542953,0.4234985494507174
2.287,0.7124692410903485,0.3866468971427275
2.288,0.6165631381705343,0.34909002925121996
2.289,0.41567877968814115,0.31093233229910794
2.29,0.2504223199108913,0.2722802422128255
2.291,0.15363012683303157,0.23324174846734663
2.292,-0.06643918629260384,0.19392589064322255
2.293,-0.23198349627075965,0.15444225014699414
2.294,-0.35888411129476117,0.11490043987352447
2.295,-0.44945846485676133,0.07540959459921613
2.296,-0.441948792783715,0.036077864890017436
2.297,-0.36256736052356847,-0.002988082712632803
2.298,-0.266977569283538,-0.041683556500848526
2.299,-0.24137802589534962,-0.07990631872974978
2.3,-0.05473530642976701,-0.11755705045848615
2.301,-0.04418216899678909,-0.15453979957639027
2.302,0.0642204850331988,-0.19076240958321777
2.303,0.09473765185320385,-0.22613692680202824
2.304,0.20702591788992336,-0.2605799838256061
2.305,0.23988726742919392,-0.2940131571325888
2.306,0.03113945693978916,-0.32636329695557365
2.307,-0.0073516629180535795,-0.35756282764140934
2.308,-0.07245545949680604,-0.3875500169104487
2.309,-0.33508938598635235,-0.4162692125980447
2.31,-0.4210036893668532,-0.4436710456456918
2.311,-0.5599113577606553,-0.46971259830023254
2.312,-0.7557317476331933,-0.494357536675859
2.313,-0.8596233316670865,-0.5175762070359424
2.314,-0.8968850322437864,-0.5393456953560611
2.315,-0.9317127877733224,-0.5596498499373683
2.316,-1.0089333879022282,-0.5784792670480211
2.317,-0.9811840012195604,-0.5958312397788745
2.318,-0.9130122384819278,-0.6117096705073761
2.319,-0.7261040290202657,-0.6261249475686932
2.32,-0.6939648092460217,-0.6390937869343829
2.321,-0.5216843539474331,-0.6506390398965547
2.322,-0.3921785135763916,-0.6607894679461741
2.323,-0.32564193925872637,-0.6695794862186927
2.324,-0.23788063412325952,-0.6770488770568367
2.325,-0.1306619426760223,-0.6832424754077326
2.326,-0.26509833921043247,-0.6882098279293845
2.327,-0.3453634054570419,-0.6920048278286657
2.328,-0.3895686910811484,-0.6946853275880717
2.329,-0.5476717386274952,-0.696312731861993
2.33,-0.6393781420844669,-0.6969515729329268
2.331,-0.8291392138906347,-0.696669071214707
2.332,-0.9699749752222968,-0.6955346833718556
2.333,-1.1290262836843483,-0.6936196406918222
2.334,-1.1837613004844372,-0.6909964803991411
2.335,-1.2111665202549151,-0.687738572637831
2.336,-1.0967215115513975,-0.6839196458699361
2.337,-1.0981609401071402,-0.6796133134437196
2.338,-0.8891728729705335,-0.6748926040756971
2.339,-0.8076772838392189,-0.6698294989647269
2.34,-0.6742619549798546,-0.6644944782157782
2.341,-0.5536526347341143,-0.6589560791947012
2.342,-0.3638867559015376,-0.6532804693639832
2.343,-0.3156533013771332,-0.6475310360641475
2.344,-0.2532076834353585,-0.6417679956053725
2.345,-0.13851402709673832,-0.6360480239209523
2.346,-0.1882636321443286,-0.6304239109081462
2.347,-0.2702837701049393,-0.6249442404437334
2.348,-0.3294924149914019,-0.6196530979123662
2.349,-0.47517488453257806,-0.6145898069256922
2.35,-0.5944681707229387,-0.6097886967409694
2.351,-0.777010465273377,-0.6052789017096516
2.352,-0.7827716130762116,-0.6010841939010444
2.353,-0.9844652960296161,-0.597222849853829
2.354,-0.959442331465644,-0.5937075522108196
2.355,-1.0481000807626353,-0.5905453267904562
2.356,-0.9834290631502399,-0.5877375154436202
2.357,-0.9199684923450122,-0.5852797848373599
2.358,-0.8017914644250468,-0.583162171099429
2.359,-0.7540517558055367,-0.5813691600502314
2.36,-0.5368543864917849,-0.5798798025429199
2.361,-0.3657526227242668,-0.5786678642294756
2.362,-0.3235463645094855,-0.5777020088714407
2.363,-0.21150012396544052,-0.5769460141198606
2.364,-0.16932145186756506,-0.5763590185011809
2.365,-0.1397532482523615,-0.5758957981649575
2.366,-0.07907472748683327,-0.5755070717769526
2.367,-0.25125156535427917,-0.5751398317778017
2.368,-0.34791908941686756,-0.5747377000744601
2.369,-0.37074762116419235,-0.5742413060894629
2.37,-0.5486067479275104,-0.5735886849630181
2.371,-0.6269585310921945,-0.5727156935851488
2.372,-0.8540773510753729,-0.5715564420307544
2.373,-0.9290501398594441,-0.5700437378802146
2.374,-1.0225120509152366,-0.568109540831544
2.375,-1.0099533782033268,-0.5656854249492346
2.376,-1.0616423460727367,-0.5627030458485434
2.377,-0.8957540752856076,-0.5590946100830744
2.378,-0.8063577441807197,-0.5547933439888273
2.379,-0.6910937932051286,-0.5497339592377918
2.38,-0.559467685354929,-0.5438531123709133
2.381,-0.4338223676379218,-0.5370898556118912
2.382,-0.23577419629741822,-0.5293860763103504
2.383,-0.20347287438505662,-0.5206869224256498
2.384,-0.06248994272472096,-0.5109412115395097
2.385,0.03287623481499943,-0.5001018209773789
2.386,-0.0007297648451121061,-0.4881260567236909
2.387,-0.17112346917324284,-0.4749759989351532
2.388,-0.2175849808690108,-0.46061882198690995
2.389,-0.28911141003917357,-0.4450270871301404
2.39,-0.4309902828737576,-0.4281790059931664
2.391,-0.6050925495227418,-0.4100586733227076
2.392,-0.6397469930080368,-0.3906562675353587
2.393,-0.7344265411042316,-0.3699682178308831
2.394,-0.6993997527965746,-0.34799733680790845
2.395,-0.7848820658225344,-0.32475291771783643
2.396,-0.6815060926119746,-0.3002507956922141
2.397,-0.6892545560773912,-0.27451337248345276
2.398,-0.553193339912472,-0.2475696044650178
2.399,-0.3296461229217715,-0.21945495384544184
2.4,-0.14686207203472618,-0.19021130325903352
2.401,-0.05912489567869497,-0.1598868341044034
2.402,0.13693059058416954,-0.1285358692068008
2.403,0.21257579994364234,-0.09621868058391825
2.404,0.3577253759885919,-0.06300126329200492
2.405,0.4545218349019826,-0.02895507652298246
2.406,0.4164203390583666,0.005843246691002585
2.407,0.3954084788613394,0.04131221963037948
2.408,0.2966773977927539,0.0773658501929568
2.409,0.22703732640828714,0.11391401548452161
2.41,0.22118729732818052,0.15086286067961446
2.411,0.05197456819753083,0.18811521999757366
2.412,-0.07902461668480515,0.2255710575128287
2.413,-0.11352060006109373,0.2631279254043468
2.414,-0.19119110003030992,0.30068143714918294
2.415,-0.15244063460683843,0.3381257530787701
2.416,0.0017922328744401708,0.37535407564540924
2.417,0.04250220724474932,0.4122591516889585
2.418,0.2598596224658838,0.4487337789534373
2.419,0.34179975306819904,0.48467131407675973
2.42,0.5185270314192896,0.5199661792669468
2.421,0.7192077786942174,0.5545143648838089
2.422,0.7458137854092665,0.5882139251663951
2.423,0.9932206847980805,0.6209654643832195
2.424,1.0786885835455797,0.6526726107352049
2.425,1.1926840311483313,0.6832424754077255
2.426,1.1791487023503753,0.7125860942510179
2.427,1.0593288297109813,0.7406188496641355
2.428,1.0814497786445574,0.7672608703678485
2.429,0.9210024733202512,0.7924374068747192
2.43,0.7799010515484707,0.8160791806003614
2.431,0.7069491872727715,0.8381227047066423
2.432,0.5858964371676358,0.8585105749257906
2.433,0.5746726938741484,0.8771917287817227
2.434,0.4797711206085703,0.8941216718017493
2.435,0.4674890263318703,0.9092626694964301
2.436,0.5306343550582197,0.9225839040768165
2.437,0.6137188123302556,0.9340615950752978
2.438,0.7105199234790015,0.9436790832387192
2.439,0.8691477687112533,0.951426877267383
2.44,0.9816499596984035,0.9573026631818591
2.441,1.1070749823659907,0.9613112763082081
2.442,1.2775348820966403,0.9634646360814797
2.443,1.324203445940637,0.9637816440751802
2.444,1.391593338856539,0.9622880458699424
2.445,1.47787933426839,0.9590162575765135
2.446,1.4468575554767822,0.954005158025757
2.447,1.3110304630214775,0.9472998478296868
2.448,1.1853126771417761,0.9389513767023874
2.449,1.12660102808355,0.9290164406064776
2.45,0.9495737847750617,0.9175570504584925
2.451,0.7782057769839816,0.9046401742848454
2.452,0.6129590829277273,0.8903373548669193
2.453,0.5239345207297816,0.8747243050499074
2.454,0.42903671228469287,0.8578804830130253
2.455,0.36331512272616046,0.8398886499090803
2.456,0.39802067318868084,0.8208344123780088
2.457,0.44736506687810174,0.8008057525212438
2.458,0.5003733817831852,0.7798925479915705
2.459,0.6552814649812457,0.758186084905602
2.46,0.7873318620156874,0.7357785663232645
2.461,0.8906161742754265,0.7127626190605049
2.462,0.9426842297302063,0.6892308016071343
2.463,1.0595656235485544,0.6652751159122829
2.464,1.0720804140053877,0.640986525774163
2.465,1.0170246453877203,0.6164544845303583
2.466,1.0466510821609494,0.5917664746882366
2.467,0.9369104751712382,0.5670075620642311
2.468,0.9105052505291608,0.5422599669147672
2.469,0.7149511364419555,0.5176026544420715
2.47,0.5215569532221465,0.49311094694479507
2.471,0.33976533233989664,0.4688561597571186
2.472,0.18695078965259518,0.4449052629819022
2.473,0.017115347260096357,0.42132057087412444
2.474,-0.09937546085058215,0.39815946057023566
2.475,-0.10942824267305684,0.3754741216902058
2.476,-0.07657277489961489,0.3533113381600227
2.477,-0.11656691517973837,0.33171230341735297
2.478,0.02443623474781859,0.31071246997031243
2.479,0.14137926528794625,0.29034143408162083
2.48,0.2620057940089324,0.27062285614832604
2.481,0.36416312068354517,0.2515744171423751
2.482,0.48405062222592654,0.23320781126955872
2.483,0.6485421753905054,0.2155287747968199
2.484,0.6529983943824912,0.19853715079004722
2.485,0.6098149582225122,0.18222698929843822
2.486,0.5918282031164773,0.16658668231814983
2.487,0.5145242467112802,0.15159913266866604
2.488,0.37102710190244237,0.1372419557204192
2.489,0.23178015148359543,0.12348771272459882
2.49,0.15072513512726937,0.11030417431422071
2.491,-0.05819440999616846,0.09765461257324407
2.492,-0.22279309910632578,0.08549811990652902
2.493,-0.29199330844141613,0.07378995279008971
2.494,-0.3607731438692789,0.06248189833839027
2.495,-0.47738550747251196,0.0515226614952415
2.496,-0.3887470161094705,0.04085827053604055
2.497,-0.2989059516298729,0.030432498464934413
2.498,-0.22626689031141378,0.020187297799304667
2.499,-0.03980259670399146,0.010063246156916448
2.5,0.050044379292497464,-4.704624446762919e-15
2.501,0.18695176230186064,-0.010063246156908796
2.502,0.35631950316885064,-0.02018729779929701
2.503,0.3639513994747712,-0.03043249846493807
2.504,0.3936399701140921,-0.04085827053603288
2.505,0.4374269502420083,-0.05152266149524501
2.506,0.3431240766586314,-0.06248189833839371
2.507,0.29457514745842733,-0.07378995279008191
2.508,0.1530961379019309,-0.0854981199065322
2.509,0.05732241719802821,-0.09765461257324709
2.51,-0.13638053783496462,-0.11030417431421283
2.511,-0.2900225001878009,-0.12348771272460152
2.512,-0.3852063875278031,-0.13724195572041117
2.513,-0.521165237768603,-0.151599132668658
2.514,-0.6716629600796373,-0.166586682318152
2.515,-0.6904492661509137,-0.1822269892984301
2.516,-0.672403242781318,-0.19853715079004897
2.517,-0.6149052985101239,-0.21552877479682145
2.518,-0.4811342416220459,-0.23320781126955048
2.519,-0.3818745107282267,-0.25157441714237616
2.52,-0.2280116812803536,-0.2706228561483268
2.521,-0.1211717136952156,-0.2903414340816125
2.522,-0.003332988191398316,-0.31071246997031277
2.523,0.056681191709769964,-0.3317123034173446
2.524,0.0830512665364591,-0.35331133816001437
2.525,0.11849994800130084,-0.3754741216902054
2.526,0.06659248343220464,-0.3981594605702272
2.527,-0.042219108703240305,-0.4213205708741162
2.528,-0.12955902461589208,-0.44490526298190125
2.529,-0.4236300419885257,-0.4688561597571105
2.53,-0.5047294739103609,-0.4931109469447936
2.531,-0.6688919205369092,-0.5176026544420699
2.532,-0.7606560153471009,-0.5422599669147594
2.533,-0.868209409654915,-0.5670075620642291
2.534,-1.0777490818294575,-0.5917664746882345
2.535,-1.01000779756438,-0.6164544845303509
2.536,-1.1158197655480253,-0.6409865257741608
2.537,-1.074981373203428,-0.665275115912276
2.538,-0.9631055932318708,-0.6892308016071276
2.539,-0.8645485254145309,-0.7127626190605023
2.54,-0.7981152575119379,-0.7357785663232584
2.541,-0.5931333184971799,-0.7581860849055994
2.542,-0.48821308747090353,-0.7798925479915678
2.543,-0.3945864412059478,-0.8008057525212386
2.544,-0.410197193236294,-0.820834412378006
2.545,-0.39147195850797545,-0.8398886499090775
2.546,-0.43112213727629606,-0.8578804830130212
2.547,-0.4431468399224443,-0.8747243050499048
2.548,-0.7392037826406335,-0.890337354866916
2.549,-0.8038603007756769,-0.9046401742848427
2.55,-0.9173354167468089,-0.91755705045849
2.551,-1.1114968974718564,-0.9290164406064756
2.552,-1.2137875545248684,-0.9389513767023858
2.553,-1.316400516753192,-0.9472998478296848
2.554,-1.4082880347102649,-0.9540051580257566
2.555,-1.4064375005324048,-0.9590162575765118
2.556,-1.365137507092445,-0.9622880458699409
2.557,-1.3372899493451462,-0.9637816440751813
2.558,-1.2460957889718431,-0.9634646360814785
2.559,-1.106999520443051,-0.9613112763082103
2.56,-0.9576001170476994,-0.9573026631818617
2.561,-0.8819820124120515,-0.9514268772673823
2.562,-0.6607135629886793,-0.943679083238723
2.563,-0.5880439967844358,-0.9340615950753022
2.564,-0.44414706875155074,-0.9225839040768165
2.565,-0.4356205304707364,-0.9092626694964354
2.566,-0.4193435833001454,-0.8941216718017496
2.567,-0.553574233061622,-0.8771917287817232
2.568,-0.6088626770416754,-0.8585105749257975
2.569,-0.7487633967362005,-0.8381227047066432
2.57,-0.8442868289575166,-0.8160791806003626
2.571,-0.8814108373631353,-0.7924374068747274
2.572,-0.9722646107825801,-0.76726087036785
2.573,-1.1506018289250584,-0.7406188496641446
2.574,-1.1588926333165253,-0.7125860942510274
2.575,-1.1362903022886852,-0.6832424754077272
2.576,-1.0572238173956432,-0.6526726107352151
2.577,-1.0554155223934119,-0.6209654643832216
2.578,-0.9168372919591581,-0.5882139251663974
2.579,-0.673986966597619,-0.5545143648838201
2.58,-0.5979277220236388,-0.5199661792669491
2.581,-0.36348556285356964,-0.4846713140767619
2.582,-0.17774674307951088,-0.4487337789534491
2.583,-0.031574865422903595,-0.4122591516889608
2.584,0.04695263286564597,-0.3753540756454214
2.585,0.09724397815931639,-0.3381257530787824
2.586,0.16107682957229505,-0.30068143714918516
2.587,0.11233795911897416,-0.26312792540435936
2.588,0.013051641140685969,-0.2255710575128413
2.589,-0.04754865666153783,-0.18811521999757563
2.59,-0.13553609977335077,-0.15086286067962715
2.591,-0.18424217329521048,-0.11391401548452333
2.592,-0.3104162669929173,-0.07736585019295839
2.593,-0.35678759286096395,-0.041312219630392
2.594,-0.45824297487580823,-0.005843246691003889
2.595,-0.44201223972722997,0.028955076522970136
2.596,-0.3743893687533494,0.06300126329199272
2.597,-0.27358187275034523,0.0962186805839175
2.598,-0.17628849263695767,0.1285358692067889
2.599,0.0714665316979602,0.1598868341043917
2.6,0.2255453687694027,0.19021130325903338
2.601,0.34628548686210814,0.2194549538454306
2.602,0.5377413939571904,0.2475696044650181
2.603,0.6474869864723638,0.2745133724834533
2.604,0.7570193472622762,0.30025079569220353
2.605,0.7209806327768122,0.32475291771783743
2.606,0.7701463262128363,0.34799733680790956
2.607,0.7317043241833505,0.36996821783087336
2.608,0.6801053150514199,0.3906562675353603
2.609,0.5239788167441221,0.4100586733226985
2.61,0.32818177702990015,0.4281790059931576
2.611,0.2627014509540926,0.4450270871301426
2.612,0.1936735390268512,0.46061882198690174
2.613,0.11347372048655457,0.4749759989351453
2.614,0.12750054929587679,0.4881260567236936
2.615,0.07341167860369571,0.5001018209773718
2.616,0.08622699037596247,0.5109412115395127
2.617,0.1553336238856835,0.5206869224256528
2.618,0.3090500480654929,0.529386076310344
2.619,0.3744277900568835,0.5370898556118945
2.62,0.5382417608612915,0.5438531123709075
2.621,0.6452212819009827,0.5497339592377861
2.622,0.8760529494682533,0.5547933439888308
2.623,0.9388522150318851,0.5590946100830693
2.624,0.9623775463412112,0.5627030458485386
2.625,1.0111072245365058,0.5656854249492381
2.626,1.0164710036926181,0.5681095408315397
2.627,0.9240726288400716,0.5700437378802179
2.628,0.8146809806938549,0.5715564420307576
2.629,0.6856023936144899,0.5727156935851451
2.63,0.5871471609326626,0.5735886849630212
2.631,0.4208614874523633,0.574241306089466
2.632,0.2920840271522995,0.574737700074457
2.633,0.15763971410687008,0.5751398317778046
2.634,0.15063726250522333,0.5755070717769497
2.635,0.1186468606132785,0.5758957981649548
2.636,0.13551765222269185,0.5763590185011832
2.637,0.2208391937506895,0.5769460141198582
2.638,0.34311873584926905,0.5777020088714384
2.639,0.46767283563832474,0.5786678642294774
2.64,0.6019889425789066,0.5798798025429178
2.641,0.7107999963735233,0.5813691600502329
2.642,0.8249856011933828,0.58316217109943
2.643,0.907580806653176,0.5852797848373581
2.644,0.9919866874829248,0.5877375154436209
2.645,1.0413313305959175,0.5905453267904548
2.646,0.9902315396775491,0.5937075522108183
2.647,0.9651227828872769,0.5972228498538288
2.648,0.8269692903161778,0.6010841939010432
2.649,0.6778968736180971,0.6052789017096507
2.65,0.6425649415755669,0.6097886967409684
2.651,0.456555575642343,0.6145898069256915
2.652,0.32166838825176924,0.6196530979123648
2.653,0.2171327073230916,0.6249442404437318
2.654,0.21936991756455174,0.6304239109081459
2.655,0.24104433237966896,0.6360480239209503
2.656,0.1976696088323088,0.6417679956053703
2.657,0.27485085360892125,0.6475310360641477
2.658,0.43164237942793043,0.6532804693639807
2.659,0.4474806035516372,0.6589560791947017
2.66,0.7431692239323253,0.6644944782157789
2.661,0.9066511585264887,0.6698294989647238
2.662,0.8311424664304894,0.6748926040756982
2.663,1.039770831755756,0.6796133134437164
2.664,1.0831371969279746,0.6839196458699329
2.665,1.1271477018016436,0.6877385726378329
2.666,1.1022365099473181,0.6909964803991377
2.667,1.090147652099719,0.6936196406918188
2.668,0.9555352506247146,0.6955346833718585
2.669,0.7992904301154419,0.6966690712147037
2.67,0.6900641664811414,0.6969515729329301
2.671,0.5778464538717876,0.6963127318619967
2.672,0.3828331109458251,0.6946853275880684
2.673,0.2620978328011338,0.69200482782867
2.674,0.3399441076299791,0.6882098279293892
2.675,0.20754540821939219,0.6832424754077296
2.676,0.24357932524724235,0.677048877056842
2.677,0.28961002251693807,0.6695794862186899
2.678,0.4182096125778364,0.6607894679461717
2.679,0.582492989351462,0.6506390398965614
2.68,0.6622911406035821,0.6390937869343807
2.681,0.7044479891358506,0.6261249475687006
2.682,0.8208480969586708,0.6117096705073839
2.683,0.9439302962345004,0.595831239778873
2.684,0.9957253713995206,0.5784792670480297
2.685,0.9407717991555131,0.5596498499373771
2.686,1.000094764495858,0.5393456953560601
2.687,0.8381810321894246,0.517576207035952
2.688,0.8185929626924722,0.4943575366758584
2.689,0.6815955496571581,0.46971259830023215
2.69,0.4337409043404413,0.44367104564570237
2.691,0.2947704707460758,0.4162692125980447
2.692,0.07376876449545658,0.3875500169104489
2.693,0.018452233231854204,0.3575628276414209
2.694,-0.12153983231462052,0.3263632969555742
2.695,-0.19947625573093336,0.2940131571326008
2.696,-0.1789688480373069,0.26057998382561837
2.697,-0.1565506410029197,0.2261369268020294
2.698,-0.08674733006854857,0.1907624095832304
2.699,0.053469348220307106,0.1545397995764031
2.7,0.0861447467530787,0.11755705045848773
2.701,0.28836488618945827,0.07990631872976288
2.702,0.25318453471945646,0.04168355650085036
2.703,0.431662941108507,0.002988082712634732
2.704,0.3512371425665624,-0.036077864890004155
2.705,0.3745498760993213,-0.07540959459921406
2.706,0.2934671479201913,-0.11490043987351116
2.707,0.1958662504602424,-0.1544422501469809
2.708,0.10263176234259291,-0.19392589064322036
2.709,-0.034191029109474774,-0.23324174846733353
2.71,-0.22465925401460224,-0.2722802422128125
2.711,-0.4661842330614667,-0.3109323322991058
2.712,-0.6062231838866415,-0.34909002925120736
2.713,-0.7819876595581855,-0.38664689714272543
2.714,-0.8911359942865202,-0.4234985494507154
2.715,-0.9553951708411155,-0.45954313461196866
2.716,-0.940160173240406,-0.49468180862823197
2.717,-0.8828926143673346,-0.528819192139222
2.718,-0.9028397793916955,-0.56186380947004
2.719,-0.7346403028312711,-0.593728507259281
2.72,-0.5636898454071424,-0.6243308503891339
2.721,-0.4696594028341218,-0.6535934930658178
2.722,-0.4403485225671352,-0.681444523037681
2.723,-0.39963504599175254,-0.7078177770891638
2.724,-0.2862844815184206,-0.732653126109845
2.725,-0.3985938582165707,-0.7558967282082707
2.726,-0.3051196515519263,-0.7775012485200596
2.727,-0.44191189539252373,-0.7974260445459372
2.728,-0.4778819396945757,-0.815637316049271
2.729,-0.7621291906956571,-0.832108218741314
2.73,-0.8100930921773042,-0.8468189411856117
2.731,-1.0028347455002682,-0.8597567445589737
2.732,-1.1486613499057847,-0.8709159651152516
2.733,-1.2991493654838668,-0.880297979406631
2.734,-1.2920566485907556,-0.8879111325264104
2.735,-1.3167251344528237,-0.893770629843898
2.736,-1.254468713160899,-0.8978983929067227
2.737,-1.2240585173406395,-0.9003228803863473
2.738,-1.1893380518277568,-0.9010788751379243
2.739,-1.0794193894484383,-0.9002072386350176
2.74,-0.9524942915627015,-0.8977546342218581
2.741,-0.6957865995053946,-0.8937732207996952
2.742,-0.6549439265677703,-0.8883203187282602
2.743,-0.45819120765058113,-0.8814580498781504
2.744,-0.42427463994582787,-0.8732529539131388
2.745,-0.40057946774928516,-0.8637755830130436
2.746,-0.4373993775365895,-0.8531000773669909
2.747,-0.4508191598835069,-0.8413037238723459
2.748,-0.5645819675486734,-0.828466500566767
2.749,-0.6903814935882016,-0.8146706093981739
2.75,-0.7721598085340683,-0.8000000000000003
2.751,-0.9293564190245656,-0.7845398871870031
2.752,-1.0648130195996277,-0.768376264918474
2.753,-1.0916599959429056,-0.7515954194925875
2.754,-1.1648183032941493,-0.7342834447361797
2.755,-1.146969361468865,-0.7165257619391772
2.756,-1.1445364739197705,-0.6984066472527721
2.757,-1.0924312688798044,-0.6800087692238445
2.758,-0.8565131441085952,-0.6614127390775553
2.759,-0.719889867321608,-0.6426966762834215
2.76,-0.588584393399921,-0.6239357918503906
2.761,-0.48165677163795517,-0.6052019916917455
2.762,-0.3340728576781257,-0.5865635022832796
2.763,-0.14873377540345653,-0.5680845207080264
2.764,-0.13600266020879995,-0.5498248910389129
2.765,-0.10714205031138327,-0.5318398088574914
2.766,-0.011314736185495652,-0.5141795555437702
2.767,-0.13473872359551053,-0.4968892637996801
2.768,-0.14476833901581104,-0.48000871568797976
2.769,-0.38045020323923184,-0.46357217428031716
2.77,-0.4268808545029141,-0.4476082498143078
2.771,-0.48835414455983595,-0.43213980105979255
2.772,-0.6804972061372376,-0.4171838723919994
2.773,-0.7773694940222462,-0.40275166686279584
2.774,-0.8635340643909564,-0.3888485553541957
2.775,-0.7821803995127967,-0.37547412169020655
2.776,-0.8214027990145276,-0.3626222433760664
2.777,-0.7181311972729942,-0.3502812074286673
2.778,-0.6523173152835403,-0.33843386056021696
2.779,-0.40383965624379004,-0.32705779277894875
2.78,-0.26993014084981287,-0.31612555327882164
2.781,-0.16781063980390115,-0.305604897304128
2.782,-0.07712165638819501,-0.2954590624963481
2.783,0.1398468563770679,-0.28564707306137305
2.784,0.1372140933163949,-0.27612406993452565
2.785,0.1389501413960072,-0.2668416649712921
2.786,0.0997423947805181,-0.2577483170533995
2.787,0.08942931432005424,-0.24878972787292497
2.788,-0.03359141641385672,-0.23990925504428187
2.789,-0.11690352608556466,-0.23104834009334627
2.79,-0.1923705994392166,-0.22214694878709743
2.791,-0.3672176752231387,-0.21314402119543055
2.792,-0.45425355706759485,-0.20397792882055837
2.793,-0.5875779699375016,-0.19458693608747943
2.794,-0.6102783331418838,-0.18490966346363233
2.795,-0.5480495165817185,-0.17488554946515936
2.796,-0.6063701842667865,-0.16445530881288972
2.797,-0.5022418539861623,-0.15356138402224564
2.798,-0.46927284037811806,-0.1421483877477538
2.799,-0.20841693582683582,-0.13016353325476276
2.8,-0.13664531561631887,-0.11755705045849604
2.801,0.07679640841361501,-0.10428258505138789
2.802,0.16927857336494936,-0.09029757833631682
2.803,0.31295719657715504,-0.07556362549240717
2.804,0.39476911929852176,-0.06004681012273763
2.805,0.3881843733512754,-0.043718013068215905
2.806,0.44509849614487995,-0.026553193618416543
2.807,0.3251646115020596,-0.008533641406952341
2.808,0.30597453488604065,0.010353802553308311
2.809,0.15356599276676908,0.03011655706472649
2.81,0.06473846329948323,0.05075614535421891
2.811,-0.0852692934706769,0.07226807409223177
2.812,-0.16786257692369816,0.09464174761961514
2.813,-0.2891849775566888,0.11786041797970898
2.814,-0.27617198179720653,0.1419011711480595
2.815,-0.28149753695572277,0.1667349496458938
2.816,-0.25725496298101114,0.19232661151471164
2.817,-0.14762374070259884,0.21863502542172167
2.818,-0.013529983025865644,0.2456132014590111
2.819,0.10949652739540017,0.2732084569947131
2.82,0.2962122737043399,0.30136261673356457
2.821,0.4288478157811429,0.3300122459482061
2.822,0.7174216007417882,0.3590889156517334
2.823,0.7949418921761953,0.3885194982991436
2.824,0.8571256889871349,0.4182264924290565
2.825,0.9450128915898162,0.4481283744907483
2.826,0.8269453092103232,0.4781399759448648
2.827,0.7699233415354486,0.5081728835800673
2.828,0.7866675819148277,0.5381358608531854
2.829,0.6518503696637415,0.5679352879391129
2.83,0.588011397089045,0.5974756180669867
2.831,0.495828465779657,0.62665984762459
2.832,0.4277032138333759,0.6553899974313621
2.833,0.2739793956747288,0.6835676025144888
2.834,0.2991040027846153,0.711094207671043
2.835,0.28844745378963965,0.7378718660635504
2.836,0.34972857814019137,0.7638036380756948
2.837,0.4039455621517919,0.7887940876506503
2.838,0.6035718154083856,0.8127497733455017
2.839,0.6923817379561299,0.8355797313620366
2.84,0.9281632367966133,0.8571959478564589
2.841,0.9849559192098958,0.8775138178884115
2.842,1.1906690455716524,0.8964525884418236
2.843,1.2756066912841453,0.9139357830378477
2.844,1.3447573412266722,0.9298916055605295
2.845,1.419545934649969,0.944253321031267
2.846,1.3729681043602482,0.9569596111950193
2.847,1.2255339369036171,0.9679549029211929
2.848,1.1191783061775429,0.9771896675728688
2.849,1.1745752235395128,0.9846206896594772
2.85,1.039421641574219,0.9902113032590298
2.851,0.9303675852570382,0.9939315948755201
2.852,0.7305540781213005,0.9957585715841903
2.853,0.5799132539624378,0.9956762935110992
2.854,0.5489171838534781,0.9936759698923457
2.855,0.5402129987762172,0.9897560181617646
2.856,0.5156651244180493,0.9839220857222836
2.857,0.678072375714871,0.9761870342646365
2.858,0.7916476383605199,0.9665708867063791
2.859,0.8351743175933602,0.95510073703288
2.86,0.941376073661395,0.941810623529329
2.861,1.0140003344270694,0.9267413660972827
2.862,1.2363010879276488,0.9099403685497666
2.863,1.2585713068771849,0.89146138697451
2.864,1.2877731218408397,0.871364265444454
2.865,1.3189616040834111,0.8497146405364298
2.866,1.231130587466479,0.8265836162932308
2.867,1.1719800658221053,0.8020474114285097
2.868,0.9829916702265568,0.7761869807287705
2.869,0.931628747788614,0.7490876127498338
2.87,0.7166620643914281,0.7208385060368953
2.871,0.5988267131726139,0.6915323262159639
2.872,0.38871593576525,0.6612647464105097
2.873,0.26062833770841937,0.6301339735285185
2.874,0.12177213357820948,0.5982402630427124
2.875,0.14607570386996319,0.5656854249492375
2.876,0.0695632931436343,0.5325723236373751
2.877,0.11548983203805285,0.4990043744347779
2.878,0.20062356352076527,0.46508503960908054
2.879,0.2967086464858148,0.4309173266069766
2.88,0.3283594136883216,0.39660329129704786
2.881,0.49206896180071974,0.3622435489515345
2.882,0.6242493679334254,0.3279367956560445
2.883,0.6427034688627283,0.2937793427749472
2.884,0.6788508291875309,0.2598646670232408
2.885,0.6827792206396192,0.2262829786059101
2.886,0.6160578248113556,0.19312080978041699
2.887,0.48329765345373055,0.16046062608050607
2.888,0.3914299808935306,0.12838046230858616
2.889,0.2757741595313084,0.09695358526233183
2.89,0.024201147116041696,0.06624818500675575
2.891,-0.11770982670812195,0.03632709634006073
2.892,-0.3125210645605709,0.007247551928419332
2.893,-0.347341401045485,-0.02093903159639454
2.894,-0.4798569940770911,-0.04818723347075435
2.895,-0.5584657589976977,-0.07445777365346312
2.896,-0.5240024303164078,-0.09971762198931479
2.897,-0.5361417272383693,-0.12394007117381964
2.898,-0.45294795800811927,-0.14710477321811988
2.899,-0.3666607279832476,-0.16919773932043108
2.9,-0.23288247276135368,-0.19021130325903213
2.901,-0.016792897800696233,-0.21014404862938518
2.902,0.00617792982661438,-0.22900070045370635
2.903,0.13591467048125677,-0.24679198189353385
2.904,0.13098893853970772,-0.2635344369948755
2.905,0.20113112924318705,-0.2792502205873417
2.906,0.09296529564939657,-0.2939668566461566
2.907,0.05790979797512064,-0.307716966604084
2.908,-0.05392055334441795,-0.32053796927080436
2.909,-0.10030189325241659,-0.3324717541782302
2.91,-0.31834731880111383,-0.34356433032029965
2.911,-0.5166392604368047,-0.3538654523948931
2.912,-0.6005296317682431,-0.3634282267826431
2.913,-0.6508393682605766,-0.3723086996112864
2.914,-0.8737263053071261,-0.38056542935493576
2.915,-0.871958328207243,-0.38825904650449383
2.916,-0.8329031376146815,-0.3954518029173267
2.917,-0.7829482900660405,-0.40220711351162525
2.918,-0.6864027244777392,-0.4085890930129532
2.919,-0.6058890285790887,-0.41466209048665303
2.92,-0.3643319822589849,-0.42049022440100126
2.921,-0.34398361743131506,-0.4261369209609377
2.922,-0.17516960728479564,-0.4316644584315124
2.923,-0.031242648995467248,-0.437133520134621
2.924,-0.015834720703709945,-0.44260275875069294
2.925,-0.037304141166854585,-0.44812837449074383
2.926,-0.07973530354538963,-0.45376370962324014
2.927,-0.10470118211699843,-0.45955886174459715
2.928,-0.23133813717578847,-0.4655603180734061
2.929,-0.32454372178949725,-0.47181061292637555
2.93,-0.5344060563085349,-0.4783480103995567
2.931,-0.5917424321258834,-0.4852062141326567
2.932,-0.7522954884824604,-0.49241410587742623
2.933,-0.8564597061192056,-0.4999955144245818
2.934,-0.8783013774716649,-0.5079690162684343
2.935,-0.9838595891398308,-0.5163477692049563
2.936,-0.9821474799909697,-0.5251393798688146
2.937,-0.9203139986216812,-0.5343458060190633
2.938,-0.8161677204950136,-0.5439632941824845
2.939,-0.6966785963197448,-0.5539823530593765
2.94,-0.5976156723544476,-0.5643877628903828
2.941,-0.5170243834274924,-0.5751586207748969
2.942,-0.34420221822784314,-0.5862684217243318
2.943,-0.21923450090661747,-0.5976851750268132
2.944,-0.1759457907130062,-0.60937155529596
2.945,-0.12330290858267023,-0.6212850873757033
2.946,-0.12718346998604596,-0.6333783640774093
2.947,-0.251168297208189,-0.6455992955352434
2.948,-0.33808719955491234,-0.6578913887828441
2.949,-0.5004654368194015,-0.6701940559786946
2.95,-0.6140469793044624,-0.6824429495415052
2.951,-0.7595938243973992,-0.6945703223003276
2.952,-0.9329621673187658,-0.706505410618318
2.953,-1.0539772799267533,-0.7181748383150193
2.954,-1.165687758300465,-0.7295030390901418
2.955,-1.1920661862816933,-0.7404126950431369
2.956,-1.1923141143747207,-0.7508251887878971
2.957,-1.0998686496136987,-0.7606610665807525
2.958,-1.0631577948402202,-0.7698405098142396
2.959,-0.9249857080374301,-0.7782838121775093
2.96,-0.8801186551561162,-0.7859118597489806
2.961,-0.5846653680066423,-0.7926466112662602
2.962,-0.5427271955858766,-0.7984115758140662
2.963,-0.42085142021988214,-0.8031322851820897
2.964,-0.3204498580502073,-0.8067367581714745
2.965,-0.34714421667338874,-0.8091559541710359
2.966,-0.32457503296539175,-0.8103242133819438
2.967,-0.4957915461594103,-0.8101796811420771
2.968,-0.44826628677294567,-0.8086647138884644
2.969,-0.6231842089889501,-0.8057262643972297
2.97,-0.7929481443556963,-0.8013162440551191
2.971,-0.8774463342077331,-0.7953918600439892
2.972,-1.0991646844305312,-0.7879159254593592
2.973,-1.1544593831541168,-0.7788571405346255
2.974,-1.1383957597807484,-0.7681903433040183
2.975,-1.2805791354440643,-0.7558967282082658
2.976,-1.1475211526603533,-0.7419640313258891
2.977,-1.0691572821754152,-0.7263866811004971
2.978,-0.8949002444862753,-0.7091659136275885
2.979,-0.8926857160207686,-0.6903098517631455
2.98,-0.6054483052383809,-0.669833547519633
2.981,-0.5310801696782913,-0.6477589874210437
2.982,-0.37749207556167275,-0.6241150606968331
2.983,-0.28376001841342197,-0.598937490403769
2.984,-0.18780737693855468,-0.5722687277727015
2.985,-0.07801691638668976,-0.5441578102848467
2.986,-0.13117802844440868,-0.5146601841859564
2.987,-0.09016847153214459,-0.4838374923469883
2.988,-0.21377260692224012,-0.45175732857506845
2.989,-0.32795666443309013,-0.41849295966788236
2.99,-0.4052353825401219,-0.38412301668569304
2.991,-0.4743205168880227,-0.3487311570895224
2.992,-0.5880031935661136,-0.31240569955724234
2.993,-0.6379284761797894,-0.2752392334443955
2.994,-0.6374553388581354,-0.23732820499875648
2.995,-0.6054756245044458,-0.1987724825691238
2.996,-0.6000541478432528,-0.15967490316685626
2.997,-0.5259673309364669,-0.12014080284469053
2.998,-0.34173711782228217,-0.08027753344760181
2.999,-0.16042563239261698,-0.040193968368085704
3.0,-0.05842901223891134,-1.0386985594806639e-14
3.001,0.14362728395647212,0.040193968368076316
3.002,0.3160134211406601,0.08027753344759246
3.003,0.4758855627645992,0.12014080284468123
3.004,0.5572089793545965,0.15967490316684707
3.005,0.6770541115729908,0.19877248256911473
3.006,0.6010983092732317,0.23732820499874752
3.007,0.5761081330253125,0.2752392334443867
3.008,0.5635535106284015,0.31240569955723374
3.009,0.4807626923926672,0.3487311570895141
3.01,0.32593726177138843,0.3841230166856848
3.011,0.2551653584932285,0.41849295966787436
3.012,0.17121221234667447,0.4517573285750608
3.013,0.1040479269973649,0.4838374923469809
3.014,0.09276001118471733,0.5146601841859493
3.015,0.0676946549078974,0.5441578102848399
3.016,0.20340674744020384,0.5722687277726952
3.017,0.2544080285243701,0.5989374904037629
3.018,0.32732715633954423,0.6241150606968273
3.019,0.5124817996870378,0.6477589874210383
3.02,0.6747941602638707,0.669833547519628
3.021,0.8779563582117909,0.690309851763141
3.022,0.9496539800025077,0.7091659136275843
3.023,1.1211378764780435,0.7263866811004933
3.024,1.1716136426900026,0.7419640313258856
3.025,1.2655593888662136,0.7558967282082628
3.026,1.247801433742416,0.7681903433040157
3.027,1.1507939601870356,0.7788571405346232
3.028,1.0419279841503077,0.7879159254593573
3.029,0.9547137438999226,0.7953918600439877
3.03,0.7940982429700687,0.8013162440551178
3.031,0.7338809011676282,0.8057262643972288
3.032,0.5473001534839295,0.808664713888464
3.033,0.429896328372839,0.810179681142077
3.034,0.36396417760617067,0.810324213381944
3.035,0.31063453076308795,0.8091559541710363
3.036,0.40102369096239865,0.8067367581714752
3.037,0.40627418960776923,0.8031322851820907
3.038,0.5778341423699391,0.7984115758140674
3.039,0.6018715616374862,0.7926466112662618
3.04,0.7910015177079213,0.7859118597489824
3.041,0.9633504099861389,0.7782838121775113
3.042,0.9482539907609071,0.7698405098142416
3.043,1.2054493358011937,0.7606610665807546
3.044,1.1617892132327898,0.7508251887878994
3.045,1.196056510329625,0.7404126950431394
3.046,1.1803364404436252,0.7295030390901445
3.047,1.1112776480283582,0.7181748383150218
3.048,0.9819641316803085,0.7065054106183206
3.049,0.8735233531173023,0.6945703223003304
3.05,0.7032057780584277,0.682442949541508
3.051,0.601571654111216,0.6701940559786974
3.052,0.41428112696542374,0.6578913887828469
3.053,0.36012706886185086,0.6455992955352462
3.054,0.24144608535410508,0.6333783640774122
3.055,0.09905508234497558,0.6212850873757061
3.056,0.2858402300986641,0.6093715552959629
3.057,0.21065376321900997,0.5976851750268157
3.058,0.38158681880075784,0.5862684217243344
3.059,0.43717271103095523,0.5751586207748995
3.06,0.6068313731944878,0.5643877628903855
3.061,0.6655008440934673,0.5539823530593789
3.062,0.8334964394376735,0.5439632941824868
3.063,0.8882758316720355,0.5343458060190657
3.064,1.01627493666524,0.5251393798688166
3.065,0.9838944959016386,0.5163477692049583
3.066,0.9733821542533286,0.5079690162684362
3.067,0.7774900870343806,0.4999955144245836
3.068,0.7534945622174916,0.49241410587742807
3.069,0.6406859270037165,0.4852062141326583
3.07,0.4872926066571523,0.47834801039955827
3.071,0.3711992540063268,0.471810612926377
3.072,0.18642078473626864,0.4655603180734074
3.073,0.09745269847727053,0.4595588617445984
3.074,0.07303734786703071,0.4537637096232414
3.075,-0.09301918564706912,0.44812837449074516
3.076,0.0382013464834126,0.4426027587506944
3.077,0.0597204796261573,0.43713352013462214
3.078,0.13066836991775643,0.4316644584315137
3.079,0.30054104246329577,0.426136920960939
3.08,0.4695882762733382,0.4204902244010026
3.081,0.5952854912147326,0.41466209048665437
3.082,0.6676879353082849,0.4085890930129547
3.083,0.801294399530805,0.40220711351162675
3.084,0.8581499511879869,0.3954518029173283
3.085,0.834764195684769,0.3882590465044956
3.086,0.7808176396082263,0.38056542935493765
3.087,0.7109569858350907,0.3723086996112884
3.088,0.661445724268987,0.36342822678264525
3.089,0.49123722731512354,0.3538654523948954
3.09,0.301717041531094,0.34356433032030215
3.091,0.12601959328911289,0.3324717541782329
3.092,0.08930786382302969,0.32053796927080724
3.093,-0.07821181775521939,0.30771696660408704
3.094,-0.12079306546040816,0.29396685664615996
3.095,-0.1211615031298898,0.2792502205873453
3.096,-0.21679797441207857,0.2635344369948793
3.097,-0.11907116079570437,0.24679198189353785
3.098,-0.042330428926664374,0.22900070045371065
3.099,0.08627611618581651,0.21014404862938973
3.1,0.23977770319588518,0.19021130325903693
3.101,0.25507731420269014,0.16919773932043608
3.102,0.4344000546979433,0.14710477321812518
3.103,0.5292586696423078,0.12394007117382518
3.104,0.520237971763871,0.09971762198932058
3.105,0.5189598939377442,0.07445777365346914
3.106,0.4929006405629774,0.04818723347076059
3.107,0.39878936218069366,0.02093903159640101
3.108,0.28054991589785505,-0.0072475519284126155
3.109,0.12518177218473975,-0.03632709634005382
3.11,-0.10552707723134956,-0.06624818500674864
3.111,-0.19640057282287265,-0.09695358526232462
3.112,-0.34621249935259407,-0.1283804623085787
3.113,-0.5170749578016184,-0.16046062608049852
3.114,-0.6808624543752162,-0.1931208097804093
3.115,-0.6808728068459059,-0.22628297860590224
3.116,-0.6800638642784316,-0.25986466702323285
3.117,-0.703620999755146,-0.2937793427749392
3.118,-0.6068456817307453,-0.3279367956560365
3.119,-0.5576759719225691,-0.36224354895152655
3.12,-0.3723116022975609,-0.3966032912970398
3.121,-0.28522146654214536,-0.4309173266069685
3.122,-0.2664130026700215,-0.46508503960907266
3.123,-0.12088813250273178,-0.49900437443476997
3.124,-0.10685724920015995,-0.5325723236373671
3.125,-0.0950288536390536,-0.5656854249492298
3.126,-0.18592612806009903,-0.5982402630427048
3.127,-0.2981355020894952,-0.6301339735285112
3.128,-0.4275951679372242,-0.6612647464105026
3.129,-0.5740014874091877,-0.691532326215957
3.13,-0.7200855021736119,-0.7208385060368886
3.131,-0.8822269216015235,-0.7490876127498273
3.132,-1.0483191393727056,-0.7761869807287644
3.133,-1.1830378408570905,-0.8020474114285038
3.134,-1.2686151793462617,-0.8265836162932253
3.135,-1.199405649116147,-0.8497146405364244
3.136,-1.330168703837186,-0.8713642654444491
3.137,-1.2778379147850631,-0.8914613869745056
3.138,-1.0426895677466723,-0.9099403685497623
3.139,-1.0489584814676156,-0.9267413660972791
3.14,-0.9970098501654622,-0.9418106235293258
3.141,-0.7823356014050545,-0.955100737032877
3.142,-0.7384690787428094,-0.9665708867063766
3.143,-0.5757669264837075,-0.9761870342646346
3.144,-0.5643851445642779,-0.9839220857222821
3.145,-0.5573478521413396,-0.9897560181617634
3.146,-0.5013339388064159,-0.9936759698923451
3.147,-0.6089625919359862,-0.9956762935110988
3.148,-0.6923356305546238,-0.9957585715841906
3.149,-0.837477160226008,-0.9939315948755206
3.15,-1.0079890842107615,-0.990211303259031
3.151,-1.099224160317829,-0.9846206896594788
3.152,-1.193324415397143,-0.9771896675728708
3.153,-1.3266230286492136,-0.9679549029211953
3.154,-1.3128693393539763,-0.9569596111950223
3.155,-1.3602338329031938,-0.9442533210312701
3.156,-1.3493877359024802,-0.9298916055605331
3.157,-1.2679339692658542,-0.9139357830378516
3.158,-1.1554664668147252,-0.8964525884418277
3.159,-1.066621016780984,-0.8775138178884163
3.16,-0.8607988356888062,-0.8571959478564638
3.161,-0.6876746244796723,-0.8355797313620418
3.162,-0.5648898146645631,-0.8127497733455071
3.163,-0.41122935943375055,-0.7887940876506558
3.164,-0.33497590612866773,-0.7638036380757007
3.165,-0.25692419041960585,-0.7378718660635566
3.166,-0.2565942800955913,-0.7110942076710495
3.167,-0.31282382354235333,-0.6835676025144953
3.168,-0.44557514955184224,-0.6553899974313686
3.169,-0.41597329060862603,-0.6266598476245968
3.17,-0.603151258009836,-0.5974756180669935
3.171,-0.710228393555643,-0.5679352879391197
3.172,-0.8163400583328108,-0.5381358608531925
3.173,-0.8917669972914405,-0.5081728835800743
3.174,-0.844353086357662,-0.4781399759448718
3.175,-0.8426866016753122,-0.4481283744907554
3.176,-0.8284261886187713,-0.4182264924290634
3.177,-0.7568771519451006,-0.38851949829915056
3.178,-0.5988275597828004,-0.3590889156517403
3.179,-0.46611801414616644,-0.33001224594821277
3.18,-0.30897153346645195,-0.30136261673357123
3.181,-0.12062657266575295,-0.27320845699471963
3.182,0.0012438521947621649,-0.24561320145901747
3.183,0.1555131926071212,-0.2186350254217279
3.184,0.24381765784297324,-0.19232661151471772
3.185,0.3073824912044173,-0.16673494964589972
3.186,0.26130878288572656,-0.14190117114806522
3.187,0.27460268360407114,-0.1178604179797145
3.188,0.13360915619393213,-0.09464174761962044
3.189,0.0438869073116467,-0.07226807409223693
3.19,-0.0719131477200408,-0.05075614535422382
3.191,-0.2120562754283873,-0.030116557064731264
3.192,-0.23423067474952125,-0.010353802553312863
3.193,-0.3942861051093829,0.00853364140694804
3.194,-0.4293788922106785,0.026553193618412435
3.195,-0.3560656785123224,0.043718013068211964
3.196,-0.3907519302842297,0.06004681012273391
3.197,-0.2960197293818471,0.07556362549240363
3.198,-0.2146869452319661,0.09029757833631345
3.199,-0.001457014112445705,0.10428258505138471
3.2,0.15142650022616913,0.117557050458493
3.201,0.29877901688845065,0.1301635332547599
3.202,0.42815294440713975,0.14214838774775104
3.203,0.5205625959317282,0.15356138402224304
3.204,0.5714556744681903,0.16445530881288722
3.205,0.5922867771985162,0.174885549465157
3.206,0.6644813168669159,0.18490966346363003
3.207,0.5892367544252705,0.19458693608747718
3.208,0.4407491232641199,0.2039779288205562
3.209,0.35379493939304757,0.21314402119542844
3.21,0.2101423450677173,0.22214694878709537
3.211,0.046862264396414534,0.23104834009334418
3.212,-0.017488053422495153,0.23990925504427982
3.213,-0.13188762616537822,0.24878972787292292
3.214,-0.20832858193125106,0.2577483170533974
3.215,-0.24232363719438052,0.26684166497128997
3.216,-0.21440350240650824,0.27612406993452343
3.217,-0.0932676195151473,0.2856470730613708
3.218,0.02755190014772321,0.2954590624963458
3.219,0.13153521742888588,0.30560489730412554
3.22,0.342155130385132,0.3161255532788191
3.221,0.46349357857637136,0.3270577927789462
3.222,0.6260126365157833,0.3384338605602142
3.223,0.7070224232898866,0.3502812074286644
3.224,0.7591129703006146,0.3626222433760635
3.225,0.8300388245357481,0.37547412169020344
3.226,0.7663170072062818,0.38884855535419255
3.227,0.7883868551569939,0.4027516668627925
3.228,0.6442012676630591,0.41718387239199595
3.229,0.6079267495898298,0.4321398010597889
3.23,0.4340700199646086,0.44760824981430414
3.231,0.36701586746401976,0.4635721742803135
3.232,0.1706004246128239,0.48000871568797576
3.233,0.1057208283017956,0.496889263799676
3.234,0.10144152108489093,0.5141795555437662
3.235,0.12865969259455745,0.5318398088574873
3.236,0.18851381503869769,0.5498248910389086
3.237,0.2056815197865488,0.5680845207080221
3.238,0.3955699639831529,0.5865635022832751
3.239,0.4545577622299677,0.6052019916917412
3.24,0.6678864967449192,0.6239357918503862
3.241,0.7440670838737796,0.6426966762834173
3.242,0.9427241228836962,0.6614127390775508
3.243,0.950398695058307,0.68000876922384
3.244,1.0815184391194754,0.6984066472527679
3.245,1.1851928338624036,0.7165257619391728
3.246,1.1097613229809797,0.7342834447361756
3.247,1.1327310513928919,0.7515954194925835
3.248,1.0691379532825611,0.7683762649184702
3.249,0.9035447269469804,0.7845398871869993
3.25,0.7612418817730195,0.7999999999999967
3.251,0.6566454972952512,0.8146706093981706
3.252,0.5253306442678264,0.8284665005667637
3.253,0.4731975340829543,0.841303723872343
3.254,0.42920827002969647,0.8531000773669882
3.255,0.4015351780891688,0.8637755830130411
3.256,0.5122518911877828,0.8732529539131366
3.257,0.4886242496219557,0.8814580498781487
3.258,0.6794742823668711,0.8883203187282588
3.259,0.7130660038784926,0.893773220799694
3.26,0.9006657370194726,0.8977546342218574
3.261,1.086589102445714,0.9002072386350173
3.262,1.2108365247597057,0.9010788751379242
3.263,1.2475702119470875,0.9003228803863477
3.264,1.348076614042375,0.8978983929067235
3.265,1.3606177931904682,0.8937706298438992
3.266,1.2942889977155148,0.8879111325264121
3.267,1.2689936243612725,0.8802979794066329
3.268,1.209919015528953,0.8709159651152539
3.269,1.0176824186302031,0.8597567445589764
3.27,0.8694731963484423,0.8468189411856151
3.271,0.7199367704006253,0.8321082187413177
3.272,0.49269488822346585,0.815637316049275
3.273,0.451777384005477,0.7974260445459417
3.274,0.3088554331937114,0.7775012485200645
3.275,0.2823012505803639,0.7558967282082759
3.276,0.39115536502456105,0.7326531261098506
3.277,0.333629665234128,0.7078177770891699
3.278,0.3873341953343514,0.6814445230376873
3.279,0.5606391487531055,0.6535934930658245
3.28,0.5864237702753895,0.6243308503891409
3.281,0.7148893889604659,0.5937285072592883
3.282,0.8763292597211353,0.5618638094700477
3.283,0.8945875422202917,0.5288191921392298
3.284,0.8601933591560054,0.49468180862824007
3.285,0.9313027191848818,0.45954313461197704
3.286,0.8356153465016789,0.42349854945072396
3.287,0.8122986040726664,0.38664689714273415
3.288,0.589345914877463,0.3490900292512162
3.289,0.49203901871688244,0.3109323322991147
3.29,0.3433081635074603,0.2722802422128216
3.291,0.06014637204616848,0.2332417484673427
3.292,-0.07830599371869376,0.1939258906432296
3.293,-0.19407038635594237,0.15444225014699012
3.294,-0.34736882256145557,0.11490043987352042
3.295,-0.3637786075324635,0.07540959459922328
3.296,-0.400894378943059,0.036077864890013314
3.297,-0.37684843304505544,-0.002988082712625628
3.298,-0.30422938432409147,-0.041683556500841344
3.299,-0.21611337757529803,-0.079906318729754
3.3,-0.11100181969550355,-0.11755705045847901
3.301,-0.03943520592591049,-0.15453979957639452
3.302,0.05153408497442096,-0.19076240958322202
3.303,0.1331772171137233,-0.22613692680202124
3.304,0.16560514285778113,-0.26057998382561043
3.305,0.1384328692695422,-0.29401315713259313
3.306,0.11456972106069234,-0.32636329695556676
3.307,-0.06609565011969346,-0.35756282764141367
3.308,-0.1522653037351802,-0.38755001691044205
3.309,-0.2884086781774125,-0.41626921259803823
3.31,-0.47791565312690054,-0.44367104564569615
3.311,-0.5436023251765727,-0.46971259830022616
3.312,-0.7581064263384425,-0.4943575366758528
3.313,-0.8745630673756755,-0.5175762070359466
3.314,-0.9866503560075113,-0.5393456953560551
3.315,-1.010281006752291,-0.5596498499373725
3.316,-1.0550648379529703,-0.5784792670480254
3.317,-0.9666815686913729,-0.595831239778869
3.318,-0.9136933711827929,-0.6117096705073802
3.319,-0.7762787384276397,-0.6261249475686974
3.32,-0.7414904495864513,-0.6390937869343778
3.321,-0.5567015207655537,-0.6506390398965588
3.322,-0.3377290482339709,-0.6607894679461694
3.323,-0.27230592878565435,-0.669579486218688
3.324,-0.19631187128741096,-0.6770488770568406
3.325,-0.17773362462089146,-0.6832424754077284
3.326,-0.23331489862998778,-0.6882098279293882
3.327,-0.34606192777510086,-0.6920048278286693
3.328,-0.47167200190706504,-0.6946853275880679
3.329,-0.5113853001753568,-0.6963127318619964
3.33,-0.6943688539574049,-0.6969515729329301
3.331,-0.7359658060281202,-0.6966690712147037
3.332,-0.9746419659438688,-0.6955346833718588
3.333,-0.9787614539693593,-0.6936196406918194
3.334,-1.1252435843598032,-0.6909964803991384
3.335,-1.0842966287474858,-0.6877385726378337
3.336,-1.0440274087134742,-0.6839196458699338
3.337,-1.0845889580396524,-0.6796133134437174
3.338,-0.9587958907389244,-0.6748926040756994
3.339,-0.8502063154613714,-0.6698294989647251
3.34,-0.7136922577460922,-0.6644944782157801
3.341,-0.49321575770496817,-0.6589560791947031
3.342,-0.39664224064232534,-0.6532804693639819
3.343,-0.2813787356678172,-0.647531036064149
3.344,-0.1915429978736231,-0.6417679956053717
3.345,-0.2603434972695482,-0.6360480239209516
3.346,-0.15097783841704066,-0.6304239109081472
3.347,-0.27485035950859027,-0.6249442404437331
3.348,-0.3338536821312161,-0.619653097912366
3.349,-0.45070364588788975,-0.6145898069256926
3.35,-0.5549568343104789,-0.6097886967409695
3.351,-0.7485308446896566,-0.6052789017096516
3.352,-0.9505330557943336,-0.6010841939010442
3.353,-0.9589953927844408,-0.5972228498538297
3.354,-1.0136547102171864,-0.593707552210819
3.355,-1.0819157611560604,-0.5905453267904556
3.356,-1.0098133215991136,-0.5877375154436214
3.357,-0.9637781696951228,-0.5852797848373587
3.358,-0.9013756926023291,-0.5831621710994306
3.359,-0.693567411718576,-0.5813691600502331
3.36,-0.602428808578823,-0.5798798025429183
3.361,-0.45586538535023274,-0.5786678642294777
3.362,-0.33170179923131243,-0.5777020088714386
3.363,-0.1634692227525719,-0.5769460141198584
3.364,-0.15002023263930464,-0.5763590185011833
3.365,-0.12273180534312209,-0.575895798164955
3.366,-0.16515708561957834,-0.5755070717769498
3.367,-0.19256751141886325,-0.5751398317778047
3.368,-0.2562616146047867,-0.574737700074457
3.369,-0.4092692259213355,-0.574241306089466
3.37,-0.5461140065096806,-0.5735886849630214
3.371,-0.6875241328185434,-0.5727156935851454
3.372,-0.8912695112947688,-0.571556442030758
3.373,-0.9691461386169319,-0.5700437378802184
3.374,-1.004284468908334,-0.5681095408315402
3.375,-1.0447199866489678,-0.5656854249492388
3.376,-1.0332599591715923,-0.5627030458485394
3.377,-0.9980392871866113,-0.5590946100830703
3.378,-0.8731578760458034,-0.5547933439888318
3.379,-0.699052629000215,-0.5497339592377876
3.38,-0.546630167043667,-0.5438531123709089
3.381,-0.42975435918840066,-0.5370898556118961
3.382,-0.26172570427141506,-0.5293860763103458
3.383,-0.17398262059327507,-0.520686922425655
3.384,-0.0393428357117498,-0.5109412115395151
3.385,-0.0565668515383678,-0.5001018209773743
3.386,-0.03229738913482924,-0.4881260567236966
3.387,-0.1027898009746098,-0.47497599893514847
3.388,-0.25219830002501614,-0.46061882198690524
3.389,-0.3095957666908566,-0.4450270871301464
3.39,-0.4776039699663527,-0.42817900599316167
3.391,-0.5534411543201424,-0.41005867332270296
3.392,-0.6849648637562318,-0.390656267535365
3.393,-0.718747343960168,-0.36996821783087835
3.394,-0.8296669426393886,-0.3479973368079149
3.395,-0.7741648447066656,-0.32475291771784304
3.396,-0.7053296047224976,-0.3002507956922094
3.397,-0.6022671971798234,-0.2745133724834594
3.398,-0.5426396783120073,-0.24756960446502455
3.399,-0.35780256242588304,-0.21945495384543728
3.4,-0.18284542434259152,-0.19021130325904212
3.401,0.04105586454602325,-0.15988683410439675
3.402,0.07671429189478948,-0.1285358692067989
3.403,0.231394865081945,-0.09621868058392224
3.404,0.47715266875025425,-0.06300126329199732
3.405,0.4101210321187828,-0.028955076522978213
3.406,0.35817892662767037,0.005843246690999587
3.407,0.3820678613651535,0.041312219630383645
3.408,0.23111428486603455,0.07736585019294989
3.409,0.26260849145154685,0.11391401548451471
3.41,0.18325425109071325,0.15086286067961846
3.411,0.01259107748206341,0.18811521999756686
3.412,-0.05776126290886448,0.22557105751282713
3.413,-0.06398355584962395,0.26312792540435603
3.414,-0.1973026137774947,0.30068143714917084
3.415,-0.16473709540920256,0.3381257530787793
3.416,-0.061745963956026176,0.3753540756454184
3.417,0.018108110721550053,0.4122591516889522
3.418,0.1724757395228811,0.44873377895344635
3.419,0.29506365383175076,0.4846713140767536
3.42,0.5285387187037791,0.5199661792669409
3.421,0.6876026889453126,0.5545143648838121
3.422,0.8746849084673796,0.5882139251663896
3.423,0.9930390918711293,0.6209654643832141
3.424,1.0889156459678493,0.652672610735203
3.425,1.0753901812265203,0.6832424754077249
3.426,1.160265188649616,0.7125860942510164
3.427,1.0914418410606668,0.7406188496641422
3.428,1.0251003015934472,0.7672608703678476
3.429,0.9734256293991493,0.7924374068747218
3.43,0.7873017583396602,0.8160791806003603
3.431,0.7531124303762543,0.8381227047066383
3.432,0.6517862233690932,0.858510574925793
3.433,0.5432454588075633,0.877191728781719
3.434,0.4269214070382294,0.894121671801746
3.435,0.3718109396713548,0.9092626694964321
3.436,0.5377618683143887,0.922583904076813
3.437,0.574459350059808,0.9340615950753
3.438,0.6493678208742331,0.9436790832387212
3.439,0.859311723548853,0.9514268772673801
3.44,0.9228403079467153,0.9573026631818595
3.441,1.0834027134476627,0.9613112763082096
3.442,1.248963614185817,0.9634646360814763
3.443,1.2832951782793443,0.9637816440751815
3.444,1.3858842418184611,0.9622880458699414
3.445,1.4525817449330505,0.9590162575765159
3.446,1.390425020103411,0.954005158025758
3.447,1.3612545487713417,0.9472998478296866
3.448,1.248798834554224,0.938951376702392
3.449,1.0683836214520457,0.9290164406064738
3.45,0.8240873954041874,0.9175570504584974
3.451,0.7213516350074938,0.9046401742848409
3.452,0.6563673558306785,0.8903373548669146
3.453,0.4486566007697721,0.8747243050499085
3.454,0.41683734713672516,0.8578804830130199
3.455,0.40342787445664324,0.839888649909082
3.456,0.451641807875646,0.8208344123780106
3.457,0.41374731719433155,0.800805752521249
3.458,0.4896496760966931,0.7798925479915728
3.459,0.6170306067770239,0.7581860849056045
3.46,0.749815085115632,0.7357785663232693
3.461,0.8456503934333401,0.7127626190605022
3.462,0.995704899094224,0.6892308016071386
3.463,0.9973670100598897,0.6652751159122763
3.464,1.073768395442154,0.6409865257741613
3.465,1.0842629929402374,0.6164544845303567
3.466,1.003732594624812,0.5917664746882356
3.467,0.9646536069953473,0.567007562064235
3.468,0.8127216720960591,0.5422599669147652
3.469,0.688214130436887,0.5176026544420796
3.47,0.5008751112667477,0.4931109469447993
3.471,0.34485469514787964,0.46885615975711614
3.472,0.15510622917632771,0.4449052629819097
3.473,0.032032055197750854,0.4213205708741191
3.474,0.01915988743457213,0.39815946057023477
3.475,-0.04910546052897789,0.37547412169020883
3.476,-0.11558270082170591,0.35331133816001814
3.477,-0.02511080706520368,0.3317123034173496
3.478,-0.04874193570266239,0.3107124699703171
3.479,0.12832618006496815,0.29034143408161717
3.48,0.3090639632131788,0.27062285614833137
3.481,0.3856262410626058,0.25157441714237977
3.482,0.5024276815878411,0.2332078112695547
3.483,0.45893117240476355,0.2155287747968255
3.484,0.6108224383974328,0.19853715079005085
3.485,0.6457578782515248,0.18222698929843623
3.486,0.6131737096669001,0.16658668231815277
3.487,0.5541510085907585,0.15159913266866462
3.488,0.3933350091810886,0.13724195572041795
3.489,0.25591912768836433,0.12348771272460465
3.49,0.057019477137830364,0.11030417431422002
3.491,-0.04958389646239432,0.09765461257325
3.492,-0.22946824612097688,0.08549811990653497
3.493,-0.3641824994708506,0.07378995279007973
3.494,-0.4089007087988692,0.062481898338396305
3.495,-0.3381299421925936,0.051522661495247535
3.496,-0.3979396098573321,0.0408582705360299
3.497,-0.3248300544828716,0.03043249846494603
3.498,-0.26485591578019874,0.02018729779929377
3.499,-0.20061644208984064,0.010063246156916828
3.5,0.037444524997236814,7.055946301125838e-15
3.501,0.04210647571762281,-0.010063246156914087
3.502,0.222124358660586,-0.020187297799302277
3.503,0.3314405537698064,-0.030432498464932005
3.504,0.39633674753398107,-0.04085827053603811
3.505,0.3694185543236009,-0.0515226614952443
3.506,0.29197507467222494,-0.062481898338392794
3.507,0.25822396298522043,-0.07378995279008703
3.508,0.14905492412029825,-0.08549811990653089
3.509,0.010479295089294884,-0.09765461257323677
3.51,-0.071501830705899,-0.11030417431421768
3.511,-0.31108947131886466,-0.1234877127245918
3.512,-0.3897061482744816,-0.13724195572041586
3.513,-0.5093248986486539,-0.15159913266866265
3.514,-0.5561439115520871,-0.16658668231814622
3.515,-0.6375522641679117,-0.1822269892984345
3.516,-0.5948673444349434,-0.1985371507900433
3.517,-0.5864752277893394,-0.21552877479681748
3.518,-0.4803354737378247,-0.2332078112695558
3.519,-0.45074970810095116,-0.2515744171423707
3.52,-0.3761539791999345,-0.2706228561483219
3.521,-0.13618191247023093,-0.2903414340816163
3.522,-0.028961781397108796,-0.31071246997030755
3.523,0.051365437377461416,-0.33171230341734903
3.524,0.05366679358261723,-0.3533113381600176
3.525,0.13411476839821446,-0.37547412169020045
3.526,0.011420859133108498,-0.39815946057023033
3.527,-0.04042776261849352,-0.421320570874119
3.528,-0.15661645045011,-0.4449052629818966
3.529,-0.2610489058984012,-0.4688561597571097
3.53,-0.5057921317363547,-0.49311094694478563
3.531,-0.6827880181600271,-0.5176026544420658
3.532,-0.8666891458229544,-0.5422599669147572
3.533,-0.8689705292664333,-0.5670075620642299
3.534,-1.0028854707390937,-0.5917664746882307
3.535,-1.0483320402945853,-0.6164544845303574
3.536,-0.9442937884540059,-0.6409865257741574
3.537,-1.0163309737335289,-0.6652751159122773
3.538,-1.0058270213427987,-0.6892308016071287
3.539,-0.8596564095289186,-0.7127626190604995
3.54,-0.7747698626771833,-0.7357785663232592
3.541,-0.6349631732201599,-0.7581860849055911
3.542,-0.5314927685701225,-0.7798925479915599
3.543,-0.4602290806951916,-0.8008057525212391
3.544,-0.4485902802593955,-0.8208344123779986
3.545,-0.3261885845621897,-0.8398886499090815
3.546,-0.41795112890266267,-0.8578804830130211
3.547,-0.5196855389691819,-0.8747243050499088
3.548,-0.5955284781546549,-0.8903373548669159
3.549,-0.7467398358221133,-0.9046401742848422
3.55,-0.9065294211487737,-0.9175570504584896
3.551,-1.040674165164588,-0.9290164406064751
3.552,-1.198097350483698,-0.9389513767023852
3.553,-1.284548637018714,-0.9472998478296812
3.554,-1.3518560983234431,-0.9540051580257523
3.555,-1.4025075081752005,-0.9590162575765127
3.556,-1.3990792579425924,-0.9622880458699393
3.557,-1.2666233794857353,-0.9637816440751824
3.558,-1.247084061204011,-0.9634646360814799
3.559,-1.0847163797598258,-0.9613112763082103
3.56,-0.9407463267522853,-0.9573026631818603
3.561,-0.8367515438891973,-0.9514268772673845
3.562,-0.7114886151195672,-0.9436790832387213
3.563,-0.5841580284413708,-0.9340615950753004
3.564,-0.5142971458710278,-0.9225839040768194
3.565,-0.5175878919619892,-0.9092626694964345
3.566,-0.4922060427696998,-0.8941216718017545
3.567,-0.5024851619276642,-0.8771917287817288
3.568,-0.5433694680282145,-0.8585105749257976
3.569,-0.6768894038309367,-0.8381227047066446
3.57,-0.9200605605351326,-0.8160791806003668
3.571,-0.9058429057532054,-0.7924374068747216
3.572,-1.0540903053353345,-0.7672608703678545
3.573,-1.0865532941453824,-0.7406188496641418
3.574,-1.1411269369522485,-0.7125860942510246
3.575,-1.1409499804512055,-0.6832424754077324
3.576,-1.0847374721865093,-0.6526726107352122
3.577,-0.9859200841827384,-0.6209654643832322
3.578,-0.7989410898144003,-0.5882139251664082
3.579,-0.6943584198359444,-0.5545143648838223
3.58,-0.47654473393970986,-0.5199661792669605
3.581,-0.30801743197421255,-0.4846713140767624
3.582,-0.1575485935184937,-0.4487337789534458
3.583,-0.11966625702543049,-0.4122591516889614
3.584,0.0972866629338593,-0.37535407564541795
3.585,0.09355819515579769,-0.3381257530787788
3.586,0.1559230864266279,-0.3006814371491917
3.587,0.06202840873471555,-0.2631279254043556
3.588,-0.008470655713403406,-0.22557105751283746
3.589,0.029997976944432153,-0.1881152199975876
3.59,-0.18914218335309937,-0.15086286067962815
3.591,-0.20712739739123265,-0.11391401548453495
3.592,-0.3371324008671524,-0.07736585019296982
3.593,-0.42217466943353565,-0.04131221963038359
3.594,-0.4356118343970465,-0.0058432466910108005
3.595,-0.4730887033382744,0.028955076522978046
3.596,-0.36552434422518654,0.06300126329199705
3.597,-0.3111485794406484,0.09621868058391056
3.598,-0.15178524609737568,0.12853586920679333
3.599,0.057841169194451474,0.15988683410439616
3.6,0.20037893032132578,0.19021130325902655
3.601,0.2992257813589272,0.2194549538454338
3.602,0.5461324930731632,0.24756960446501042
3.603,0.6382870294758528,0.2745133724834461
3.604,0.7065388172886445,0.30025079569220814
3.605,0.8046199698741877,0.32475291771783055
3.606,0.7692844956616547,0.3479973368079031
3.607,0.6873994117033417,0.36996821783087686
3.608,0.7290720195249103,0.390656267535354
3.609,0.5484248230757475,0.4100586733227033
3.61,0.4249235978139366,0.4281790059931623
3.611,0.28976523279215466,0.44502708713013656
3.612,0.24331408803357435,0.4606188219869064
3.613,0.08992321114073226,0.4749759989351534
3.614,-0.0016485699615967492,0.4881260567236918
3.615,0.022954714501541386,0.5001018209773805
3.616,0.13603676322488611,0.5109412115395118
3.617,0.18991456141520133,0.520686922425643
3.618,0.25468208667233666,0.5293860763103485
3.619,0.4529624138087664,0.5370898556118844
3.62,0.5737708015237704,0.5438531123709118
3.621,0.6781280321611114,0.5497339592377906
3.622,0.8126603133163733,0.5547933439888262
3.623,0.9363249668296575,0.5590946100830734
3.624,0.9574030001948286,0.5627030458485426
3.625,1.0158656275696138,0.5656854249492397
3.626,1.0084255077489155,0.5681095408315492
3.627,0.8666227358046262,0.5700437378802086
3.628,0.8284869926596234,0.5715564420307595
3.629,0.6996510936392085,0.5727156935851432
3.63,0.6147114057614013,0.5735886849630178
3.631,0.3614037788683695,0.5742413060894627
3.632,0.29497409575468386,0.57473770007446
3.633,0.19181199841448435,0.5751398317778017
3.634,0.18593447800099513,0.5755070717769525
3.635,0.12415393539036579,0.5758957981649615
3.636,0.2202273719944552,0.5763590185011808
3.637,0.2393769019273874,0.5769460141198639
3.638,0.2967897255722313,0.5777020088714373
3.639,0.44919656462308477,0.5786678642294726
3.64,0.5657170501681172,0.579879802542922
3.641,0.7548026511385417,0.5813691600502291
3.642,0.7943776260993706,0.5831621710994286
3.643,0.9163895932432068,0.5852797848373592
3.644,1.033940544518652,0.5877375154436197
3.645,1.0895755847394004,0.5905453267904556
3.646,0.9336042406980887,0.5937075522108188
3.647,1.0162593459622091,0.5972228498538277
3.648,0.859982152295511,0.6010841939010435
3.649,0.6689815507008648,0.6052789017096492
3.65,0.4897195830653766,0.60978869674097
3.651,0.41435671682462216,0.6145898069256932
3.652,0.35436154014692645,0.6196530979123624
3.653,0.25825067146265157,0.6249442404437351
3.654,0.2277764959636989,0.6304239109081449
3.655,0.16406853681851238,0.636048023920951
3.656,0.16947094141470093,0.6417679956053711
3.657,0.26694993308897275,0.6475310360641462
3.658,0.3901215173088117,0.6532804693639818
3.659,0.5291293435241509,0.6589560791946951
3.66,0.6329278902449469,0.6644944782157769
3.661,0.8449450144468215,0.6698294989647204
3.662,0.9145400967383145,0.6748926040757013
3.663,1.0088822664194228,0.6796133134437239
3.664,1.0901994178240306,0.6839196458699296
3.665,1.18073217966594,0.6877385726378358
3.666,1.113660054614323,0.6909964803991403
3.667,1.0298967480377414,0.6936196406918217
3.668,0.9970823569213927,0.6955346833718553
3.669,0.9214366602813681,0.6966690712147068
3.67,0.7053388783052745,0.6969515729329268
3.671,0.6066087828278747,0.6963127318619879
3.672,0.47162508207945153,0.694685327588072
3.673,0.30372159029360557,0.6920048278286614
3.674,0.2612997628156243,0.6882098279293903
3.675,0.18194069021957915,0.6832424754077386
3.676,0.24087575406954215,0.6770488770568339
3.677,0.2804742239849261,0.6695794862186986
3.678,0.38017066612751,0.6607894679461763
3.679,0.4815855911725793,0.6506390398965574
3.68,0.6276099146066196,0.6390937869343858
3.681,0.7864719024880678,0.6261249475686965
3.682,0.8714333576214295,0.6117096705073797
3.683,0.8853139593373507,0.5958312397788766
3.684,0.9766098767849155,0.5784792670480253
3.685,0.9488738758350418,0.5596498499373718
3.686,0.9770835367281496,0.5393456953560668
3.687,0.9017665490668315,0.5175762070359478
3.688,0.7691228290816348,0.4943575366758648
3.689,0.577274070036983,0.4697125983002378
3.69,0.45354520281094624,0.44367104564569804
3.691,0.2584069948985749,0.41626921259805133
3.692,0.07751763538884118,0.38755001691045554
3.693,0.023182376961057,0.3575628276414165
3.694,-0.06889102522828042,0.3263632969555811
3.695,-0.1180310236240602,0.29401315713259957
3.696,-0.19172939250848198,0.26057998382561404
3.697,-0.09074622815898581,0.22613692680204017
3.698,-0.0934842440015494,0.19076240958322208
3.699,0.041622204969161185,0.15453979957639452
3.7,0.09712054398787921,0.11755705045849947
3.701,0.21000467964868846,0.07990631872975382
3.702,0.20933980573693167,0.04168355650085752
3.703,0.35496920160470924,0.002988082712641893
3.704,0.39554116611421947,-0.03607786489000825
3.705,0.3581884207062395,-0.07540959459920692
3.706,0.3833225151827054,-0.11490043987351523
3.707,0.16311675390873162,-0.15444225014697927
3.708,0.04803422340424093,-0.19392589064321333
3.709,-0.13037900539803607,-0.23324174846733178
3.71,-0.2948313213726316,-0.27228024221282204
3.711,-0.40873345725018856,-0.3109323322991045
3.712,-0.5544721210097234,-0.34909002925120564
3.713,-0.7787362490481927,-0.3866468971427241
3.714,-0.8803942834924463,-0.42349854945070886
3.715,-0.955828280555729,-0.4595431346119723
3.716,-0.8704058255002544,-0.4946818086282257
3.717,-0.8480366633312582,-0.5288191921392157
3.718,-0.8306064450011689,-0.5618638094700436
3.719,-0.7886301225803293,-0.5937285072592711
3.72,-0.6765973530073504,-0.6243308503891374
3.721,-0.5077106675816779,-0.6535934930658179
3.722,-0.39496764276818463,-0.6814445230376784
3.723,-0.4264059218212774,-0.7078177770891697
3.724,-0.31753009019852935,-0.7326531261098377
3.725,-0.24116489262597213,-0.7558967282082675
3.726,-0.358226184452456,-0.7775012485200626
3.727,-0.37378287344558014,-0.7974260445459327
3.728,-0.5251721073594202,-0.8156373160492667
3.729,-0.7364217553059922,-0.8321082187413169
3.73,-0.8585257929196631,-0.8468189411856079
3.731,-1.0039621615694683,-0.8597567445589772
3.732,-1.1735197913706656,-0.8709159651152543
3.733,-1.2831503477878325,-0.8802979794066295
3.734,-1.2556158211744748,-0.887911132526411
3.735,-1.382865054631616,-0.8937706298438979
3.736,-1.2827363821831796,-0.897898392906723
3.737,-1.2818399069896476,-0.9003228803863463
3.738,-1.1666078118648306,-0.9010788751379222
3.739,-1.016791109374168,-0.9002072386350157
3.74,-0.9216969811380199,-0.8977546342218601
3.741,-0.7319994007911654,-0.8937732207996938
3.742,-0.7056741431785685,-0.8883203187282591
3.743,-0.49981210687283883,-0.8814580498781568
3.744,-0.5440187265631828,-0.8732529539131381
3.745,-0.4228494520809883,-0.86377558301305
3.746,-0.39095492562142586,-0.8531000773669866
3.747,-0.45235426416127184,-0.8413037238723402
3.748,-0.6158995561936957,-0.8284665005667623
3.749,-0.722399537773161,-0.8146706093981686
3.75,-0.8275468816128776,-0.8000000000000008
3.751,-0.9161489001613717,-0.7845398871870034
3.752,-1.1141569560518039,-0.768376264918475
3.753,-1.1161820099952908,-0.7515954194925886
3.754,-1.149801702117012,-0.7342834447361797
3.755,-1.1778472491740233,-0.7165257619391839
3.756,-1.105369240863483,-0.6984066472527667
3.757,-1.0351174503595066,-0.6800087692238488
3.758,-0.9475822729850981,-0.6614127390775527
3.759,-0.8592018981625003,-0.6426966762834164
3.76,-0.618599268587539,-0.6239357918503896
3.761,-0.5042673588322055,-0.6052019916917443
3.762,-0.34519384374612183,-0.5865635022832781
3.763,-0.18486190452077908,-0.5680845207080294
3.764,-0.06515612336872705,-0.5498248910389187
3.765,-0.08336221379516973,-0.5318398088574894
3.766,-0.06404152975311474,-0.5141795555437736
3.767,-0.19061078997706188,-0.49688926379968523
3.768,-0.20568440891653983,-0.4800087156879761
3.769,-0.32691076431874816,-0.4635721742803218
3.77,-0.3984391465892192,-0.44760824981430486
3.771,-0.5928157875696246,-0.4321398010597897
3.772,-0.6913527406100712,-0.4171838723920036
3.773,-0.7244567356462357,-0.4027516668627935
3.774,-0.820505339382818,-0.38884855535420015
3.775,-0.8698277769417018,-0.37547412169021105
3.776,-0.6885323447772971,-0.36262224337606064
3.777,-0.7574825654308532,-0.3502812074286721
3.778,-0.6055252273538001,-0.33843386056022173
3.779,-0.45224791400663034,-0.3270577927789414
3.78,-0.30542085291757765,-0.3161255532788302
3.781,-0.17413699799564714,-0.30560489730411977
3.782,-0.03834611378579014,-0.29545906249634807
3.783,0.06901329975582018,-0.28564707306138276
3.784,0.10721400805463867,-0.2761240699345211
3.785,0.2691671036056168,-0.26684166497129236
3.786,0.16142747857088688,-0.25774831705340506
3.787,0.13914515930874843,-0.24878972787292014
3.788,0.011207994180096466,-0.23990925504428204
3.789,-0.10618123951890188,-0.23104834009335196
3.79,-0.24036469529393267,-0.2221469487870924
3.791,-0.414195500183676,-0.2131440211954307
3.792,-0.47490613795695463,-0.20397792882055893
3.793,-0.5749248897289941,-0.19458693608746858
3.794,-0.5660241154290818,-0.1849096634636439
3.795,-0.6727535541685403,-0.17488554946515966
3.796,-0.6155166282478914,-0.16445530881288448
3.797,-0.5535566501611378,-0.15356138402225697
3.798,-0.34895053551888144,-0.14214838774774854
3.799,-0.3039975185176785,-0.13016353325476893
3.8,-0.09506505666945392,-0.11755705045849763
3.801,0.0735815213535758,-0.10428258505138274
3.802,0.16836086873866302,-0.09029757833632307
3.803,0.23342158193868706,-0.07556362549240966
3.804,0.31336246785952804,-0.06004681012273598
3.805,0.44067254952362406,-0.043718013068219125
3.806,0.35099847796242145,-0.026553193618414295
3.807,0.37120507050419715,-0.008533641406949788
3.808,0.2794311304777765,0.010353802553302038
3.809,0.18425950390584944,0.03011655706472971
3.81,0.06961953766800359,0.050756145354212634
3.811,-0.10413640475325386,0.07226807409222558
3.812,-0.20888274307252702,0.09464174761961977
3.813,-0.2176001441250237,0.11786041797970281
3.814,-0.31124804560734837,0.1419011711480534
3.815,-0.39327099003430915,0.16673494964589683
3.816,-0.20969860890275402,0.19232661151470715
3.817,-0.1868730735697503,0.21863502542172364
3.818,-0.00020472695638584087,0.24561320145901716
3.819,0.18986368349865415,0.2732084569947073
3.82,0.30203311502403446,0.301362616733568
3.821,0.5089005266834643,0.3300122459482129
3.822,0.6297441864047705,0.35908891565172785
3.823,0.8160743188935025,0.3885194982991468
3.824,0.8037176404115712,0.41822649242904686
3.825,0.8977997752740835,0.44812837449074316
3.826,0.9330418724793276,0.4781399759448675
3.827,0.8646140607684116,0.5081728835800573
3.828,0.8487279842509512,0.5381358608531859
3.829,0.6897113538273665,0.5679352879391099
3.83,0.6802504641321082,0.5974756180669876
3.831,0.5724901003267275,0.6266598476245919
3.832,0.40216951374882376,0.6553899974313638
3.833,0.34161400225993827,0.6835676025144906
3.834,0.3307856327632074,0.7110942076710448
3.835,0.24038397010485213,0.7378718660635468
3.836,0.28334820515975545,0.7638036380756859
3.837,0.47499319673622786,0.7887940876506514
3.838,0.5592059487287976,0.8127497733454986
3.839,0.687461874054096,0.8355797313620287
3.84,0.85764087997169,0.8571959478564648
3.841,0.9211298064626399,0.8775138178884045
3.842,1.1533334593951357,0.8964525884418287
3.843,1.2478715609388233,0.9139357830378484
3.844,1.3945899032379367,0.929891605560528
3.845,1.434054552166631,0.9442533210312709
3.846,1.4080022528930205,0.9569596111950196
3.847,1.3478308963418595,0.9679549029211921
3.848,1.181799161155722,0.9771896675728664
3.849,1.1473040603280489,0.9846206896594768
3.85,1.01538722107994,0.9902113032590296
3.851,0.9046816535575226,0.9939315948755183
3.852,0.8159836005497753,0.9957585715841917
3.853,0.5639162190995026,0.9956762935110982
3.854,0.5501614645347969,0.9936759698923453
3.855,0.5100653526754599,0.9897560181617657
3.856,0.562846940924864,0.9839220857222828
3.857,0.6126654611246214,0.9761870342646344
3.858,0.6927042402515463,0.9665708867063809
3.859,0.8571472640201755,0.9551007370328789
3.86,0.8977540550820715,0.9418106235293338
3.861,1.0241541548703699,0.9267413660972853
3.862,1.133474721237505,0.9099403685497651
3.863,1.2411059309461756,0.8914613869745167
3.864,1.2501960891407824,0.8713642654444534
3.865,1.2977717809844613,0.8497146405364322
3.866,1.2479394408408027,0.8265836162932301
3.867,1.1346444543372518,0.8020474114285077
3.868,1.0756409944226077,0.7761869807287685
3.869,0.8857652390870696,0.7490876127498328
3.87,0.7633444005981498,0.720838506036893
3.871,0.5446726846990485,0.6915323262159615
3.872,0.3957935873496496,0.6612647464105201
3.873,0.24356502987252188,0.6301339735285159
3.874,0.16998296908848684,0.5982402630427232
3.875,0.1441746771945303,0.5656854249492484
3.876,0.08814352201372971,0.5325723236373664
3.877,0.15568320546742978,0.4990043744347835
3.878,0.16807179763560573,0.46508503960907205
3.879,0.32222170175910225,0.43091732660697346
3.88,0.37340705820453607,0.39660329129705374
3.881,0.5353683913493756,0.3622435489515312
3.882,0.5948792208850414,0.327936795656041
3.883,0.7186751395793488,0.29377934277495343
3.884,0.6416773903059044,0.2598646670232415
3.885,0.6172359076734458,0.2262829786059206
3.886,0.596447552274215,0.19312080978042728
3.887,0.4691338356278462,0.16046062608050563
3.888,0.3375744300630576,0.12838046230858946
3.889,0.26087326314944903,0.09695358526233841
3.89,0.06608103327023701,0.06624818500674909
3.891,-0.12191779019682947,0.036327096340067366
3.892,-0.27273431549541083,0.007247551928414919
3.893,-0.4088861856381725,-0.02093903159639901
3.894,-0.41014789909079985,-0.04818723347074769
3.895,-0.5538780019591892,-0.07445777365346776
3.896,-0.580578410245468,-0.09971762198930822
3.897,-0.4561556939431064,-0.12394007117381355
3.898,-0.42023836168360024,-0.1471047732181256
3.899,-0.22670443923647932,-0.1691977393204259
3.9,-0.2112595288108396,-0.1902113032590239
3.901,-0.03724703397044525,-0.21014404862939012
3.902,0.07879055630192072,-0.22900070045369741
3.903,0.09641223228712809,-0.2467919818935388
3.904,0.13472416462158637,-0.2635344369948805
3.905,0.2004044406499007,-0.2792502205873355
3.906,0.15700425240320892,-0.2939668566461617
3.907,-8.372316380722555e-05,-0.307716966604089
3.908,-0.1011720311913846,-0.32053796927080286
3.909,-0.29487130690743535,-0.33247175417823993
3.91,-0.31974885616114274,-0.34356433032029876
3.911,-0.5033961875890396,-0.35386545239489253
3.912,-0.6344176071532546,-0.3634282267826427
3.913,-0.8040241109880691,-0.3723086996112809
3.914,-0.852464955811319,-0.38056542935493504
3.915,-0.8573774030072013,-0.38825904650449866
3.916,-0.850320259256065,-0.3954518029173214
3.917,-0.7615513179596763,-0.4022071135116298
3.918,-0.6497537314792549,-0.4085890930129578
3.919,-0.46293523518392093,-0.41466209048664804
3.92,-0.4212909056022057,-0.4204902244010111
3.921,-0.24246316696839654,-0.42613692096093836
3.922,-0.20036000597906606,-0.4316644584315132
3.923,-0.14007372526490286,-0.43713352013462997
3.924,-0.02871939228626351,-0.44260275875068383
3.925,-0.06203724320570926,-0.4481283744907396
3.926,-0.02520135060365897,-0.4537637096232395
3.927,-0.12671937925621526,-0.45955886174459315
3.928,-0.279227810011978,-0.4655603180734095
3.929,-0.2633119596232377,-0.4718106129263788
3.93,-0.49985047892375467,-0.4783480103995531
3.931,-0.6897686337191355,-0.48520621413265963
3.932,-0.7209905977887325,-0.4924141058774314
3.933,-0.8931977363948603,-0.49999551442458046
3.934,-0.8923378072536513,-0.5079690162684382
3.935,-0.9956835425920765,-0.5163477692049545
3.936,-0.9747507198121569,-0.5251393798688112
3.937,-0.8846101851087408,-0.5343458060190652
3.938,-0.7847378824858953,-0.5439632941824822
3.939,-0.6623006510344441,-0.553982353059378
3.94,-0.5679774084395249,-0.5643877628903844
3.941,-0.4149563044439595,-0.5751586207748949
3.942,-0.2919399139157656,-0.5862684217243327
3.943,-0.22560476201540433,-0.597685175026814
3.944,-0.1871024474937053,-0.6093715552959558
3.945,-0.22909688530495195,-0.6212850873757068
3.946,-0.18143596547338575,-0.6333783640774047
3.947,-0.2798547001008624,-0.6455992955352386
3.948,-0.40993265934525347,-0.6578913887828479
3.949,-0.48002575396628416,-0.6701940559786939
3.95,-0.7395562948581209,-0.6824429495415093
3.951,-0.7678665171544304,-0.694570322300327
3.952,-0.9718997052952814,-0.7065054106183178
3.953,-1.0695317586436053,-0.7181748383150183
3.954,-1.173280236004188,-0.7295030390901408
3.955,-1.2570956115440706,-0.7404126950431373
3.956,-1.1843850170593264,-0.75082518878789
3.957,-1.111328917773808,-0.7606610665807565
3.958,-1.0072948554897163,-0.7698405098142349
3.959,-0.9252627875837569,-0.7782838121775016
3.96,-0.8736134533971416,-0.7859118597489878
3.961,-0.7152554175808242,-0.792646611266262
3.962,-0.45182742733191517,-0.7984115758140693
3.963,-0.4827760770642464,-0.8031322851820918
3.964,-0.3216793475090843,-0.806736758171472
3.965,-0.39651942366773696,-0.8091559541710331
3.966,-0.38964701743823893,-0.8103242133819466
3.967,-0.4211137032893421,-0.8101796811420742
3.968,-0.5769691282200616,-0.8086647138884573
3.969,-0.6029800114981223,-0.8057262643972369
3.97,-0.7982871097324451,-0.8013162440551123
3.971,-0.9160154736607897,-0.7953918600439897
3.972,-1.0631235693117083,-0.7879159254593662
3.973,-1.1165659765226357,-0.7788571405346222
3.974,-1.133014066042864,-0.7681903433040248
3.975,-1.211148165713199,-0.7558967282082705
3.976,-1.100750952028724,-0.7419640313258855
3.977,-1.1149081609043754,-0.7263866811005021
3.978,-0.9431054355851095,-0.7091659136275849
3.979,-0.8098029257821282,-0.6903098517631417
3.98,-0.7125768304269202,-0.6698335475196386
3.981,-0.5001489517668122,-0.6477589874210391
3.982,-0.3593170596512106,-0.6241150606968401
3.983,-0.2690075299861261,-0.5989374904037765
3.984,-0.12997319807211427,-0.5722687277726957
3.985,-0.08830622844051217,-0.5441578102848529
3.986,-0.08958822974545481,-0.5146601841859599
3.987,-0.12252294364059006,-0.48383749234698425
3.988,-0.19085437540038133,-0.451757328575075
3.989,-0.29414329704896963,-0.41849295966787825
3.99,-0.3785296528851492,-0.38412301668568893
3.991,-0.5135453730528582,-0.3487311570895293
3.992,-0.470636683430095,-0.31240569955724296
3.993,-0.6956702107316906,-0.2752392334443865
3.994,-0.6886930804209777,-0.23732820499876867
3.995,-0.6690021667522026,-0.198772482569125
3.996,-0.5060305989266877,-0.159674903166858
3.997,-0.5370038363125121,-0.12014080284469775
3.998,-0.32774400505974866,-0.08027753344759209
3.999,-0.169315853234949,-0.04019396836809295
4.0,0.013344092186979187,-6.270191611634449e-15
4.001,0.22870534234136242,0.04019396836810313
4.002,0.39341407136906986,0.08027753344757961
4.003,0.46616017725259923,0.12014080284468535
4.004,0.5954110334794075,0.15967490316683447
4.005,0.5742084012830272,0.1987724825691129
4.006,0.6692673576724418,0.23732820499876792
4.007,0.6075373037998342,0.2752392334443637
4.008,0.5694537660504572,0.31240569955723146
4.009,0.4203739299655349,0.34873115708952906
4.01,0.40031790815449353,0.38412301668567805
4.011,0.21157256437607508,0.4184929596678678
4.012,0.1931853493151493,0.45175732857504725
4.013,0.07071962115732676,0.4838374923469745
4.014,0.0526991104477034,0.5146601841859664
4.015,0.14034709438664028,0.5441578102848338
4.016,0.1678100132764179,0.5722687277726871
4.017,0.2808479684418798,0.5989374904037782
4.018,0.4220007824652752,0.6241150606968324
4.019,0.4777877916667144,0.6477589874210319
4.02,0.7297924140172507,0.6698335475196221
4.021,0.7707472729846947,0.6903098517631356
4.022,1.0035132905410646,0.7091659136275869
4.023,1.0707108199852042,0.7263866811004903
4.024,1.1327274579531186,0.7419640313258808
4.025,1.2304755229004485,0.7558967282082708
4.026,1.2339638366436212,0.7681903433040213
4.027,1.1795255234691737,0.7788571405346191
4.028,1.061013684546802,0.7879159254593562
4.029,0.9397277995659372,0.7953918600439875
4.03,0.8223909074830733,0.8013162440551174
4.031,0.6788191799492552,0.8057262643972295
4.032,0.5658155839402595,0.8086647138884566
4.033,0.45428201211776836,0.8101796811420798
4.034,0.4160601340293768,0.8103242133819468
4.035,0.2940676419090166,0.8091559541710337
4.036,0.3735103868351743,0.8067367581714785
4.037,0.38372077795954374,0.803132285182093
4.038,0.5449762929866429,0.7984115758140642
4.039,0.719266170831672,0.7926466112662601
4.04,0.7669484684710954,0.78591185974899
4.041,0.9224315408581992,0.7782838121775074
4.042,1.0646033419426943,0.7698405098142377
4.043,1.0420097967788657,0.7606610665807594
4.044,1.157916201834942,0.7508251887879023
4.045,1.2049933214140547,0.7404126950431407
4.046,1.0415986823966468,0.7295030390901349
4.047,1.043160146060791,0.7181748383150311
4.048,1.0150430930851524,0.7065054106183215
4.049,0.8737478457870425,0.6945703223003213
4.05,0.6974156786363889,0.6824429495415131
4.051,0.5664243141076749,0.6701940559786977
4.052,0.40199219462816527,0.6578913887828525
4.053,0.30375744436420066,0.6455992955352424
4.054,0.19277678339096085,0.633378364077407
4.055,0.17591759469259602,0.6212850873757123
4.056,0.15610130750650655,0.6093715552959595
4.057,0.2841668613254362,0.5976851750268151
4.058,0.38262743457279974,0.5862684217243362
4.059,0.4912974853340359,0.5751586207748983
4.06,0.5480634124232533,0.5643877628903933
4.061,0.6548890389534744,0.5539823530593813
4.062,0.859545604144153,0.5439632941824806
4.063,0.9201597415914305,0.5343458060190727
4.064,0.9662581858625956,0.5251393798688141
4.065,0.9410024858071462,0.5163477692049521
4.066,0.9529710011067486,0.5079690162684407
4.067,0.8206420395068098,0.4999955144245829
4.068,0.7822799636522603,0.49241410587742906
4.069,0.6794193295856115,0.48520621413266174
4.07,0.5435898321558519,0.4783480103995546
4.071,0.36109392762203285,0.47181061292638093
4.072,0.14577609255694587,0.46556031807341136
4.073,0.10339441951364757,0.45955886174459554
4.074,0.11137554705273124,0.4537637096232413
4.075,-0.036616089126941996,0.4481283744907494
4.076,0.01226006350147038,0.44260275875070215
4.077,0.12961684673793358,0.4371335201346317
4.078,0.19184645178289988,0.4316644584315061
4.079,0.386285526471588,0.42613692096093836
4.08,0.3911754490718249,0.4204902244010037
4.081,0.5141295065258017,0.41466209048664987
4.082,0.7220574739779421,0.40858909301295976
4.083,0.7184296158495262,0.4022071135116318
4.084,0.815556515697422,0.3954518029173221
4.085,0.8356331847101077,0.38825904650449083
4.086,0.8499804406231944,0.3805654293549487
4.087,0.7609370658010844,0.3723086996113044
4.088,0.6462141868813149,0.3634282267826455
4.089,0.47682586474752875,0.35386545239488487
4.09,0.39216449108356877,0.3435643303203021
4.091,0.3544470684185917,0.3324717541782326
4.092,0.08368588969612362,0.32053796927081973
4.093,-0.05235379256275644,0.3077169666040931
4.094,-0.18592309452637082,0.29396685664616284
4.095,-0.19624903738534194,0.2792502205873442
4.096,-0.17298940469584398,0.2635344369948743
4.097,-0.13864967518584065,0.2467919818935274
4.098,-0.03614577645899967,0.22900070045371448
4.099,0.14220704423302122,0.21014404862939617
4.1,0.24009797995376606,0.19021130325904165
4.101,0.301902078130478,0.1691977393204326
4.102,0.36327693896312574,0.14710477321810997
4.103,0.5414924243586291,0.12394007117384258
4.104,0.5257308833837024,0.09971762198932724
4.105,0.4553977566293704,0.07445777365346457
4.106,0.5046598705432894,0.04818723347075607
4.107,0.42602414643445086,0.020939031596396568
4.108,0.16021947540589604,-0.007247551928402762
4.109,0.06974836544335641,-0.036327096340047216
4.11,-0.0706663454590652,-0.0662481850067553
4.111,-0.2066307962786956,-0.09695358526231801
4.112,-0.41351368922515136,-0.12838046230857958
4.113,-0.5578039496282513,-0.16046062608051637
4.114,-0.5920094721260081,-0.19312080978040674
4.115,-0.6950158735384665,-0.22628297860590008
4.116,-0.6661579133340934,-0.2598646670232122
4.117,-0.702297616442675,-0.29377934277494283
4.118,-0.6465334799570807,-0.32793679565605943
4.119,-0.4710904301174675,-0.3622435489515103
4.12,-0.38650249488429766,-0.39660329129703387
4.121,-0.2549614498087679,-0.43091732660698256
4.122,-0.22188539611427674,-0.46508503960906145
4.123,-0.16675093906521832,-0.49900437443477297
4.124,-0.050168135802924306,-0.5325723236373561
4.125,-0.17660377550900905,-0.5656854249492302
4.126,-0.12020640234267335,-0.5982402630427132
4.127,-0.21325613776048932,-0.6301339735285061
4.128,-0.3623578023082568,-0.6612647464105105
4.129,-0.579986979427533,-0.6915323262159414
4.13,-0.7534994595058968,-0.7208385060368908
4.131,-0.8965474911384754,-0.7490876127498344
4.132,-1.0924919313335972,-0.7761869807287443
4.133,-1.2045728188473555,-0.8020474114284999
4.134,-1.2287696769657164,-0.826583616293237
4.135,-1.273740675967464,-0.8497146405364304
4.136,-1.3413226908386406,-0.871364265444442
4.137,-1.228474157031246,-0.8914613869744946
4.138,-1.1562715998518234,-0.9099403685497596
4.139,-1.0054035633828906,-0.9267413660972899
4.14,-0.9190451658546845,-0.941810623529321
4.141,-0.773699847414746,-0.9551007370328781
4.142,-0.682984419537538,-0.9665708867063809
4.143,-0.5729322224080055,-0.9761870342646317
4.144,-0.6074313396521679,-0.9839220857222808
4.145,-0.544625796446199,-0.9897560181617624
4.146,-0.5672598482886293,-0.9936759698923459
4.147,-0.6413686439197818,-0.9956762935110977
4.148,-0.713499742839903,-0.9957585715841906
4.149,-0.829498761226951,-0.9939315948755192
4.15,-0.9745210201762694,-0.9902113032590311
4.151,-1.1307560923770361,-0.9846206896594788
4.152,-1.2711222342983455,-0.9771896675728683
4.153,-1.2881251074236595,-0.9679549029212031
4.154,-1.3709457308632766,-0.9569596111950234
4.155,-1.4349978753672425,-0.9442533210312661
4.156,-1.3656145395593626,-0.9298916055605426
4.157,-1.3477254176148454,-0.9139357830378512
4.158,-1.159541127399503,-0.8964525884418197
4.159,-1.0245066630611492,-0.8775138178884138
4.16,-0.8801746258706566,-0.8571959478564714
4.161,-0.6331380763012581,-0.8355797313620498
4.162,-0.5944925745955638,-0.812749773345506
4.163,-0.3964807221146127,-0.7887940876506392
4.164,-0.24835987930561892,-0.7638036380757147
4.165,-0.2447811499148926,-0.7378718660635601
4.166,-0.284380326622158,-0.7110942076710365
4.167,-0.3648727006226995,-0.6835676025144992
4.168,-0.44536912096311865,-0.6553899974313667
4.169,-0.5040642679541545,-0.626659847624601
4.17,-0.624955647423532,-0.5974756180670034
4.171,-0.7357748117662293,-0.5679352879391121
4.172,-0.8156917626036335,-0.5381358608532024
4.173,-0.8763204147642545,-0.5081728835800666
4.174,-0.8867069303718846,-0.4781399759448613
4.175,-0.9476402232692577,-0.44812837449076054
4.176,-0.8734916766071928,-0.4182264924290644
4.177,-0.7589640290808377,-0.38851949829917265
4.178,-0.6314116869202565,-0.35908891565173695
4.179,-0.3956129451203635,-0.33001224594819706
4.18,-0.2920727530247125,-0.301362616733583
4.181,-0.19869440200436375,-0.2732084569947254
4.182,0.03561741653607803,-0.24561320145901142
4.183,0.16724917095675457,-0.21863502542173197
4.184,0.2306436996883131,-0.19232661151471525
4.185,0.23472918337772516,-0.16673494964590682
4.186,0.35639644899729106,-0.14190117114807127
4.187,0.2034018729457183,-0.11786041797970978
4.188,0.19629250416863447,-0.09464174761963703
4.189,0.07479159453908166,-0.0722680740922324
4.19,-0.026723723393084587,-0.05075614535421055
4.191,-0.10089988756671728,-0.030116557064725102
4.192,-0.25239161119933395,-0.010353802553319108
4.193,-0.3778705751435028,0.008533641406932968
4.194,-0.35718254770930497,0.026553193618408827
4.195,-0.4315259649335397,0.04371801306822512
4.196,-0.3613863017542993,0.06004681012273104
4.197,-0.3402173662969492,0.07556362549239365
4.198,-0.2155370342887483,0.09029757833631857
4.199,-0.03271959559988668,0.1042825850513785
4.2,0.1322805188017373,0.1175570504584936
4.201,0.2011255558157543,0.13016353325476343
4.202,0.42654324599939375,0.14214838774775623
4.203,0.4848418724270929,0.15356138402224304
4.204,0.6436182617725421,0.16445530881288067
4.205,0.6108069723121762,0.17488554946515647
4.206,0.5679402050144364,0.18490966346364077
4.207,0.561676765874591,0.1945869360874767
4.208,0.4318318923089773,0.20397792882056703
4.209,0.4029594743215083,0.2131440211954174
4.21,0.22216815708846077,0.2221469487870896
4.211,0.08592362770084377,0.2310483400933487
4.212,-0.0009220677300456753,0.23990925504427968
4.213,-0.15546581716383284,0.2487897278729278
4.214,-0.22179326149257797,0.25774831705339185
4.215,-0.166824271851045,0.2668416649712895
4.216,-0.19583819071864664,0.27612406993451816
4.217,-0.12241098055738533,0.28564707306137005
4.218,0.06442594021358537,0.29545906249635445
4.219,0.18754981423477105,0.3056048973041353
4.22,0.26597237158069115,0.3161255532788085
4.221,0.4413499985300046,0.3270577927789379
4.222,0.5667879618540601,0.33843386056022695
4.223,0.7853916268190075,0.3502812074286683
4.224,0.8268380928117328,0.36262224337606497
4.225,0.8086403278499834,0.37547412169019445
4.226,0.8398717752607575,0.38884855535418805
4.227,0.7125618668942514,0.4027516668627948
4.228,0.654781389876063,0.41718387239199284
4.229,0.5753919791661453,0.432139801059792
4.23,0.465697479780105,0.4476082498143139
4.231,0.32061616179110575,0.4635721742803104
4.232,0.2254258925848993,0.4800087156879709
4.233,0.13596507472911293,0.4968892637996709
4.234,0.07966102713004931,0.5141795555437683
4.235,0.06999398516986328,0.531839808857499
4.236,0.10479886379897108,0.5498248910388979
4.237,0.21330437358443993,0.5680845207080191
4.238,0.3384927623197322,0.5865635022832836
4.239,0.4740787109157607,0.6052019916917384
4.24,0.5767919098503342,0.6239357918503872
4.241,0.741797209706394,0.6426966762834105
4.242,0.9418713748470621,0.661412739077544
4.243,1.102933348719451,0.6800087692238456
4.244,1.132478698047918,0.6984066472527589
4.245,1.1500590254400986,0.7165257619391784
4.246,1.1712324952866893,0.7342834447361771
4.247,1.0701802100608007,0.7515954194925822
4.248,1.0852373547115026,0.7683762649184692
4.249,0.9310613004360924,0.7845398871869869
4.25,0.7732217114715385,0.7999999999999962
4.251,0.6689411432857051,0.8146706093981751
4.252,0.5428816877526628,0.8284665005667574
4.253,0.5297128754762733,0.8413037238723374
4.254,0.4170350414563105,0.8531000773669845
4.255,0.41999021285767063,0.8637755830130469
4.256,0.4682265798463664,0.8732529539131332
4.257,0.4877697382588344,0.8814580498781446
4.258,0.6315653338420459,0.88832031872826
4.259,0.7656929961068265,0.8937732207997011
4.26,0.8355914813810138,0.897754634221859
4.261,1.0493727456548212,0.9002072386350152
4.262,1.1637517560717883,0.9010788751379264
4.263,1.2695791795396867,0.9003228803863423
4.264,1.3272990137791842,0.897898392906724
4.265,1.354137424761908,0.8937706298439048
4.266,1.3693802938862636,0.8879111325264131
4.267,1.1971753303919228,0.8802979794066262
4.268,1.1217332352269003,0.8709159651152514
4.269,1.0254791371861842,0.8597567445589746
4.27,0.8660559758948176,0.846818941185625
4.271,0.7114267934062595,0.8321082187413218
4.272,0.6612770411445723,0.8156373160492638
4.273,0.4579338180418846,0.7974260445459481
4.274,0.39476332803744213,0.7775012485200614
4.275,0.2936138458541708,0.7558967282082711
4.276,0.2649611988211407,0.7326531261098534
4.277,0.3311874324510983,0.7078177770891777
4.278,0.4454195663598038,0.6814445230376958
4.279,0.5308089597902351,0.6535934930658177
4.28,0.6404609052131559,0.6243308503891283
4.281,0.724212379256115,0.5937285072593076
4.282,0.8114150682491144,0.5618638094700537
4.283,0.8856825498362352,0.5288191921392074
4.284,0.9516362589676479,0.49468180862823646
4.285,0.9431722317387901,0.4595431346119733
4.286,0.8112243157967306,0.42349854945074084
4.287,0.7811982469887111,0.38664689714274614
4.288,0.5875645435525484,0.3490900292512069
4.289,0.4687468458415721,0.3109323322991272
4.29,0.26460161251430747,0.2722802422128233
4.291,0.15681564296814493,0.23324174846732212
4.292,-0.08730045804762628,0.19392589064323662
4.293,-0.20247092368594313,0.1544422501469916
4.294,-0.2888112661568903,0.11490043987354989
4.295,-0.40954875940569613,0.07540959459921918
4.296,-0.3948118496598835,0.03607786488998717
4.297,-0.37770912556626196,-0.002988082712596679
4.298,-0.326739459368709,-0.04168355650083418
4.299,-0.23655288625775406,-0.07990631872976303
4.3,-0.07307646653305575,-0.11755705045848783
4.301,-0.03942418149802722,-0.15453979957639447
4.302,0.0963972692552251,-0.19076240958321092
4.303,0.1505045207479811,-0.22613692680201797
4.304,0.11151624387620973,-0.26057998382561476
4.305,0.17675362040448564,-0.29401315713257203
4.306,0.04507160698693124,-0.32636329695557115
4.307,0.03161849295388525,-0.3575628276414337
4.308,-0.14333431910407085,-0.3875500169104354
4.309,-0.2768768749990589,-0.4162692125980317
4.31,-0.4954422436306367,-0.4436710456456789
4.311,-0.6038749528247646,-0.46971259830022993
4.312,-0.7217828834886524,-0.49435753667586796
4.313,-0.9139124716255661,-0.5175762070359409
4.314,-0.9916078111346245,-0.5393456953560498
4.315,-0.9914650089946763,-0.5596498499373759
4.316,-0.9872699664349697,-0.5784792670480197
4.317,-1.057256059183897,-0.5958312397788714
4.318,-0.7955967794877123,-0.6117096705073795
4.319,-0.7440404556955365,-0.6261249475687016
4.32,-0.6112170404362044,-0.6390937869343758
4.321,-0.5173230102943582,-0.6506390398965517
4.322,-0.4705002447566165,-0.6607894679461734
4.323,-0.2785329562999394,-0.6695794862186966
4.324,-0.2716809658532471,-0.6770488770568401
4.325,-0.21148520764039513,-0.6832424754077288
4.326,-0.2689864384070456,-0.6882098279293812
4.327,-0.318425605195287,-0.6920048278286604
4.328,-0.46118181931284213,-0.6946853275880787
4.329,-0.5226795266861172,-0.6963127318619984
4.33,-0.744486734511237,-0.6969515729329333
4.331,-0.7459039416699437,-0.6966690712146958
4.332,-0.8705201015039767,-0.6955346833718559
4.333,-0.9923693047418766,-0.6936196406918224
4.334,-1.0679527533009667,-0.6909964803991359
4.335,-1.1411205069671877,-0.687738572637842
4.336,-1.0652332099728414,-0.6839196458699308
4.337,-1.0475180208435129,-0.6796133134437164
4.338,-1.001536669297084,-0.6748926040757027
4.339,-0.7487590898721783,-0.669829498964726
4.34,-0.6193414996989409,-0.6644944782157821
4.341,-0.5211519960321552,-0.6589560791947
4.342,-0.43778447612567684,-0.6532804693639869
4.343,-0.306921415658565,-0.647531036064148
4.344,-0.286638386668042,-0.6417679956053671
4.345,-0.14824478981623895,-0.636048023920958
4.346,-0.266580837249899,-0.630423910908148
4.347,-0.24941335816919993,-0.6249442404437309
4.348,-0.3888974682919366,-0.6196530979123633
4.349,-0.5326002972569407,-0.6145898069256948
4.35,-0.6002544930098158,-0.6097886967409715
4.351,-0.7576885245908404,-0.6052789017096503
4.352,-0.8320599932157048,-0.6010841939010433
4.353,-1.011984708071689,-0.5972228498538319
4.354,-1.0519755703626126,-0.5937075522108197
4.355,-1.136051015130091,-0.5905453267904553
4.356,-1.1030868150695707,-0.5877375154436204
4.357,-0.8774097359069136,-0.5852797848373574
4.358,-0.7643216048671075,-0.5831621710994348
4.359,-0.7167177593099638,-0.5813691600502328
4.36,-0.6128329531791458,-0.5798798025429188
4.361,-0.4515481737804255,-0.5786678642294768
4.362,-0.2782556772403479,-0.5777020088714334
4.363,-0.23346392744400088,-0.5769460141198552
4.364,-0.13887823148669565,-0.5763590185011858
4.365,-0.1264060401842116,-0.5758957981649616
4.366,-0.1702841462474443,-0.5755070717769492
4.367,-0.23212989414874696,-0.5751398317778018
4.368,-0.29850150167549816,-0.5747377000744578
4.369,-0.4742591840762207,-0.5742413060894654
4.37,-0.5555195111380615,-0.5735886849630247
4.371,-0.7306364994399117,-0.5727156935851474
4.372,-0.8309651133764164,-0.57155644203076
4.373,-0.8787428827022302,-0.5700437378802091
4.374,-1.0028126549734218,-0.5681095408315385
4.375,-0.9788932513415689,-0.5656854249492486
4.376,-1.0623597924166934,-0.5627030458485354
4.377,-0.941966778097461,-0.5590946100830746
4.378,-0.8181891626773694,-0.5547933439888277
4.379,-0.6118583795383187,-0.5497339592377813
4.38,-0.6222511957012764,-0.5438531123709046
4.381,-0.4018806026188642,-0.5370898556118968
4.382,-0.2066151587421698,-0.5293860763103606
4.383,-0.18803009116759023,-0.5206869224256458
4.384,-0.09147933162371227,-0.510941211539505
4.385,-0.036832261575152285,-0.5001018209773739
4.386,-0.05277028224197266,-0.488126056723706
4.387,-0.048287532448249196,-0.4749759989351612
4.388,-0.17817650605235194,-0.4606188219869111
4.389,-0.2528585238409135,-0.4450270871301366
4.39,-0.4425793402855272,-0.42817900599316294
4.391,-0.5787373372414005,-0.41005867332269824
4.392,-0.6641885587878096,-0.39065626753536353
4.393,-0.7803899890342851,-0.3699682178308835
4.394,-0.7566323012923403,-0.34799733680791023
4.395,-0.7901880422280589,-0.3247529177178492
4.396,-0.7550977840241115,-0.3002507956922047
4.397,-0.6186246835673224,-0.2745133724834543
4.398,-0.5578215991156903,-0.24756960446504356
4.399,-0.32769251275991856,-0.21945495384544275
4.4,-0.20934479879866477,-0.19021130325902447
4.401,0.025534671128107367,-0.15988683410439444
4.402,0.12025799119564064,-0.12853586920679191
4.403,0.2931153535470323,-0.09621868058394928
4.404,0.3721566639917252,-0.06300126329200756
4.405,0.45080099842560917,-0.02895507652297033
4.406,0.438216554709719,0.005843246690988707
4.407,0.33883397060539483,0.041312219630383534
4.408,0.38222095529419875,0.07736585019295848
4.409,0.2494643460549571,0.11391401548451253
4.41,0.18244350377374868,0.15086286067961657
4.411,0.07666743160362798,0.18811521999755487
4.412,-0.06986416525918726,0.22557105751283635
4.413,-0.13752153827138822,0.26312792540437563
4.414,-0.10107979112569077,0.30068143714914836
4.415,-0.12400420809765343,0.33812575307876713
4.416,-0.015164185508723275,0.37535407564542767
4.417,0.041073466505715125,0.41225915168894994
4.418,0.22516680651977533,0.4487337789534441
4.419,0.3625458459762824,0.48467131407673253
4.42,0.5314851790155108,0.5199661792669404
4.421,0.6786115644029349,0.5545143648838207
4.422,0.8620143932604468,0.5882139251663787
4.423,1.0327372204500496,0.6209654643832221
4.424,1.0784794247215315,0.6526726107352191
4.425,1.1544894531550693,0.6832424754077151
4.426,1.1424159296338006,0.7125860942510157
4.427,1.1096606588426814,0.7406188496641176
4.428,1.100700664177024,0.7672608703678465
4.429,0.9795642555849896,0.7924374068747347
4.43,0.8192553332082269,0.8160791806003465
4.431,0.7076432207553037,0.8381227047066316
4.432,0.5659323912521138,0.8585105749257975
4.433,0.5062152194624391,0.8771917287817232
4.434,0.47852215097086626,0.8941216718017495
4.435,0.4932872130791931,0.909262669496428
4.436,0.5245773076204336,0.9225839040768107
4.437,0.5256335853704022,0.9340615950753021
4.438,0.718255028934252,0.9436790832387147
4.439,0.8088182826235543,0.9514268772673824
4.44,0.9178230089548591,0.9573026631818636
4.441,1.1538243132742054,0.9613112763082126
4.442,1.2864991594825945,0.9634646360814767
4.443,1.33838917083752,0.9637816440751801
4.444,1.4186152222789599,0.96228804586994
4.445,1.4397142259262927,0.9590162575765155
4.446,1.437811476471082,0.9540051580257609
4.447,1.3404802363156438,0.9472998478296826
4.448,1.1503472091364164,0.9389513767023887
4.449,1.1484663980341028,0.9290164406064784
4.45,0.960183326037654,0.9175570504584933
4.451,0.7452015586052827,0.9046401742848561
4.452,0.5846489884409863,0.8903373548669198
4.453,0.5308591947973261,0.8747243050499034
4.454,0.41877464914553164,0.8578804830130281
4.455,0.40308846406904564,0.8398886499090873
4.456,0.4225952536963479,0.8208344123780026
4.457,0.4140904295326459,0.800805752521243
4.458,0.47074486475257993,0.7798925479915694
4.459,0.6345611761517597,0.7581860849056158
4.46,0.7144430521121723,0.7357785663232662
4.461,0.8576640979585917,0.7127626190604917
4.462,0.9000011076602483,0.6892308016071471
4.463,1.0192454544020024,0.6652751159122803
4.464,1.0975600337485938,0.6409865257741547
4.465,1.090691784836237,0.6164544845303652
4.466,0.9882075881861104,0.5917664746882386
4.467,0.8843346347602796,0.5670075620642434
4.468,0.8073938780364089,0.5422599669147588
4.469,0.679101613791541,0.5176026544420734
4.47,0.5093179525525868,0.49311094694481383
4.471,0.3093121185139141,0.4688561597571173
4.472,0.1923148771497316,0.4449052629818967
4.473,0.11735714225642366,0.4213205708741188
4.474,-0.021610184270231217,0.39815946057022955
4.475,-0.13985179574251771,0.3754741216902271
4.476,-0.06653608064876972,0.35331133816002447
4.477,0.04941293479717876,0.33171230341734526
4.478,-0.005286526085924746,0.31071246997032287
4.479,0.15247277308602988,0.2903414340816135
4.48,0.26156943882712,0.2706228561483278
4.481,0.394467382982086,0.25157441714238593
4.482,0.5054812609273789,0.23320781126956136
4.483,0.6251853017080484,0.21552877479682944
4.484,0.6299039145788855,0.19853715079004852
4.485,0.6833173715869059,0.18222698929842407
4.486,0.5898558882995437,0.16658668231816595
4.487,0.5016513091783857,0.15159913266866723
4.488,0.3749779999304588,0.13724195572041678
4.489,0.18986187902849033,0.12348771272459597
4.49,0.12133543079122291,0.11030417431421094
4.491,0.04075697664347004,0.0976546125732406
4.492,-0.1606758245336413,0.0854981199065456
4.493,-0.2627978005121825,0.07378995279007952
4.494,-0.38201478699499986,0.06248189833839721
4.495,-0.4082506741556992,0.05152266149524763
4.496,-0.347731502263431,0.040858270536029695
4.497,-0.25327740339219734,0.030432498464946528
4.498,-0.18479814830037067,0.02018729779930546
4.499,-0.0967846161227156,0.010063246156917255
4.5,0.0014060231755820465,-3.920850495308613e-15
4.501,0.13738315788255345,-0.010063246156925068
4.502,0.21417577295514392,-0.02018729779930194
4.503,0.2756984481517187,-0.03043249846493147
4.504,0.3420452274863777,-0.040858270536026205
4.505,0.4004693398856333,-0.05152266149524419
4.506,0.3538138435373476,-0.06248189833839378
4.507,0.2314900264898963,-0.07378995279008595
4.508,0.17751230846308455,-0.08549811990652026
4.509,0.02866582191683457,-0.09765461257323732
4.51,-0.15721812852559108,-0.11030417431421596
4.511,-0.2773525206181357,-0.12348771272460049
4.512,-0.4145834392805981,-0.1372419557204136
4.513,-0.5403222657343726,-0.15159913266867045
4.514,-0.5574953080599263,-0.166586682318148
4.515,-0.7083430517821536,-0.18222698929842113
4.516,-0.7059445427513104,-0.19853715079004566
4.517,-0.5794549908875485,-0.2155287747968299
4.518,-0.4938660872255059,-0.23320781126955858
4.519,-0.37446345917027124,-0.2515744171423645
4.52,-0.2921817964795155,-0.2706228561483076
4.521,-0.1880007388166251,-0.2903414340816109
4.522,-0.04650175174646739,-0.3107124699703204
4.523,0.01468221863742963,-0.33171230341734104
4.524,0.1367069503590384,-0.3533113381600196
4.525,0.061556788312786895,-0.37547412169020544
4.526,0.02768856569390082,-0.39815946057022755
4.527,0.04175380217852108,-0.4213205708741118
4.528,-0.18819230851943178,-0.44490526298188915
4.529,-0.307552237680433,-0.46885615975711553
4.53,-0.467258569609347,-0.4931109469447989
4.531,-0.6274042361620458,-0.5176026544420513
4.532,-0.7951838398299129,-0.5422599669147574
4.533,-0.9233115777565997,-0.5670075620642421
4.534,-1.015728535427556,-0.5917664746882279
4.535,-1.089494240619705,-0.6164544845303541
4.536,-1.0559412059934021,-0.6409865257741441
4.537,-0.9481869298840331,-0.6652751159122687
4.538,-0.9053068887801579,-0.6892308016071355
4.539,-0.8396635456402778,-0.7127626190604911
4.54,-0.7015453743989777,-0.7357785663232658
4.541,-0.6538954737860565,-0.7581860849055976
4.542,-0.5258096706279917,-0.7798925479915633
4.543,-0.39883411128513546,-0.8008057525212426
4.544,-0.33337229230686805,-0.8208344123779913
4.545,-0.42072329679289117,-0.8398886499090761
4.546,-0.44924858305713977,-0.857880483013028
4.547,-0.42341162582602854,-0.874724305049891
4.548,-0.621983541344541,-0.8903373548669098
4.549,-0.6926480479082007,-0.9046401742848467
4.55,-0.9092827577674545,-0.9175570504584937
4.551,-1.0582268767821665,-0.92901644060647
4.552,-1.2156743757403747,-0.938951376702381
4.553,-1.2736552896379882,-0.9472998478296852
4.554,-1.327669488346443,-0.9540051580257616
4.555,-1.450416346782145,-0.9590162575765102
4.556,-1.4043615002915584,-0.9622880458699408
4.557,-1.2912361505689056,-0.9637816440751809
4.558,-1.2331499451245078,-0.9634646360814795
4.559,-1.1201043425182229,-0.9613112763082106
4.56,-0.9169209770271519,-0.9573026631818645
4.561,-0.7682311016101238,-0.9514268772673822
4.562,-0.6971614033339658,-0.9436790832387154
4.563,-0.5615092864871063,-0.9340615950753033
4.564,-0.5429474635801667,-0.9225839040768216
4.565,-0.4950819059155794,-0.9092626694964314
4.566,-0.46117963018359814,-0.8941216718017508
4.567,-0.5118778098098044,-0.8771917287817246
4.568,-0.6326822550634112,-0.8585105749258036
4.569,-0.7277040142269369,-0.8381227047066513
4.57,-0.858680955398669,-0.8160791806003614
4.571,-0.9132926600669193,-0.7924374068747432
4.572,-1.1104698017671215,-0.7672608703678556
4.573,-1.1451395863153018,-0.7406188496641275
4.574,-1.2150791884971173,-0.7125860942510175
4.575,-1.1164816512534232,-0.6832424754077423
4.576,-1.1527573850702537,-0.6526726107352306
4.577,-0.9837539439105019,-0.6209654643832241
4.578,-0.7871363280680641,-0.5882139251663807
4.579,-0.626634653101788,-0.5545143648838335
4.58,-0.5922024820340847,-0.5199661792669609
4.581,-0.33367728254276663,-0.48467131407675357
4.582,-0.22378926727704845,-0.4487337789534577
4.583,-0.09592694564864038,-0.41225915168896365
4.584,0.04808255851175666,-0.37535407564542994
4.585,0.1610058931985442,-0.33812575307878084
4.586,0.1512803501524523,-0.3006814371491825
4.587,0.0723240849250389,-0.2631279254043781
4.588,0.06713366591518685,-0.22557105751283887
4.589,-0.13880590580418567,-0.1881152199975678
4.59,-0.18098069261692196,-0.15086286067961924
4.591,-0.2859273247413799,-0.11391401548453707
4.592,-0.3387363860550171,-0.07736585019299225
4.593,-0.41348298564549546,-0.041312219630394775
4.594,-0.4394775227686224,-0.005843246690991483
4.595,-0.4280337046812781,0.02895507652296747
4.596,-0.3640778794012446,0.06300126329199812
4.597,-0.2462337282064582,0.09621868058391789
4.598,-0.12999425328070388,0.12853586920678897
4.599,0.009455113971502225,0.15988683410438712
4.6,0.20628123445112634,0.19021130325901794
4.601,0.3915575430602897,0.2194549538454397
4.602,0.4898319323677322,0.2475696044650178
4.603,0.6361949107252485,0.27451337248342755
4.604,0.7747024905468832,0.3002507956922016
4.605,0.7306424906271518,0.3247529177178461
4.606,0.8481608569909699,0.3479973368079087
4.607,0.6804596663099776,0.3699682178308828
4.608,0.6413450466187823,0.39065626753533833
4.609,0.5111087209164146,0.4100586733226992
4.61,0.515696085867874,0.4281790059931646
4.611,0.2858354385075611,0.4450270871301334
4.612,0.1760818121941096,0.46061882198690796
4.613,0.09608840186879236,0.4749759989351442
4.614,0.06397473670663949,0.48812605672368237
4.615,0.03696414982119032,0.5001018209773708
4.616,0.07765030702177395,0.5109412115395108
4.617,0.015460876835991788,0.5206869224256521
4.618,0.2671691062188346,0.5293860763103575
4.619,0.39874447300262916,0.5370898556118752
4.62,0.5853958642674176,0.5438531123709123
4.621,0.741154044637793,0.5497339592377893
4.622,0.8117883850647648,0.554793343988825
4.623,0.9558014208187635,0.5590946100830831
4.624,0.9466157269635669,0.5627030458485439
4.625,1.046379118657074,0.5656854249492298
4.626,0.9731859411989476,0.5681095408315359
4.627,0.8867134866237594,0.5700437378802179
4.628,0.828636258434154,0.5715564420307576
4.629,0.7677922389418212,0.5727156935851451
4.63,0.5808289064323,0.5735886849630198
4.631,0.4950431845278216,0.5742413060894607
4.632,0.28028502799025723,0.5747377000744558
4.633,0.2529962284909793,0.5751398317778091
4.634,0.12144523795464897,0.5755070717769563
4.635,0.13490894502452808,0.57589579816496
4.636,0.15705089931473892,0.5763590185011745
4.637,0.23934803600805088,0.5769460141198606
4.638,0.3232282701362877,0.5777020088714384
4.639,0.41004283524788177,0.5786678642294755
4.64,0.6150920806266251,0.5798798025429226
4.641,0.7896930712919664,0.5813691600502295
4.642,0.8243133977408702,0.5831621710994283
4.643,0.875928149248272,0.5852797848373568
4.644,1.0356857305105853,0.5877375154436215
4.645,1.027298111028369,0.5905453267904549
4.646,1.0164388703054372,0.5937075522108195
4.647,0.9835276075517583,0.5972228498538286
4.648,0.8473318602396666,0.6010841939010413
4.649,0.7335824703245803,0.6052789017096503
4.65,0.6057839160634618,0.6097886967409716
4.651,0.5343223169764235,0.6145898069256907
4.652,0.35635251854526706,0.6196530979123651
4.653,0.2114596497424517,0.6249442404437336
4.654,0.154613339329671,0.6304239109081421
4.655,0.19161722078733565,0.6360480239209516
4.656,0.168615443244882,0.641767995605368
4.657,0.22098124911845182,0.6475310360641404
4.658,0.41419854546981616,0.6532804693639847
4.659,0.5472783678407167,0.6589560791947012
4.66,0.6497690168600196,0.6644944782157834
4.661,0.8206335180794972,0.669829498964717
4.662,0.9469208333751097,0.6748926040756936
4.663,1.0677677363512612,0.679613313443727
4.664,1.1360850743603323,0.683919645869931
4.665,1.0335070291367436,0.6877385726378326
4.666,1.109351954392643,0.6909964803991377
4.667,1.0783934556877046,0.6936196406918244
4.668,0.9436197832618602,0.6955346833718465
4.669,0.8371748242538873,0.6966690712147108
4.67,0.7269795722000221,0.6969515729329356
4.671,0.5604920937233205,0.6963127318619898
4.672,0.4904987407459146,0.6946853275880707
4.673,0.3730266304511697,0.6920048278286628
4.674,0.2554918294777028,0.6882098279293837
4.675,0.22532062857874705,0.6832424754077382
4.676,0.1350604805159698,0.6770488770568426
4.677,0.29246175087435033,0.6695794862186992
4.678,0.3421553487061279,0.6607894679461686
4.679,0.5204305741079305,0.6506390398965477
4.68,0.6452086153791776,0.639093786934397
4.681,0.7930168252784727,0.626124947568699
4.682,0.9320798529169763,0.6117096705073777
4.683,0.9588381100607005,0.5958312397788742
4.684,1.0976713518577883,0.5784792670480225
4.685,1.0189479077461727,0.5596498499373765
4.686,0.9149124719402423,0.539345695356072
4.687,0.8591509795002396,0.5175762070359438
4.688,0.7439510321952233,0.4943575366758713
4.689,0.6324553318150646,0.4697125983002341
4.69,0.4057810496364828,0.44367104564568177
4.691,0.26529252981693396,0.4162692125980564
4.692,0.116605042146995,0.3875500169104641
4.693,-0.024419652133457287,0.3575628276414366
4.694,-0.06915552011005771,0.32636329695557403
4.695,-0.1303339873288048,0.29401315713258097
4.696,-0.12073276310303843,0.2605799838256244
4.697,-0.15116172791113808,0.22613692680204345
4.698,-0.025639851242414836,0.19076240958321372
4.699,-0.039077731331424566,0.15453979957640596
4.7,0.06202167841896958,0.11755705045849064
4.701,0.17041189875481064,0.07990631872976584
4.702,0.3065553877377336,0.04168355650086974
4.703,0.41514085484450225,0.0029880827126325255
4.704,0.3678118842172336,-0.03607786488998442
4.705,0.35552266920220604,-0.07540959459921648
4.706,0.30443427424689734,-0.11490043987353603
4.707,0.23252852225722367,-0.1544422501469889
4.708,0.05147246075419503,-0.19392589064321195
4.709,-0.11552077931516627,-0.2332417484673082
4.71,-0.32609605274713427,-0.27228024221280944
4.711,-0.4728588242149468,-0.3109323322991246
4.712,-0.5664949226653979,-0.3490900292511935
4.713,-0.7470675042722996,-0.38664689714271205
4.714,-0.8810681621934834,-0.42349854945071774
4.715,-0.8600973757028135,-0.4595431346119709
4.716,-0.9460657810434562,-0.4946818086282245
4.717,-0.8360786164286457,-0.528819192139205
4.718,-0.7702228938856825,-0.5618638094700513
4.719,-0.7305456896729523,-0.5937285072592785
4.72,-0.684272831484025,-0.6243308503891187
4.721,-0.42295582098320383,-0.6535934930658155
4.722,-0.4014501172554564,-0.6814445230376934
4.723,-0.3567156106093004,-0.7078177770891705
4.724,-0.2664325771860007,-0.7326531261098348
4.725,-0.27780461672739903,-0.7558967282082529
4.726,-0.29708828219178923,-0.7775012485200568
4.727,-0.459862308624428,-0.7974260445459442
4.728,-0.5383950160066885,-0.8156373160492619
4.729,-0.7404853804824034,-0.8321082187413198
4.73,-0.8201655653560709,-0.8468189411856104
4.731,-0.9997322068127884,-0.8597567445589728
4.732,-1.124178958427387,-0.8709159651152496
4.733,-1.2502096158289675,-0.8802979794066277
4.734,-1.3259261176827644,-0.8879111325264154
4.735,-1.3784998768044918,-0.8937706298439031
4.736,-1.2942566166521763,-0.8978983929067185
4.737,-1.2047923663854345,-0.9003228803863472
4.738,-1.1878489730258885,-0.901078875137925
4.739,-1.0171232659049374,-0.900207238635014
4.74,-0.8804672892354025,-0.8977546342218661
4.741,-0.7543916608770644,-0.8937732207996937
4.742,-0.6848807845311945,-0.8883203187282532
4.743,-0.5694642964538291,-0.8814580498781535
4.744,-0.4765167996264081,-0.8732529539131425
4.745,-0.49933577195592327,-0.863775583013046
4.746,-0.3688034158379462,-0.8531000773669837
4.747,-0.46253794723643943,-0.8413037238723458
4.748,-0.5651615789711272,-0.828466500566768
4.749,-0.7632223947001646,-0.8146706093981746
4.75,-0.872954834200821,-0.8000000000000071
4.751,-0.9236911901832923,-0.7845398871869977
4.752,-0.9540600298307135,-0.7683762649184704
4.753,-1.143598834796223,-0.7515954194925845
4.754,-1.127706956492502,-0.7342834447361879
4.755,-1.1857218582461768,-0.7165257619391785
4.756,-1.1241725092140031,-0.698406647252759
4.757,-0.9954790627368891,-0.6800087692238557
4.758,-0.9397541678157894,-0.6614127390775595
4.759,-0.8093585200741755,-0.6426966762834111
4.76,-0.5672129696854638,-0.6239357918503962
4.761,-0.46432203137844014,-0.6052019916917469
4.762,-0.2784119351282813,-0.5865635022832846
4.763,-0.23143682897467424,-0.5680845207080292
4.764,-0.0655824903476494,-0.5498248910389143
4.765,-0.07089471787611581,-0.5318398088575003
4.766,-0.06881261816236738,-0.5141795555437696
4.767,-0.1275664438737851,-0.4968892637996756
4.768,-0.23572435143622159,-0.480008715687975
4.769,-0.3245818392313914,-0.4635721742803249
4.77,-0.4653118593338793,-0.4476082498143165
4.771,-0.5328156060227119,-0.43213980105979366
4.772,-0.6898095226064174,-0.41718387239199384
4.773,-0.8266696034432625,-0.40275166686279695
4.774,-0.8840009370865829,-0.38884855535420315
4.775,-0.8945428477830265,-0.37547412169020944
4.776,-0.7658788454067429,-0.3626222433760674
4.777,-0.7603990273523048,-0.35028120742867075
4.778,-0.5909337930583398,-0.3384338605602236
4.779,-0.46065245954797246,-0.32705779277894065
4.78,-0.3187138970751863,-0.31612555327882963
4.781,-0.14901104170017912,-0.3056048973041303
4.782,-0.024623557481096122,-0.2954590624963489
4.783,-0.029978615303874287,-0.285647073061373
4.784,0.13890635276437155,-0.2761240699345117
4.785,0.20016246039125454,-0.2668416649712827
4.786,0.23583842770963478,-0.2577483170534156
4.787,0.18272622425909807,-0.248789727872931
4.788,-0.029931912056060994,-0.23990925504427202
4.789,-0.10597970459712144,-0.2310483400933521
4.79,-0.2847915413353913,-0.22214694878709296
4.791,-0.2914062656598257,-0.21314402119543124
4.792,-0.4279670440262035,-0.20397792882055912
4.793,-0.5446210680817172,-0.19458693608748015
4.794,-0.6062413013460302,-0.18490966346363305
4.795,-0.56966030545117,-0.17488554946514895
4.796,-0.5439777333552724,-0.16445530881287337
4.797,-0.4712972436247863,-0.15356138402226915
4.798,-0.3883845568880431,-0.14214838774774963
4.799,-0.28319031270402123,-0.1301635332547572
4.8,-0.08687205717777005,-0.11755705045849706
4.801,0.06741673862756718,-0.10428258505138192
4.802,0.1665802864115261,-0.09029757833633659
4.803,0.2744440652229417,-0.07556362549241966
4.804,0.4132611529924139,-0.0600468101227344
4.805,0.4728466312825619,-0.043718013068222344
4.806,0.3714464074778245,-0.026553193618406745
4.807,0.3449889390438196,-0.008533641406936188
4.808,0.2888944891431148,0.01035380255329768
4.809,0.18863816444332288,0.030116557064724964
4.81,0.02986149098458703,0.0507561453542075
4.811,0.008551251837299961,0.07226807409222943
4.812,-0.1529778052902199,0.09464174761963451
4.813,-0.2249418931501899,0.11786041797968605
4.814,-0.2157188979243161,0.1419011711480479
4.815,-0.30122751536387954,0.16673494964590407
4.816,-0.23918609587582068,0.19232661151470962
4.817,-0.19555551120784337,0.21863502542172944
4.818,-0.025784180962813263,0.24561320145900434
4.819,0.0745937085685775,0.27320845699469876
4.82,0.3312765909013165,0.3013626167335746
4.821,0.48586976341972987,0.3300122459481949
4.822,0.6125095069018016,0.3590889156517273
4.823,0.7485601974552339,0.38851949829916244
4.824,0.8766605813694224,0.41822649242904586
4.825,0.8526965310151468,0.44812837449074266
4.826,0.9142821229757756,0.4781399759448498
4.827,0.9002109233071554,0.508172883580065
4.828,0.7313482612884656,0.538135860853201
4.829,0.7343904556359405,0.5679352879390998
4.83,0.5305131195364535,0.5974756180669775
4.831,0.48289842080175904,0.6266598476245997
4.832,0.3443509897359743,0.6553899974313541
4.833,0.3767598182173347,0.6835676025144866
4.834,0.23683393317214185,0.7110942076710353
4.835,0.2218642703849335,0.7378718660635488
4.836,0.34116229140673493,0.7638036380756928
4.837,0.4081883209810319,0.7887940876506383
4.838,0.4880622006673482,0.8127497733455051
4.839,0.7175546918596244,0.8355797313620491
4.84,0.7775359853584789,0.8571959478564608
4.841,0.975121826453808,0.8775138178884069
4.842,1.137947221156587,0.8964525884418103
4.843,1.3100823261927672,0.9139357830378422
4.844,1.4096857725739058,0.9298916055605344
4.845,1.4383646109243688,0.9442533210312659
4.846,1.3788040919093552,0.9569596111950167
4.847,1.234920220598075,0.9679549029211951
4.848,1.2573271519532554,0.9771896675728682
4.849,1.1825012866971354,0.9846206896594789
4.85,1.0395629195716212,0.9902113032590277
4.851,0.8733919077964981,0.9939315948755194
4.852,0.6836750974790086,0.9957585715841922
4.853,0.6106063658972761,0.9956762935110993
4.854,0.6430531135093449,0.993675969892346
4.855,0.48308683677519754,0.9897560181617628
4.856,0.5100330042634538,0.9839220857222828
4.857,0.649831448842527,0.9761870342646346
4.858,0.684821153382476,0.9665708867063872
4.859,0.7687728846759687,0.9551007370328788
4.86,1.0029294706783451,0.9418106235293267
4.861,1.0842412526918133,0.9267413660972906
4.862,1.1591716855062737,0.9099403685497605
4.863,1.2096880410072979,0.8914613869745046
4.864,1.3812359603316688,0.8713642654444604
4.865,1.2987365677865672,0.8497146405364315
4.866,1.3104521711248576,0.8265836162932471
4.867,1.2018504006816402,0.8020474114285105
4.868,1.0198542817937961,0.7761869807287555
4.869,0.8676276156190359,0.7490876127498487
4.87,0.7786911019542178,0.7208385060369028
4.871,0.6109753720519921,0.6915323262159538
4.872,0.32168474383404505,0.6612647464105121
4.873,0.28806753649905437,0.6301339735285078
4.874,0.1654162385210035,0.5982402630427418
4.875,0.07435249843170787,0.5656854249492481
4.876,0.1150667350932292,0.5325723236373578
4.877,0.08096285532660558,0.4990043744347861
4.878,0.18192346189161535,0.4650850396090746
4.879,0.25992072982745157,0.4309173266069847
4.88,0.376611640730811,0.396603291297065
4.881,0.49844205667384806,0.3622435489515227
4.882,0.5518174927114348,0.32793679565606176
4.883,0.7207641513985853,0.29377934277494516
4.884,0.707571428691828,0.25986466702322353
4.885,0.748065499741205,0.22628297860592284
4.886,0.6146930433501114,0.1931208097804299
4.887,0.5025666750573994,0.16046062608052605
4.888,0.4632204504199703,0.12838046230858857
4.889,0.21288884313605178,0.09695358526232078
4.89,0.05911650412726323,0.06624818500675811
4.891,-0.07392865470878304,0.036327096340076
4.892,-0.3067648439351121,0.007247551928408924
4.893,-0.35654489167338305,-0.02093903159639357
4.894,-0.4528287831569895,-0.048187233470751434
4.895,-0.4736847609319475,-0.07445777365346079
4.896,-0.49209127420171545,-0.09971762198930158
4.897,-0.43599858452744444,-0.12394007117381677
4.898,-0.41602501277006815,-0.1471047732181086
4.899,-0.34276219953745546,-0.16919773932042936
4.9,-0.10581188669562538,-0.1902113032590384
4.901,-0.13215422578157748,-0.2101440486293972
4.902,-0.021557860076978533,-0.22900070045369358
4.903,0.13987078719553167,-0.24679198189352408
4.904,0.22944043726502134,-0.26353443699487755
4.905,0.17833181324921846,-0.27925022058734816
4.906,0.17398072367476558,-0.2939668566461595
4.907,-0.02349142823426488,-0.30771696660408976
4.908,-0.07601640422646319,-0.32053796927080336
4.909,-0.26837201899526,-0.3324717541782293
4.91,-0.3123478919911749,-0.3435643303202988
4.911,-0.5548123529270976,-0.3538654523948919
4.912,-0.6790443441555809,-0.36342822678265296
4.913,-0.7158053388815538,-0.37230869961128027
4.914,-0.7660678876070349,-0.3805654293549249
4.915,-0.8446177708336676,-0.38825904650449894
4.916,-0.8006203350857809,-0.3954518029173304
4.917,-0.7447532343054412,-0.40220711351162874
4.918,-0.6817095309222979,-0.40858909301296803
4.919,-0.5975079572708422,-0.4146620904866394
4.92,-0.3978945681256486,-0.42049022440100076
4.921,-0.2625554458611457,-0.4261369209609355
4.922,-0.13140011877632662,-0.43166445843151374
4.923,-0.06059321570271617,-0.43713352013462903
4.924,-0.06136732295702258,-0.44260275875068295
4.925,0.029485231964027272,-0.44812837449073994
4.926,-0.025843520499565134,-0.45376370962323975
4.927,-0.11481071204875781,-0.45955886174459315
4.928,-0.2128423880295716,-0.4655603180734166
4.929,-0.36036325259329194,-0.4718106129263856
4.93,-0.44279425924538157,-0.4783480103995459
4.931,-0.6809884509445874,-0.48520621413265336
4.932,-0.7966569068013856,-0.49241410587743184
4.933,-0.8772040772801729,-0.49999551442458123
4.934,-0.8713944146716954,-0.5079690162684392
4.935,-0.9241765472412337,-0.5163477692049475
4.936,-1.0187484443315236,-0.5251393798688091
4.937,-0.8443495699376492,-0.5343458060190669
4.938,-0.7544898490347708,-0.5439632941824795
4.939,-0.7400003335690467,-0.5539823530593788
4.94,-0.6652460937141891,-0.5643877628903903
4.941,-0.4389898382001041,-0.5751586207748943
4.942,-0.27686808182068434,-0.5862684217243289
4.943,-0.16997704876610825,-0.5976851750268074
4.944,-0.21622921353757868,-0.6093715552959591
4.945,-0.10120592318919346,-0.6212850873757121
4.946,-0.29452022757722385,-0.6333783640773987
4.947,-0.29626367261969816,-0.6455992955352413
4.948,-0.4100764520198805,-0.6578913887828519
4.949,-0.4850429275129991,-0.6701940559786893
4.95,-0.6305108509039161,-0.6824429495415042
4.951,-0.7954590235517099,-0.6945703223003218
4.952,-1.025030776099755,-0.7065054106183127
4.953,-1.0477277245118441,-0.7181748383150225
4.954,-1.1371167926792105,-0.729503039090137
4.955,-1.2572620704543251,-0.7404126950431414
4.956,-1.2614811742727565,-0.750825188787892
4.957,-1.0831991424486658,-0.7606610665807492
4.958,-1.0415478453849754,-0.7698405098142416
4.959,-0.9687487433444669,-0.7782838121775005
4.96,-0.7942387368972815,-0.7859118597489801
4.961,-0.6390273205529653,-0.7926466112662615
4.962,-0.5372222573492066,-0.7984115758140657
4.963,-0.5011540838383864,-0.8031322851820885
4.964,-0.3033390496960828,-0.8067367581714746
4.965,-0.318987235411525,-0.8091559541710407
4.966,-0.3957638791160635,-0.810324213381939
4.967,-0.45792581990938375,-0.8101796811420727
4.968,-0.5297818545683224,-0.8086647138884586
4.969,-0.7118534727581238,-0.8057262643972378
4.97,-0.7884091865936335,-0.8013162440551189
4.971,-0.9876788049871351,-0.7953918600439898
4.972,-1.0552406576648463,-0.7879159254593585
4.973,-1.189657647997603,-0.7788571405346162
4.974,-1.2408891349299374,-0.7681903433040271
4.975,-1.1400678236635526,-0.7558967282082811
4.976,-1.1675704278873382,-0.7419640313258888
4.977,-1.0821480691531373,-0.7263866811004909
4.978,-1.054124471602497,-0.7091659136275895
4.979,-0.8532475695726633,-0.6903098517631381
4.98,-0.6513850627714209,-0.6698335475196345
4.981,-0.5009358893143864,-0.6477589874210454
4.982,-0.4457728900193474,-0.6241150606968351
4.983,-0.2265943262688212,-0.5989374904037841
4.984,-0.12963094329788166,-0.5722687277726937
4.985,-0.04280733035689856,-0.5441578102848466
4.986,-0.11289399661069582,-0.5146601841859794
4.987,-0.2094625936836947,-0.4838374923469939
4.988,-0.2271247951157288,-0.4517573285750569
4.989,-0.32331791375387625,-0.4184929596678705
4.99,-0.3546546615744738,-0.38412301668568904
4.991,-0.5964582680940698,-0.3487311570895515
4.992,-0.5948433214917407,-0.3124056995572452
4.993,-0.5822650619700543,-0.2752392334443775
4.994,-0.6650151388182426,-0.23732820499878088
4.995,-0.6129198099220587,-0.19877248256911562
4.996,-0.6533222688416949,-0.15967490316684846
4.997,-0.5482780308417223,-0.12014080284471049
4.998,-0.2872911986653752,-0.08027753344760494
4.999,-0.17520300120660556,-0.04019396836810587
