time_s,motor_current_a
0.0,1.2103274362209144
0.0005,1.235733601110632
0.001,1.4625650124374594
0.0015,1.3755158784704073
0.002,1.5812359971359777
0.0025,1.667293670966583
0.003,1.366962257922577
0.0035,1.194673720137257
0.004,0.964101602549994
0.0045,1.0147036348205325
0.005,1.2921592536767252
0.0055,0.966672201580399
0.006,0.9558338800273027
0.0065,1.0003016939491503
0.007,1.075302977949483
0.0075,0.968303471105107
0.008,1.070863953096191
0.0085,1.271183940728364
0.009,1.3387636370864857
0.0095,1.4281210296343312
0.01,1.54101494903829
0.0105,1.4737968982964462
0.011,1.5942610692324568
0.0115,1.3524608137777239
0.012,1.370408995200748
0.0125,1.1116436181325144
0.013,1.2347648191295388
0.0135,1.0566672404975117
0.014,1.0959823897122476
0.0145,1.051116128024817
0.015,0.9426856928932482
0.0155,1.1927472175613398
0.016,1.1787785220069835
0.0165,1.2911995469710305
0.017,1.4025822381469988
0.0175,1.6255441051173198
0.018,1.3666837071397895
0.0185,1.639696819897195
0.019,1.3453772969102928
0.0195,1.3113738129669985
0.02,1.3568438226354553
0.0205,1.3775266814961549
0.021,1.104505200168704
0.0215,1.1278815664654045
0.022,1.128462108876558
0.0225,1.0241010233647463
0.023,1.0600721768277042
0.0235,1.2906692790792764
0.024,1.026598145885398
0.0245,1.016049681894236
0.025,1.107431206261094
0.0255,1.3520678976455394
0.026,1.3954671593304198
0.0265,1.5738293652947035
0.027,1.5446738497133934
0.0275,1.3850730388673298
0.028,1.553897982794973
0.0285,1.2214115709842295
0.029,1.2422644360736603
0.0295,1.2837571327304511
0.03,1.2625186439296388
0.0305,1.2339369396646345
0.031,1.0723012908945422
0.0315,1.076339572255141
0.032,0.8969858772448849
0.0325,1.116435108534481
0.033,1.2381089215819274
0.0335,1.451555055807979
0.034,1.2708661230619296
0.0345,1.4309032666015522
0.035,1.6181945611817252
0.0355,1.2261183009155001
0.036,1.4662202130713897
0.0365,1.450406068425716
0.037,1.2334358308726348
0.0375,1.2114598599575548
0.038,1.1104684788537142
0.0385,1.112368779188245
0.039,1.0426619179692231
0.0395,0.9493844335716773
0.04,0.8992556738565699
0.0405,0.9601582458459577
0.041,1.0428321968545922
0.0415,1.3959669032625799
0.042,1.3217290356039402
0.0425,1.5185308258859598
0.043,1.4875125929789355
0.0435,1.4784402804272867
0.044,1.3087057502894919
0.0445,1.2452205345139222
0.045,1.2144611792016868
0.0455,1.306936411594309
0.046,1.3617465697186835
0.0465,1.0346388673005933
0.047,1.097872063208049
0.0475,0.9400196255168314
0.048,0.9821112236896437
0.0485,1.0884209819034978
0.049,0.9736415694934397
0.0495,1.118376253694795
0.05,1.4160570699143276
0.0505,1.463727818115581
0.051,1.4467183271416548
0.0515,1.5760908961248237
0.052,1.4497300753753362
0.0525,1.5063383566023485
0.053,1.4397224996137694
0.0535,1.190910748093996
0.054,1.3042760225113494
0.0545,1.2405189157669072
0.055,1.260096826717548
0.0555,1.221509206304882
0.056,1.109269827333397
0.0565,0.9728789348011838
0.057,1.0886551472039692
0.0575,0.969020311831081
0.058,1.0471564590358093
0.0585,1.01218210009259
0.059,1.462010494366396
0.0595,1.4706510522495884
0.06,1.6067080495761643
0.0605,1.3250509410239693
0.061,1.3830862453020294
0.0615,1.4221014790735769
0.062,1.2186017514378387
0.0625,1.3257784886036723
0.063,1.1924146520614367
0.0635,1.1913369087767098
0.064,1.1813871799337936
0.0645,1.1427580545120546
0.065,1.011938527165444
0.0655,0.9353783213065897
0.066,1.0547130352794238
0.0665,1.3014760496730795
0.067,1.2881003448219908
0.0675,1.4952375030683638
0.068,1.5353899014249701
0.0685,1.555689028399697
0.069,1.406686696863835
0.0695,1.245480542774133
0.07,1.4153976424985653
0.0705,1.4129856874357904
0.071,1.1027598630203408
0.0715,1.2778873288765458
0.072,1.2886275727052618
0.0725,1.1636683972709272
0.073,0.9940784891779224
0.0735,0.9135378732309845
0.074,1.0533069313630679
0.0745,1.1746205455245557
0.075,1.3066627904405796
0.0755,1.4263047433656753
0.076,1.4406744524302186
0.0765,1.6285109047885076
0.077,1.6054427019489774
0.0775,1.5100731903495064
0.078,1.424816203046277
0.0785,1.5209065452934591
0.079,1.2495036037656055
0.0795,1.4054246817583702
0.08,1.1570551123685524
0.0805,1.2739205924476316
0.081,1.2093342443560209
0.0815,0.9981863945667807
0.082,1.185531358576536
0.0825,1.12716179753835
0.083,1.115230800229732
0.0835,1.317861324065081
0.084,1.6056829337365965
0.0845,1.6683092555170977
0.085,1.4841397107245213
0.0855,1.5310722494257414
0.086,1.4907929491442902
0.0865,1.3467619366602457
0.087,1.579623715891974
0.0875,1.3302871572431378
0.088,1.263812382110973
0.0885,1.3353873906321299
0.089,1.1068415730096417
0.0895,1.1695188127639944
0.09,0.8570190574804385
0.0905,0.9923214355681333
0.091,1.226135105754332
0.0915,1.4153142631831166
0.092,1.3332121351332573
0.0925,1.444179225836942
0.093,1.6506406102937348
0.0935,1.5234391161895902
0.094,1.5002733215119946
0.0945,1.5376297380520974
0.095,1.3280247519146964
0.0955,1.1389381362044937
0.096,1.1705729121163175
0.0965,1.2604893604965448
0.097,1.012260417435525
0.0975,1.0924483416543844
0.098,0.9144158718905333
0.0985,1.1895536471695685
0.099,1.2791871413195028
0.0995,1.0612769205191612
0.1,1.339802649959209
0.1005,1.3651120544278461
0.101,1.5346310999205783
0.1015,1.783000201521208
0.102,1.5278871007016503
0.1025,1.4773728049479136
0.103,1.3352357245032158
0.1035,1.4831579636465564
0.104,1.0009572438254781
0.1045,1.248128268515255
0.105,1.2407795781523854
0.1055,1.1116116414155002
0.106,1.1868285102554825
0.1065,1.1619527728179573
0.107,0.8922711278736521
0.1075,1.3034278424329961
0.108,1.0742335266734775
0.1085,1.4975212760509036
0.109,1.520550028705265
0.1095,1.53857204313406
0.11,1.5617247263770453
0.1105,1.5541421689553339
0.111,1.503555210024326
0.1115,1.3175565544886383
0.112,1.3322756872339807
0.1125,1.2414553185786577
0.113,1.1598658869642882
0.1135,1.14572332577862
0.114,1.0392922041196138
0.1145,1.0374614010313654
0.115,1.0775143054473932
0.1155,1.0600056572139305
0.116,1.3286831823628757
0.1165,1.0470422941113797
0.117,1.4670409843785237
0.1175,1.5431402939815317
0.118,1.6845712129071622
0.1185,1.6662682086920726
0.119,1.5192817414851565
0.1195,1.4756744464272464
0.12,1.3162180778890527
0.1205,1.4048083618116
0.121,1.1205227121625647
0.1215,1.3446744115410416
0.122,1.2035520616576096
0.1225,1.0804932745703897
0.123,1.0371754419771133
0.1235,1.0162112362882907
0.124,1.198741986596073
0.1245,1.4965520909821175
0.125,1.4419870824150336
0.1255,1.4102599593592233
0.126,1.6339476224894167
0.1265,1.6751594214300132
0.127,1.4869793712614867
0.1275,1.384602166412213
0.128,1.4276319744608457
0.1285,1.4535468969167866
0.129,1.170105725450468
0.1295,1.224086221384561
0.13,1.3061665865409278
0.1305,1.1851900449121855
0.131,1.2451645816237769
0.1315,0.9034413890595031
0.132,1.2712843808693401
0.1325,0.942637357018679
0.133,1.0157649844355778
0.1335,1.364653316262169
0.134,1.3937721170033879
0.1345,1.5864816368961319
0.135,1.5964680255194574
0.1355,1.5388595179395221
0.136,1.3991799715583622
0.1365,1.4533093876981995
0.137,1.3241718675887078
0.1375,1.4288890879468927
0.138,1.26309771835524
0.1385,1.1305179709233113
0.139,0.9848109612647243
0.1395,1.0613224580326805
0.14,0.906167063693994
0.1405,0.9115233859404799
0.141,1.1823436846352116
0.1415,1.0884342030384457
0.142,1.5592042783808153
0.1425,1.556112484248929
0.143,1.5960271072046774
0.1435,1.4883170041597458
0.144,1.6091548860514568
0.1445,1.4548205153972986
0.145,1.3184821068308654
0.1455,1.3596548260597296
0.146,1.1361291336981687
0.1465,1.099221943754623
0.147,1.089379381424574
0.1475,1.1594466601518172
0.148,1.0551634417092632
0.1485,1.1318555502040666
0.149,0.971605845396303
0.1495,1.2250293983847276
0.15,1.3027397267158827
0.1505,1.3663819245702022
0.151,1.6031614784270907
0.1515,1.5946542057356212
0.152,1.509780285684818
0.1525,1.5078469098793112
0.153,1.413740354960381
0.1535,1.349909364043302
0.154,1.282298275521603
0.1545,1.1577215017425466
0.155,1.248187928126573
0.1555,1.0923261638497999
0.156,0.9928545295883334
0.1565,1.0116289674772077
0.157,1.1003623305283368
0.1575,1.1056610714744413
0.158,1.1560019541593962
0.1585,1.3036168840658968
0.159,1.5607786952666616
0.1595,1.3404358447524511
0.16,1.673102694473057
0.1605,1.3603345210530764
0.161,1.33095354305011
0.1615,1.347464979495817
0.162,1.561540754888112
0.1625,1.4746627189040316
0.163,1.339957779740465
0.1635,1.2505873569815313
0.164,0.9550815466765068
0.1645,1.0817137500890137
0.165,0.9654477004920808
0.1655,0.9519132704626749
0.166,1.1319177069922184
0.1665,1.2057089838308
0.167,1.4913135303793739
0.1675,1.3327244008559367
0.168,1.5938724865506213
0.1685,1.489625346349458
0.169,1.4772776033911919
0.1695,1.4708798114563584
0.17,1.260450356568744
0.1705,1.3409687416701033
0.171,1.2678314268662438
0.1715,1.1811385410306263
0.172,1.1385689286667584
0.1725,1.0930531709038718
0.173,0.9625069196668802
0.1735,1.0112558781130472
0.174,1.0191641331630135
0.1745,1.0896001393798045
0.175,1.456066262715281
0.1755,1.484955845186949
0.176,1.5088957296786405
0.1765,1.5981691983656674
0.177,1.4521301749526068
0.1775,1.4418827496976183
0.178,1.3763921974482265
0.1785,1.2220996907634745
0.179,1.3435889984053735
0.1795,1.2187469190994915
0.18,1.1860531306188533
0.1805,1.096411357726567
0.181,1.3712803119182904
0.1815,0.9497201379203024
0.182,0.8001743247269636
0.1825,0.9069892968830352
0.183,1.2647304340010819
0.1835,1.4738827812612207
0.184,1.4083065075112786
0.1845,1.6870968992624917
0.185,1.6464221845320106
0.1855,1.5074903859457642
0.186,1.4249581583039437
0.1865,1.3952940388120976
0.187,1.410397233177355
0.1875,1.3245822703018906
0.188,1.1793697964991194
0.1885,1.1750645073686785
0.189,1.3167990384752875
0.1895,1.0683350133141793
0.19,1.084291246142519
0.1905,1.064371613419371
0.191,1.1203910588087
0.1915,1.2401236598216412
0.192,1.470373252343959
0.1925,1.5742524817466346
0.193,1.5886477840642936
0.1935,1.483865571378263
0.194,1.5323244444105801
0.1945,1.4090653419126073
0.195,1.316527079404841
0.1955,1.567418194789259
0.196,1.109979715166215
0.1965,1.3176936350790538
0.197,1.073830728509806
0.1975,1.0959270864823096
0.198,1.2702770468401585
0.1985,0.8882668229817086
0.199,0.9483824177277388
0.1995,1.1225965380587035
0.2,1.1858125345119581
0.2005,1.5051233992997184
0.201,1.4668346955607772
0.2015,1.6219406416248525
0.202,1.394686701507418
0.2025,1.2775081640172228
0.203,1.3579719067189306
0.2035,1.1622389051569217
0.204,1.4288323303025472
0.2045,1.088322023342652
0.205,1.0896687548609059
0.2055,1.1663275134860513
0.206,0.9882627121217632
0.2065,0.8355175072307796
0.207,1.1822610144881898
0.2075,0.9378907551973488
0.208,1.140096237727281
0.2085,1.2900914599943918
0.209,1.5181428487480335
0.2095,1.5759165519063867
0.21,1.4599172863762924
0.2105,1.4640458861177508
0.211,1.398357932200102
0.2115,1.422008717397065
0.212,1.175584761485596
0.2125,1.4562899156443248
0.213,1.1406202774879872
0.2135,1.1609614098411032
0.214,0.9718892443343478
0.2145,0.882478800895733
0.215,0.8788637248228613
0.2155,0.8821466748907477
0.216,1.0203147147381155
0.2165,1.0999128867277124
0.217,1.4186167801344083
0.2175,1.3923901917210624
0.218,1.4410514362480564
0.2185,1.4819949695585077
0.219,1.5609792277996466
0.2195,1.4050585392278032
0.22,1.3050677851029213
0.2205,1.1238007448707557
0.221,1.117060462041334
0.2215,1.0613309399337219
0.222,1.2579969425125275
0.2225,1.102963553852214
0.223,0.8942429536581273
0.2235,0.8949415766374594
0.224,0.9050053007966932
0.2245,1.0024173540750996
0.225,1.2831121424466063
0.2255,1.354405516922958
0.226,1.6947406789754236
0.2265,1.6478081450096604
0.227,1.6246836863352847
0.2275,1.4913559391099112
0.228,1.3045336558470146
0.2285,1.344699511656674
0.229,1.2078558287198098
0.2295,1.369967914291767
0.23,1.199408932995272
0.2305,1.1166521263775286
0.231,1.024965297418402
0.2315,1.1266515970403321
0.232,0.8000693123574618
0.2325,1.1869751373577246
0.233,1.1061127067258743
0.2335,1.135317114835085
0.234,1.3367288770630101
0.2345,1.3293565006459849
0.235,1.5726383815660387
0.2355,1.3573954200225347
0.236,1.4024352373919489
0.2365,1.424976354590028
0.237,1.189582136663651
0.2375,1.1919617665023898
0.238,1.050423040006018
0.2385,1.0871509448032461
0.239,1.3093714937150556
0.2395,1.0541010160801991
0.24,0.9037799968811716
0.2405,0.8819115648409683
0.241,1.0212947740535767
0.2415,1.1745699143681168
0.242,1.2708492007869148
0.2425,1.4873297515520587
0.243,1.3986655401528314
0.2435,1.3889738827866998
0.244,1.462180610835775
0.2445,1.2301188449075182
0.245,1.3512983793992799
0.2455,1.2289863407612285
0.246,1.0118002788919662
0.2465,1.1633339022689726
0.247,0.9219628288258447
0.2475,1.0823641831645574
0.248,0.9186108377359306
0.2485,1.0995224118779627
0.249,1.057660294466823
0.2495,0.9478898200072158
0.25,0.9979260136158493
0.2505,1.2705308036904492
0.251,1.3273451296873922
0.2515,1.6681598184604283
0.252,1.455486263411001
0.2525,1.480313898219334
0.253,1.2810194174602054
0.2535,1.229649261459063
0.254,1.2021460969854254
0.2545,1.280239529858327
0.255,1.1527658214544405
0.2555,0.9472835953883846
0.256,1.1370903486778956
0.2565,0.8859057998162463
0.257,0.8604376984534602
0.2575,0.6827256378001396
0.258,1.1506837876146265
0.2585,1.2485364248174182
0.259,1.384434452040957
0.2595,1.4166371644297726
0.26,1.4122251772161918
0.2605,1.3867342576478097
0.261,1.3943469559250186
0.2615,1.3379251216049763
0.262,1.1961371401649257
0.2625,1.2761216136268505
0.263,1.1353187523779924
0.2635,1.0380227066141987
0.264,1.0342730867192667
0.2645,0.802836643093435
0.265,0.9159991239004522
0.2655,0.7513445625290139
0.266,0.8852774537743032
0.2665,0.9221988469116815
0.267,1.2577602172615452
0.2675,1.557817015640054
0.268,1.444847988150715
0.2685,1.5117335836390706
0.269,1.6229733585557904
0.2695,1.3499894942947854
0.27,1.1644978008509246
0.2705,1.1303028305074871
0.271,1.1573267226496262
0.2715,1.0517901122701978
0.272,0.997391737120926
0.2725,1.074305149310853
0.273,1.0088799757886147
0.2735,0.7125385892371728
0.274,0.831559143664298
0.2745,0.970440422307256
0.275,1.222826855291531
0.2755,1.42330408313739
0.276,1.6826624750069532
0.2765,1.402053929351709
0.277,1.3780221240152521
0.2775,1.408949760024731
0.278,1.204466507959224
0.2785,1.196731879913266
0.279,1.1271648810939447
0.2795,0.87072938594196
0.28,1.0972865849234883
0.2805,0.9981929822029663
0.281,1.0654277650956754
0.2815,0.8792571847834052
0.282,0.7440922665753301
0.2825,0.9035015314491297
0.283,0.8418301776813332
0.2835,1.0810988268759203
0.284,1.4018101796616793
0.2845,1.3960669593474548
0.285,1.5259442582191864
0.2855,1.1910160728524128
0.286,1.2878656719639616
0.2865,1.1906124006444712
0.287,1.2790462420273971
0.2875,1.2127974168479199
0.288,1.1718082620373818
0.2885,1.2070282362312135
0.289,0.9421411135170685
0.2895,1.0368794756680029
0.29,0.752981994762637
0.2905,0.7622309191841441
0.291,1.0281627235984363
0.2915,0.9385152141540961
0.292,1.2975545443649434
0.2925,1.3720771838588086
0.293,1.5289206743844885
0.2935,1.4066992992869753
0.294,1.3587057875016029
0.2945,1.3259609743539147
0.295,1.1402976213660532
0.2955,1.0880769968588335
0.296,1.1704375049583464
0.2965,1.077981530126261
0.297,0.9783982036553446
0.2975,0.933530275797597
0.298,1.0318503360964142
0.2985,0.7991584817160916
0.299,0.8325103995046834
0.2995,0.812537813328047
0.3,1.1252304759091762
0.3005,1.3413404393501605
0.301,1.4628501283576132
0.3015,1.4263180376989384
0.302,1.4821650623769544
0.3025,1.390315502640063
0.303,1.351197200034045
0.3035,1.2765879163744565
0.304,1.2931129736737312
0.3045,1.0834900860507273
0.305,0.9199415252245071
0.3055,1.0506057388091348
0.306,0.984286755076553
0.3065,1.0037577154050665
0.307,0.9658705993538288
0.3075,1.0921589873708792
0.308,1.0813512082211756
0.3085,1.1936272893737112
0.309,1.1684464034584823
0.3095,1.4204265387569543
0.31,1.347390960858613
0.3105,1.3779373677586944
0.311,1.2867786256278795
0.3115,1.254688146813711
0.312,1.1432163023671653
0.3125,1.208649205330874
0.313,0.805032917750508
0.3135,1.0417923413452599
0.314,1.0692461912342681
0.3145,1.0605664518012559
0.315,0.9009329492907523
0.3155,1.0092863699593029
0.316,0.9404073729272969
0.3165,1.0600487454997811
0.317,1.26414139259122
0.3175,1.3326980777319637
0.318,1.3147222330827149
0.3185,1.3324943226491108
0.319,1.213413456538412
0.3195,1.2995543658476305
0.32,1.1795393838864603
0.3205,1.0946631989634206
0.321,1.0384780307103432
0.3215,1.1037265528655054
0.322,1.0696448755689638
0.3225,0.8013886899740139
0.323,0.7164193443924869
0.3235,0.9118678402789049
0.324,0.7153197232101961
0.3245,1.0113168304514464
0.325,1.2646088805504008
0.3255,1.4111950872527976
0.326,1.4268054637335796
0.3265,1.4603345209517256
0.327,1.58590017409645
0.3275,1.0580520736880672
0.328,1.1679402551240938
0.3285,1.2376519573593507
0.329,1.0772060518286353
0.3295,1.199432303121848
0.33,1.0238834511392363
0.3305,0.9727572165253284
0.331,0.8542913472926479
0.3315,0.7702138354183344
0.332,0.7589176593692109
0.3325,0.9007967520664705
0.333,0.9181599276352134
0.3335,1.242500503573653
0.334,1.3488851944655254
0.3345,1.476361440272033
0.335,1.2667377120526229
0.3355,1.1640144115204143
0.336,1.2582721809590753
0.3365,1.4749469422039683
0.337,1.2573118736487074
0.3375,1.0376345862467262
0.338,1.0979228728481083
0.3385,1.0738671281222314
0.339,0.7906668420443117
0.3395,0.9892264883573527
0.34,0.7898913917647994
0.3405,0.8108224938420352
0.341,0.905181096895596
0.3415,1.1537025240780894
0.342,1.1153656091846929
0.3425,1.1422032788162078
0.343,1.4053358531788829
0.3435,1.1599352394952214
0.344,1.2750022241337198
0.3445,1.3460898277639521
0.345,1.217198003813801
0.3455,1.2160192509406245
0.346,1.138477546007605
0.3465,1.2757552779832997
0.347,0.9144826436802116
0.3475,0.9361661665359419
0.348,0.7834957477793894
0.3485,0.8944247354313422
0.349,0.8292118010391405
0.3495,1.1111980439000793
0.35,1.0327916225043623
0.3505,1.373150038235085
0.351,1.3957091224412204
0.3515,1.36979626944281
0.352,1.3987549598961244
0.3525,1.3016325053620912
0.353,1.2341974780705127
0.3535,1.1165582357810317
0.354,1.0254334700024021
0.3545,1.0268205316091834
0.355,0.8445937311002407
0.3555,1.0290838244962415
0.356,0.743765946365303
0.3565,0.7864416962616315
0.357,0.8643931338409241
0.3575,0.9437988259005983
0.358,0.8045498657687304
0.3585,1.1246139833226725
0.359,1.3163765162243477
0.3595,1.3586820395852712
0.36,1.5013199749371016
0.3605,1.239285908831032
0.361,1.0415138705319233
0.3615,1.2540498884668942
0.362,1.065156444430087
0.3625,0.9056233393699864
0.363,1.028243181877936
0.3635,1.1130120251529496
0.364,0.790253663440696
0.3645,1.0751626562444738
0.365,0.7123711271314126
0.3655,0.8183438821119514
0.366,0.7708687483872285
0.3665,1.0336164406576787
0.367,1.1679438615057172
0.3675,1.1546140083912362
0.368,1.6465148093706927
0.3685,1.305888148630996
0.369,1.2470165247055338
0.3695,1.3158859043502495
0.37,1.3325240726929641
0.3705,1.216467678650436
0.371,0.9485954354867356
0.3715,1.048614764302827
0.372,0.7779026844089894
0.3725,0.9794884119979661
0.373,0.656985742640749
0.3735,0.7118533628148109
0.374,0.8287104095359689
0.3745,0.9777081181658921
0.375,1.0539065376604433
0.3755,1.3787056430160018
0.376,1.4033123476711995
0.3765,1.4323416156592916
0.377,1.2166311478797558
0.3775,1.4407373114010475
0.378,1.1138240794909309
0.3785,1.3067624756226073
0.379,1.2938091883177247
0.3795,1.107825289360224
0.38,1.1125763105870494
0.3805,0.6332987057527482
0.381,0.8447188419522909
0.3815,0.915594875730928
0.382,0.8894468481614412
0.3825,0.735529396060912
0.383,0.950520908256091
0.3835,0.878275853996502
0.384,1.3100505793204644
0.3845,1.1637325380811774
0.385,1.4787809693782068
0.3855,1.4387955937653234
0.386,1.1982736511702012
0.3865,1.2246730970210042
0.387,1.0969192879222736
0.3875,1.1056682386300736
0.388,0.9296043746738685
0.3885,1.0526772726982
0.389,0.7531680531396193
0.3895,0.6595135357457015
0.39,0.7851457489886718
0.3905,0.789933519193425
0.391,0.9216629142034706
0.3915,0.9663910430930475
0.392,1.3720097574697134
0.3925,1.321981321882021
0.393,1.3898130986900188
0.3935,1.3779733433197991
0.394,1.3998170274124477
0.3945,1.279882367047855
0.395,1.1988336024049033
0.3955,1.1811904098181447
0.396,0.8902546222173998
0.3965,0.8527762090613579
0.397,0.9629054742438756
0.3975,0.8742560605601847
0.398,0.8834250289305279
0.3985,0.7993484214927228
0.399,0.8926238333193912
0.3995,0.8142880454163297
0.4,1.0847987610037073
0.4005,1.0987976954508534
0.401,1.3760129115941988
0.4015,1.1866117492806592
0.402,1.3812054863391554
0.4025,1.1309356785261784
0.403,1.1630444883950095
0.4035,1.2299989672204084
0.404,1.1220566431829386
0.4045,0.8999532662695091
0.405,0.9503256454545002
0.4055,0.799872911873944
0.406,0.7033930367519496
0.4065,0.8260238119320419
0.407,0.8621338670993185
0.4075,0.9108992026127442
0.408,1.0497209750540963
0.4085,1.1405144237872513
0.409,1.2514329142083742
0.4095,1.2550062271010711
0.41,1.3321997357862152
0.4105,1.1990891097651333
0.411,1.1721205207937946
0.4115,1.1925904008374908
0.412,1.1182257900446377
0.4125,1.3995520208868775
0.413,0.9215766966950024
0.4135,0.9899677323490275
0.414,0.7871861380130003
0.4145,0.8162234317582187
0.415,0.7753469309260347
0.4155,0.9084852172938754
0.416,0.8626266429522675
0.4165,1.025591056490356
0.417,1.1540101594089724
0.4175,1.1796366167305306
0.418,1.315354709650232
0.4185,1.3343148135846532
0.419,1.3213850989926776
0.4195,1.2928691935705066
0.42,1.1460827897381674
0.4205,1.0975012015891634
0.421,0.9159772019283554
0.4215,1.1009918552067923
0.422,0.91669337274585
0.4225,0.9847213460196517
0.423,0.9732867422778017
0.4235,0.7949664216730771
0.424,0.7487292470809037
0.4245,0.9540119323139208
0.425,1.1377881604768623
0.4255,1.2186059602354378
0.426,1.2983870356339888
0.4265,1.4484657108636805
0.427,1.4140123204238997
0.4275,1.2612937433725995
0.428,1.0542841022531924
0.4285,1.2046431057540294
0.429,1.0412899218857106
0.4295,1.1048615624501084
0.43,1.0517923422653115
0.4305,0.7804302793003967
0.431,0.900493218652389
0.4315,0.885428045805858
0.432,0.8897369302699285
0.4325,0.8986924123772413
0.433,0.8120556924347675
0.4335,1.2899275928542655
0.434,1.3405853452368623
0.4345,1.2628887162684803
0.435,1.3185344099507912
0.4355,1.3756440687289324
0.436,1.3461070400377295
0.4365,1.1565859746105263
0.437,1.2344356291696692
0.4375,0.9358705033476012
0.438,0.9741687328178886
0.4385,0.818489110528667
0.439,0.8624553853210628
0.4395,1.0286340380260097
0.44,1.038847621489912
0.4405,0.8706533506241049
0.441,0.8671324897330219
0.4415,1.0461252413662299
0.442,1.2681253307105238
0.4425,1.1873753253739763
0.443,1.3474279372843092
0.4435,1.540291037305871
0.444,1.2339041261462342
0.4445,1.18672300887088
0.445,1.1956902785978145
0.4455,1.1760379843839754
0.446,1.0507385146072818
0.4465,1.080069720181361
0.447,1.072605469167457
0.4475,1.131855027047619
0.448,0.8548905855409638
0.4485,0.8356709009246925
0.449,1.030017721874613
0.4495,0.9271456891053826
0.45,0.9970304664486737
0.4505,1.3018969466511288
0.451,1.4892876928545447
0.4515,1.4552606809871855
0.452,1.3817595011422779
0.4525,1.1784519662346602
0.453,1.2413833321302374
0.4535,1.3100101726414906
0.454,1.0224590876558575
0.4545,1.0869585545013738
0.455,1.0260905196171792
0.4555,0.927872383641204
0.456,0.9456494963891521
0.4565,0.9069306661141697
0.457,0.8980818008527747
0.4575,0.8182032193717061
0.458,0.8742540806509876
0.4585,1.2176851303765814
0.459,1.2782654674315226
0.4595,1.5965725136338804
0.46,1.6154274779664772
0.4605,1.5814004184213788
0.461,1.2140701417311313
0.4615,1.292413417512832
0.462,1.269213038147447
0.4625,1.2213565633856949
0.463,1.0734868499529406
0.4635,1.1834908643639577
0.464,0.9830279029440991
0.4645,0.9215558635899123
0.465,0.7103361905772918
0.4655,0.9428549187956394
0.466,0.9362491063579628
0.4665,1.146211497877418
0.467,1.2758753634141728
0.4675,1.3934667451669243
0.468,1.4319319483056514
0.4685,1.5074116712897043
0.469,1.3506591033162825
0.4695,1.1483009705444032
0.47,1.2835824060847465
0.4705,1.099258581367371
0.471,1.0133662728683153
0.4715,1.0028193636775289
0.472,1.0729307565191046
0.4725,0.9589582603707045
0.473,0.6872600108977525
0.4735,0.8345600195975718
0.474,1.0274309745641632
0.4745,0.9702771439025416
0.475,1.1463703053322325
0.4755,1.4147298180222212
0.476,1.4948828507876328
0.4765,1.5550985912843465
0.477,1.148075668290455
0.4775,1.530614680009905
0.478,1.3449311419163723
0.4785,1.467011587169247
0.479,1.1019045335856765
0.4795,0.96945027449003
0.48,1.1000172674432398
0.4805,1.004655042150623
0.481,1.0208646702512436
0.4815,1.0048243263605054
0.482,0.8808899486253357
0.4825,0.9267211720744035
0.483,1.1261183630415885
0.4835,1.2008921197426086
0.484,1.330021244814173
0.4845,1.5516988484536587
0.485,1.588278977197259
0.4855,1.5261319561729816
0.486,1.3267399653448702
0.4865,1.0570557260670723
0.487,1.202930301234207
0.4875,1.1054298629274733
0.488,1.1317330577075815
0.4885,1.0243149786140633
0.489,1.0168254758768556
0.4895,0.8408046905638544
0.49,0.7721013190432608
0.4905,1.0367661982934537
0.491,0.9015068199128125
0.4915,1.1360113246483283
0.492,1.3841208445974635
0.4925,1.5031682494014542
0.493,1.5524108224782291
0.4935,1.4955175549589277
0.494,1.4794829626577397
0.4945,1.4677174273531142
0.495,1.3058291888255356
0.4955,1.0331297190438196
0.496,1.1296792437855325
0.4965,1.2114686484888058
0.497,1.0187222540730236
0.4975,1.1675000139661036
0.498,0.931133064937953
0.4985,0.9184152418315265
0.499,1.0599875803477325
0.4995,1.0341661263477173
0.5,1.2176277035728007
0.5005,1.4374612323212144
0.501,1.3052597779590558
0.5015,1.4615798190656615
0.502,1.545464281783328
0.5025,1.4010706148140377
0.503,1.4653015337638002
0.5035,1.1005760228647299
0.504,1.0484672588048523
0.5045,1.260118697937048
0.505,1.2232537920672923
0.5055,1.050266385224335
0.506,1.0329568082005343
0.5065,1.009289794254381
0.507,0.8456876774281252
0.5075,0.9175773257165368
0.508,1.1303032579826506
0.5085,1.3544307338666441
0.509,1.2849317261145974
0.5095,1.4657081867701145
0.51,1.4754032741144618
0.5105,1.4970636570172904
0.511,1.380230701575719
0.5115,1.2539875737339043
0.512,1.3801510184671102
0.5125,1.1648463876427524
0.513,1.1530394538243727
0.5135,0.9698156115656713
0.514,0.9850744756980055
0.5145,1.0338722758472474
0.515,0.9697590041285884
0.5155,1.0119663444204274
0.516,1.0910787736906888
0.5165,1.3822464173175992
0.517,1.2513677361653
0.5175,1.287265649000823
0.518,1.4053253372795564
0.5185,1.4323033245149854
0.519,1.347069034448564
0.5195,1.377173809638175
0.52,1.4259700687849928
0.5205,1.4081705722420792
0.521,1.2702937135215635
0.5215,1.3932632757785883
0.522,1.0830715959697947
0.5225,0.8794857196340926
0.523,1.0799867774930039
0.5235,0.763217078305918
0.524,0.9091657727628236
0.5245,1.1415805489527233
0.525,1.2268438913200947
0.5255,1.3654980127169196
0.526,1.3714131446512958
0.5265,1.525994147153827
0.527,1.5998379350087542
0.5275,1.4333866509734416
0.528,1.2723798934524977
0.5285,1.1702024568484972
0.529,1.173248084567921
0.5295,1.2590742413829097
0.53,1.207673380788631
0.5305,1.0261285774507602
0.531,0.8083757007970218
0.5315,1.0132495785435662
0.532,0.8737259545501532
0.5325,1.0935331604009595
0.533,1.0720250423535027
0.5335,1.2014763429656186
0.534,1.453026913010728
0.5345,1.757391501164285
0.535,1.6107834633566527
0.5355,1.5048766788242316
0.536,1.4529047493306562
0.5365,1.16931403978403
0.537,1.178839318552428
0.5375,1.0033859734640391
0.538,1.3908696030353673
0.5385,1.317262094076967
0.539,1.1312006207868945
0.5395,1.0311800713266606
0.54,0.8178644913852637
0.5405,0.9653287283097177
0.541,1.2503818162605922
0.5415,1.2216953130960282
0.542,1.3046829032944434
0.5425,1.308308738266398
0.543,1.6832314623996436
0.5435,1.5303914779086742
0.544,1.3034694187264713
0.5445,1.3099305910878847
0.545,1.207407205431176
0.5455,1.2753923755471104
0.546,1.2748631011515104
0.5465,1.162983613562302
0.547,1.230484402991619
0.5475,1.084588920499118
0.548,1.1147701716302147
0.5485,0.9451246247247106
0.549,1.322862368855345
0.5495,1.0666790785673415
0.55,1.1802012310995087
0.5505,1.315307670055202
0.551,1.501633440067902
0.5515,1.3882457584546724
0.552,1.5619412608983514
0.5525,1.2737597783722827
0.553,1.4043555766122156
0.5535,1.1925015437342108
0.554,1.2486317400347642
0.5545,1.3127302814797401
0.555,1.436032855387978
0.5555,1.0305744491248672
0.556,1.046493121978296
0.5565,0.9308224026616086
0.557,0.9083351128614887
0.5575,0.9848292564651392
0.558,1.2616153059364394
0.5585,1.282905182125603
0.559,1.693955859367199
0.5595,1.5944036217884014
0.56,1.4659315358512224
0.5605,1.485503162213907
0.561,1.3676194013879865
0.5615,1.4550813537818108
0.562,1.1577074004162107
0.5625,1.1507576756988076
0.563,1.1889622996933338
0.5635,1.2629124190685508
0.564,1.2451774067744033
0.5645,1.1855325712778186
0.565,1.0556694380281417
0.5655,1.0084903971586585
0.566,1.1799795027487687
0.5665,1.1233304516211926
0.567,1.205759980968596
0.5675,1.5567079205010168
0.568,1.4734104695462256
0.5685,1.559494533515048
0.569,1.5195776513760664
0.5695,1.455486933913184
0.57,1.4571025347551192
0.5705,1.3997800639161047
0.571,1.301477365486934
0.5715,1.1967931847369864
0.572,1.1910854900883872
0.5725,1.0444562509272104
0.573,1.0161026148449233
0.5735,1.2697048525641015
0.574,1.0634280935164049
0.5745,1.1948665413436148
0.575,1.2265339744219301
0.5755,1.546325548020406
0.576,1.6249668671088218
0.5765,1.6629773311231304
0.577,1.5798463771829847
0.5775,1.5934099873800207
0.578,1.5408853582026354
0.5785,1.3812914884537837
0.579,1.30048024632292
0.5795,1.3667382710241864
0.58,1.140045028634777
0.5805,1.0912295070904605
0.581,1.0806674550594875
0.5815,0.8533558080631589
0.582,1.1021945805267899
0.5825,0.9839668201171443
0.583,1.1558089421935749
0.5835,1.333949023936016
0.584,1.4963353852829688
0.5845,1.541637457687123
0.585,1.583206646139419
0.5855,1.5390352174057598
0.586,1.4257375551039442
0.5865,1.3202029498039325
0.587,1.451991135990067
0.5875,1.0964802126759376
0.588,1.2494220853003382
0.5885,1.1694123390179065
0.589,1.1852420751661918
0.5895,0.923346772050364
0.59,0.973813762914379
0.5905,1.0274508667937108
0.591,1.2282354249536316
0.5915,1.2915129878036744
0.592,1.292192885346938
0.5925,1.4844137175867371
0.593,1.6825011025227552
0.5935,1.465665019089058
0.594,1.5192666864503113
0.5945,1.4490771903257662
0.595,1.343856664084035
0.5955,1.6050558896379559
0.596,1.2594082097321573
0.5965,1.3044703178613015
0.597,1.1219726202609002
0.5975,1.1749391825840585
0.598,1.1407042832001406
0.5985,0.966763342808401
0.599,1.0572027003210742
0.5995,1.077568653764274
0.6,1.1996864007504024
0.6005,1.5648319708775567
0.601,1.5101625655376536
0.6015,1.3612920358748268
0.602,1.7510915711236748
0.6025,1.4257670188653793
0.603,1.4048513468512036
0.6035,1.532629676429512
0.604,1.3131097046591393
0.6045,1.2760743404482477
0.605,1.1225508831109043
0.6055,1.014236004437864
0.606,1.0838353330227914
0.6065,1.0780310218284297
0.607,1.0640276199827126
0.6075,1.0459530690090377
0.608,1.2185851890435577
0.6085,1.1849372083505707
0.609,1.551583960921296
0.6095,1.6050827373225296
0.61,1.8000275087630146
0.6105,1.5582414126643815
0.611,1.388446488623479
0.6115,1.4044996762170654
0.612,1.3228897030004196
0.6125,1.3619933877486619
0.613,1.2840600458444442
0.6135,1.101459825919425
0.614,0.9907153385700905
0.6145,1.1057677125701033
0.615,1.1725782690079196
0.6155,1.055869410201821
0.616,1.2125784400894015
0.6165,1.3693685109044238
0.617,1.4467860723373596
0.6175,1.4610491213438856
0.618,1.6225349871756016
0.6185,1.7153289770223337
0.619,1.5887699714601369
0.6195,1.5332338522261253
0.62,1.3443703750136797
0.6205,1.3232049879038739
0.621,1.2965375862874264
0.6215,1.2618579674254613
0.622,1.3226652376859804
0.6225,0.8944821055237406
0.623,1.063482592384664
0.6235,1.0241812221830617
0.624,0.9318614964098537
0.6245,1.2403794463232445
0.625,1.2475499808138295
0.6255,1.4310892730224538
0.626,1.755847630847367
0.6265,1.7088238697909381
0.627,1.636944137435436
0.6275,1.5487597896156744
0.628,1.417492065127485
0.6285,1.572713863206094
0.629,1.4115033153804275
0.6295,1.221221016783131
0.63,1.1088911878541985
0.6305,1.2377014838232032
0.631,1.097950306620965
0.6315,0.9016843178240974
0.632,1.0789265041547078
0.6325,1.0695338854123058
0.633,1.271747848948892
0.6335,1.414718615759058
0.634,1.4463916077756545
0.6345,1.6536416798598657
0.635,1.5540502052851501
0.6355,1.5151487519851439
0.636,1.4301939342908252
0.6365,1.5231412154207988
0.637,1.3278483404884172
0.6375,1.4557669191887352
0.638,1.4594834309245899
0.6385,1.1531107998644077
0.639,0.8614824853670672
0.6395,1.1829843559467084
0.64,0.9988903315980718
0.6405,0.9599009306017524
0.641,1.0707261437589086
0.6415,1.2247198277623044
0.642,1.547704250463649
0.6425,1.5561319707042451
0.643,1.7287712344130455
0.6435,1.6412156113872034
0.644,1.5017945854359693
0.6445,1.4160752900416649
0.645,1.4432526480023846
0.6455,1.4217149213957245
0.646,1.4040869501575566
0.6465,1.236600808430975
0.647,1.2189185786084817
0.6475,1.1828979777299182
0.648,1.0170927751614662
0.6485,0.9134636246432282
0.649,0.9829777288929055
0.6495,1.1434590756799374
0.65,1.3803475022061247
0.6505,1.5865842007531001
0.651,1.4290259985605782
0.6515,1.541520899288365
0.652,1.536905965687678
0.6525,1.5831187160098732
0.653,1.37388235311302
0.6535,1.3223049521649677
0.654,1.1823583494345762
0.6545,1.3365571059681793
0.655,1.2245715001753599
0.6555,1.107193121468185
0.656,1.0689361206160088
0.6565,1.1483985321179089
0.657,0.9264710190425861
0.6575,1.0029337955313098
0.658,1.334341462349292
0.6585,1.3683290204890126
0.659,1.5641728323996145
0.6595,1.6202846729144784
0.66,1.5898328078448212
0.6605,1.5129062623118668
0.661,1.555650220922291
0.6615,1.5151253143637249
0.662,1.4529472816022175
0.6625,1.1883737384953963
0.663,1.3998002390061743
0.6635,1.1791397425079952
0.664,1.0658064560018723
0.6645,1.0491053498888432
0.665,1.1034829033227125
0.6655,1.0876268537993645
0.666,1.0908990152021438
0.6665,1.3365868596661261
0.667,1.4183699551793
0.6675,1.4690230891615659
0.668,1.5155682149425056
0.6685,1.6185589973620658
0.669,1.5099899071584222
0.6695,1.3028672043194764
0.67,1.4568979040079253
0.6705,1.2765187051127025
0.671,1.448277968117289
0.6715,1.1068990687393772
0.672,1.1675562500143335
0.6725,1.03851162644964
0.673,0.9417494670381875
0.6735,0.961868632219615
0.674,1.2240399677784417
0.6745,1.165066974237319
0.675,1.2179129679754512
0.6755,1.2605709301591468
0.676,1.3750328213444196
0.6765,1.5299391895868808
0.677,1.4914459875379293
0.6775,1.463157710822472
0.678,1.1811847348245277
0.6785,1.3376144261216922
0.679,1.4076304395485508
0.6795,1.4315965832680453
0.68,1.0321598920772934
0.6805,1.0731492608522633
0.681,0.9899535908542537
0.6815,1.0305601024605888
0.682,0.8850717192471039
0.6825,1.2352164655713782
0.683,1.1931608336916506
0.6835,1.3279321393961006
0.684,1.6357677776870005
0.6845,1.5576083561360041
0.685,1.6123058149597327
0.6855,1.4513720683453268
0.686,1.3139673961409641
0.6865,1.3161871106525354
0.687,1.541367067157281
0.6875,1.3481744600763925
0.688,1.2745255380998903
0.6885,1.0948713474283396
0.689,1.2098234791354994
0.6895,0.9074724445172455
0.69,0.840683846760352
0.6905,0.9545280763969897
0.691,1.288541190754262
0.6915,1.4190834259539713
0.692,1.3355544469713048
0.6925,1.4350163472983923
0.693,1.3982746141790943
0.6935,1.5611020479682503
0.694,1.5100321688791318
0.6945,1.4947897106003751
0.695,1.4384974677543279
0.6955,1.2798790616827476
0.696,1.3195754541079754
0.6965,1.1518740450136584
0.697,1.2139060644026205
0.6975,1.0321974163775873
0.698,1.0594870775877547
0.6985,1.0224874329068023
0.699,1.027795133423109
0.6995,1.203959408387757
0.7,1.113665281432311
0.7005,1.3104116040479394
0.701,1.4934827851473518
0.7015,1.4124313357447793
0.702,1.487155364656366
0.7025,1.4209841064594715
0.703,1.5121157420391045
0.7035,1.3336427790381733
0.704,1.3802726157668455
0.7045,1.2718204221582943
0.705,1.140249621390772
0.7055,1.138746602544904
0.706,1.120283879254776
0.7065,1.1071737412042668
0.707,0.9655486487738448
0.7075,0.8738586391517821
0.708,0.9885408140480832
0.7085,1.2790150606911286
0.709,1.2140173209408993
0.7095,1.709940773073164
0.71,1.6030970005132823
0.7105,1.4339294848438635
0.711,1.3110185629112905
0.7115,1.4509279386677874
0.712,1.182131441738709
0.7125,1.1538144560903791
0.713,1.1411878010064052
0.7135,1.1745801432801188
0.714,1.1514003712886354
0.7145,1.1330982280233024
0.715,1.0724507203639955
0.7155,0.9810413736780723
0.716,1.1656832814882856
0.7165,1.1327338760674417
0.717,1.1691417468749592
0.7175,1.4058937115993435
0.718,1.4522861692115558
0.7185,1.4607434803717974
0.719,1.3685899466202467
0.7195,1.340485020264621
0.72,1.3802683229461967
0.7205,1.4420780617868845
0.721,1.0624741701786629
0.7215,1.0643201565753369
0.722,1.0523475612776911
0.7225,1.1309357226412236
0.723,0.9646544926842162
0.7235,0.8840188008945882
0.724,1.064582990295841
0.7245,1.1923607611224145
0.725,1.2412865798114987
0.7255,1.3080003438065086
0.726,1.5205188492103725
0.7265,1.5067384487106525
0.727,1.4773768351935914
0.7275,1.381196465055963
0.728,1.4480132993497865
0.7285,1.3191495774678659
0.729,1.3561037511109386
0.7295,1.3509498293138296
0.73,1.2158684549101952
0.7305,1.0514016412847633
0.731,1.1286004956336209
0.7315,1.0122118783543055
0.732,1.2175475913869718
0.7325,1.0487059291473688
0.733,1.209867234154347
0.7335,1.3212055096660578
0.734,1.4191730742988213
0.7345,1.4866358736067082
0.735,1.5557639193238355
0.7355,1.5334440468778787
0.736,1.5221914727056638
0.7365,1.364755553249252
0.737,1.2339932490371357
0.7375,1.2108201259570606
0.738,1.0744887389106341
0.7385,1.3194761546492866
0.739,1.0266230776702983
0.7395,1.10328584704611
0.74,0.9896664256744113
0.7405,1.006799279109976
0.741,1.048811539060871
0.7415,1.1195025496137523
0.742,1.2544083670297537
0.7425,1.6475348457317005
0.743,1.547702068756014
0.7435,1.6416406037788156
0.744,1.610034603161279
0.7445,1.3544408348466357
0.745,1.3715292276095556
0.7455,1.2880186045460615
0.746,1.1343775061456247
0.7465,1.1918334420591472
0.747,1.209802312200223
0.7475,1.0263645914350272
0.748,0.9769931976063414
0.7485,0.9659202402993158
0.749,1.2334661397842455
0.7495,0.945374752407864
0.75,1.3281178948857115
0.7505,1.401891621609829
0.751,1.4699205516727991
0.7515,1.5457446662940868
0.752,1.6147347096625189
0.7525,1.5545399702186324
0.753,1.426980231169752
0.7535,1.4595917335348272
0.754,1.4389453272532033
0.7545,1.3619349065899469
0.755,1.1818618405794843
0.7555,1.2216130219399663
0.756,1.1482936271179098
0.7565,0.9616505148129425
0.757,0.8816729836625616
0.7575,0.9007358942878254
0.758,1.236386032718975
0.7585,1.4153242260177192
0.759,1.4083860217196456
0.7595,1.7187906614393291
0.76,1.6474897732413931
0.7605,1.7265186945735267
0.761,1.5584317394415763
0.7615,1.3462983547716698
0.762,1.4496615575743033
0.7625,1.438609109703334
0.763,1.2847017077383756
0.7635,1.1464605827503092
0.764,1.2327592866457393
0.7645,1.0531574492326625
0.765,1.225543724001505
0.7655,1.091923884226658
0.766,1.3940275654491954
0.7665,1.1516925121246009
0.767,1.5353964748041682
0.7675,1.79312082468052
0.768,1.6276109475812122
0.7685,1.698369791866831
0.769,1.6212498825652515
0.7695,1.5219788499051374
0.77,1.5532726307191833
0.7705,1.3583836710657717
0.771,1.4481555755425748
0.7715,1.475841934039532
0.772,1.3480665203894473
0.7725,1.1993834575996911
0.773,1.3401866596784144
0.7735,1.2884626355774027
0.774,1.1547920258732756
0.7745,1.2403049076315804
0.775,1.4279493437946367
0.7755,1.7310996773461595
0.776,1.8149478093641864
0.7765,1.909894240969346
0.777,1.7765692008678473
0.7775,1.6545113925454653
0.778,1.7687396086331069
0.7785,1.5668901012906915
0.779,1.6059292932003169
0.7795,1.4036591536125007
0.78,1.4608355936889055
0.7805,1.5572573009513107
0.781,1.3135329275156635
0.7815,1.4139064908997674
0.782,1.097023533660912
0.7825,1.3406527226256015
0.783,1.5077100864808766
0.7835,1.8568761882172986
0.784,1.7082003717842245
0.7845,1.9810472846561862
0.785,2.0387111128084388
0.7855,1.8209294502900861
0.786,1.7860456901987858
0.7865,1.769384057915456
0.787,1.5579934355588636
0.7875,1.6281599212754636
0.788,1.7686513402783062
0.7885,1.6437512545327886
0.789,1.5068423320036057
0.7895,1.4630373394843135
0.79,1.4684594147822234
0.7905,1.5049446988068969
0.791,1.4588563975348718
0.7915,1.8080969872831807
0.792,1.9413706456074211
0.7925,2.002743584311264
0.793,1.913913078425805
0.7935,1.8902802237740541
0.794,1.9030644326894168
0.7945,1.8664760980201027
0.795,1.6175925941283418
0.7955,1.7983301021010378
0.796,1.8439550092474788
0.7965,1.7325876252719226
0.797,1.5471323055086386
0.7975,1.4593149175195608
0.798,1.5004236312450334
0.7985,1.4270289214988816
0.799,1.5235268822024188
0.7995,1.643331936569187
0.8,1.83865482261436
0.8005,1.7623173088475161
0.801,2.0009026155184113
0.8015,1.9780477477823715
0.802,1.9747622121903823
0.8025,2.0005799192111717
0.803,1.9328227547732324
0.8035,1.9120319161145685
0.804,1.7708884009884547
0.8045,1.67962088477043
0.805,1.6152386868278443
0.8055,1.3961234773953755
0.806,1.622828860111162
0.8065,1.3942272533570297
0.807,1.464804933228546
0.8075,1.5385833511479339
0.808,1.4642921032473943
0.8085,1.6440471958941
0.809,2.023256452120786
0.8095,1.9760454267290812
0.81,1.897548998494526
0.8105,1.8925103764654279
0.811,1.9335186339864145
0.8115,1.839544776925682
0.812,1.5397982862521644
0.8125,1.8067246730551452
0.813,1.69664370064993
0.8135,1.524602988946334
0.814,1.3411112423900768
0.8145,1.484335582036034
0.815,1.374704065895895
0.8155,1.1881651816619336
0.816,1.387153042754859
0.8165,1.8528113296734987
0.817,1.6867570930835496
0.8175,1.72610091643033
0.818,1.7526668062267647
0.8185,2.014976210130089
0.819,1.856260420216462
0.8195,1.8273491584767383
0.82,1.6360721052584901
0.8205,1.6818505935641708
0.821,1.4289201630819104
0.8215,1.4808869029105327
0.822,1.4244721889421792
0.8225,1.4495768406465428
0.823,1.2666613426075577
0.8235,1.1361303812879833
0.824,1.2341652688394453
0.8245,1.1565026633338091
0.825,1.2310449120669873
0.8255,1.685280547059603
0.826,1.6610784635890568
0.8265,1.7015209414951669
0.827,1.7747078691203502
0.8275,1.7548167976952587
0.828,1.5841980726407596
0.8285,1.6547729889482383
0.829,1.463195217866837
0.8295,1.4005419590037569
0.83,1.3396491007187588
0.8305,1.1118049789157864
0.831,1.2511701594583602
0.8315,0.8448331690313757
0.832,1.0150890948674793
0.8325,1.1293010727007986
0.833,1.1632851937370912
0.8335,1.3420448142104069
0.834,1.7010174636551532
0.8345,1.703900963940903
0.835,1.5317750442741176
0.8355,1.5014720429232824
0.836,1.3392885126536345
0.8365,1.457790793503354
0.837,1.30196464664554
0.8375,1.0868027460288807
0.838,1.2501431558288907
0.8385,1.2239246933959906
0.839,1.1971670470660487
0.8395,1.0128095547473448
0.84,0.9318876852505364
0.8405,1.1757848429951316
0.841,1.0555835396662696
0.8415,1.2582897869869034
0.842,1.2790865158764435
0.8425,1.5192285328584894
0.843,1.3601045868753339
0.8435,1.4461206020033779
0.844,1.3078197860394687
0.8445,1.286056953873746
0.845,1.3992133572932648
0.8455,1.1612627698335192
0.846,1.2549212505415583
0.8465,1.2891499389126735
0.847,1.0694048852965745
0.8475,1.0908453023562916
0.848,0.9718957466546876
0.8485,0.898334528735204
0.849,0.9949159001285022
0.8495,1.204491964920389
0.85,1.1000998917767464
0.8505,1.2113378711336589
0.851,1.3063879114449568
0.8515,1.5413281089357633
0.852,1.5234427349055009
0.8525,1.2850419080128828
0.853,1.0455748169929322
0.8535,1.1277671190348686
0.854,1.2058854242222299
0.8545,1.1067584547031581
0.855,1.0817250004743415
0.8555,0.9410970570080015
0.856,1.015074100319805
0.8565,0.8868267608355975
0.857,0.9005306486426163
0.8575,0.9161301973695363
0.858,1.0729576113910102
0.8585,1.2163735589909783
0.859,1.212592796434807
0.8595,1.4241324657634356
0.86,1.4778215975240268
0.8605,1.4672148468051414
0.861,1.3168000062139738
0.8615,1.1038603495105637
0.862,1.0637560556378556
0.8625,1.0626959808154304
0.863,1.0865391488076335
0.8635,1.0000484632744524
0.864,0.8253899306286112
0.8645,0.7486928140575335
0.865,0.6053739369449087
0.8655,0.5157731059596861
0.866,0.8967368911348143
0.8665,1.2777095514221786
0.867,1.3763669388423891
0.8675,1.2202895431191247
0.868,1.3926889101797397
0.8685,1.221984368350081
0.869,1.1775616685865158
0.8695,1.1108683189078918
0.87,1.139538099247181
0.8705,1.095954936375883
0.871,1.1037782096193673
0.8715,1.1027866339552714
0.872,0.9410672520278169
0.8725,0.9011543462330353
0.873,0.7188658131082951
0.8735,0.6650168997479655
0.874,0.6860003132754523
0.8745,1.0045953696317576
0.875,1.0522897516200245
0.8755,1.0454035078352908
0.876,1.330054865288488
0.8765,1.248037989259188
0.877,1.5103533524064734
0.8775,1.2173726428463574
0.878,1.2664615595059203
0.8785,1.2458262203901351
0.879,0.9997743469463213
0.8795,1.0676114775323269
0.88,1.067951654403071
0.8805,0.956170355455269
0.881,0.9031612390467398
0.8815,0.6750657039645475
0.882,0.8548786783474236
0.8825,0.8112035479711092
0.883,1.0170050448875152
0.8835,1.2259357369327657
0.884,1.3375228130140524
0.8845,1.3887023568502213
0.885,1.4315930394566012
0.8855,1.3909005157044123
0.886,1.3966928878194373
0.8865,1.1704754863352371
0.887,1.1362686384477125
0.8875,1.1758423525079433
0.888,0.9963697603541822
0.8885,0.8579045245993882
0.889,0.9675427403781947
0.8895,0.8227717614485469
0.89,0.6773921267058528
0.8905,0.861861060752726
0.891,1.03824158015555
0.8915,0.8690131471855711
0.892,1.2862721117261948
0.8925,1.0527696393932864
0.893,1.3270113144065354
0.8935,1.54277885114583
0.894,1.2671357743999425
0.8945,1.2316838620131818
0.895,1.231297357397412
0.8955,0.936295225810688
0.896,1.080249785140555
0.8965,1.0381820011644238
0.897,1.1570204048570827
0.8975,0.7707051874631796
0.898,0.787526314305086
0.8985,0.7047291490942036
0.899,0.7311972728403751
0.8995,1.0517733067432313
0.9,1.088709326537967
0.9005,1.1775041744019275
0.901,1.2856876156859698
0.9015,1.318251123736603
0.902,1.2991170898042228
0.9025,1.1515041688350538
0.903,1.175628301592021
0.9035,1.1046811115352793
0.904,1.0236267943777684
0.9045,1.0801045704289896
0.905,1.0416280238181854
0.9055,0.8944139926137384
0.906,0.8585178014604192
0.9065,1.0301770184919175
0.907,1.0181997405754648
0.9075,0.7614775824308546
0.908,0.8980574868921744
0.9085,1.035805414071175
0.909,1.3845141452298169
0.9095,1.3224939038404429
0.91,1.4002059155952205
0.9105,1.5309488199898835
0.911,1.255616300109454
0.9115,1.2543460603449832
0.912,1.182069901438553
0.9125,1.034277033433113
0.913,1.1620902619204934
0.9135,0.9175237811545937
0.914,1.0635621437431961
0.9145,0.7962704194644756
0.915,0.7622717668460514
0.9155,0.7151596185532758
0.916,0.8151775334525626
0.9165,1.0020558404962783
0.917,0.9539155146566715
0.9175,1.296416203738462
0.918,1.3297744690245943
0.9185,1.4515159017245385
0.919,1.356306308585443
0.9195,1.1662159148753475
0.92,1.1236920742720935
0.9205,1.0992612933060688
0.921,1.2366580416525539
0.9215,0.9647914393073956
0.922,0.9143102673418453
0.9225,0.7971534781053914
0.923,0.6934413968706097
0.9235,0.8444606354204847
0.924,0.8713528313030665
0.9245,1.0839598971681863
0.925,1.207060593977914
0.9255,1.4898711959561786
0.926,1.3474050113629235
0.9265,1.3660608067292848
0.927,1.2342330065938638
0.9275,1.365581559023946
0.928,1.231545075309374
0.9285,1.2241327574236778
0.929,1.0041109752372503
0.9295,1.1185885540520408
0.93,1.0571971927640262
0.9305,0.9832290761464317
0.931,0.8240589538493894
0.9315,0.9529077023427863
0.932,1.031052845559011
0.9325,0.7759217927361342
0.933,1.0818190161098957
0.9335,0.8744347597044331
0.934,1.3663443318236859
0.9345,1.196205419122973
0.935,1.3448141866264558
0.9355,1.2212193673888123
0.936,1.2565676374915626
0.9365,1.2892617788578475
0.937,0.9661518951200432
0.9375,1.079199336263608
0.938,1.0270778633512454
0.9385,1.1830304748605422
0.939,0.9953720851845826
0.9395,0.7601046839248649
0.94,0.7859380276494417
0.9405,1.0028047878563573
0.941,1.002411995817909
0.9415,0.9764659330452032
0.942,1.1940843303964492
0.9425,1.320162533633403
0.943,1.3508796959302969
0.9435,1.2257805442659837
0.944,1.2707129882515578
0.9445,1.4005454531277892
0.945,1.1562564853914976
0.9455,1.1373984141263527
0.946,1.1272915005495083
0.9465,1.294187436092031
0.947,1.012699006032964
0.9475,1.0451043916439149
0.948,0.8076970165739819
0.9485,0.8138607155297186
0.949,0.8785277676659183
0.9495,0.9046489879018731
0.95,1.1090939979932686
0.9505,1.365677148264697
0.951,1.3016337391865027
0.9515,1.4191648749385941
0.952,1.4623344259278819
0.9525,1.2408447020803948
0.953,1.3567616389319281
0.9535,1.1939830306400034
0.954,1.1293585418212226
0.9545,0.9106184933695595
0.955,1.0274777504541577
0.9555,1.034802083925047
0.956,1.0953916992313584
0.9565,0.9193890586442813
0.957,0.9674207346463174
0.9575,0.7949737393341507
0.958,1.0261702013657845
0.9585,1.3135209317005456
0.959,1.2400840171934797
0.9595,1.509263539136508
0.96,1.5003082953288498
0.9605,1.4098038042688128
0.961,1.275210969708712
0.9615,1.1368469937212464
0.962,1.3596557161304643
0.9625,1.2087073920645501
0.963,1.1429882570683094
0.9635,1.014289399447134
0.964,0.9867675674413762
0.9645,0.9252169782463322
0.965,0.9041071043620799
0.9655,0.9518124508023614
0.966,0.884043125231718
0.9665,0.95307391520775
0.967,1.2607920786387852
0.9675,1.2006513538359131
0.968,1.4041372061121102
0.9685,1.3778327148640577
0.969,1.419723176269905
0.9695,1.492080416077461
0.97,1.0322277830910715
0.9705,1.407577636920021
0.971,1.1224849412504154
0.9715,1.1398245653314778
0.972,0.9031143028405516
0.9725,1.068297297719754
0.973,0.9046755675149233
0.9735,0.8667788727967779
0.974,0.7167693405874732
0.9745,1.022786392390218
0.975,1.2475007930649409
0.9755,1.286802810748414
0.976,1.5327538595378427
0.9765,1.5662129997137297
0.977,1.3612214910264289
0.9775,1.5167737620495005
0.978,1.285820594809617
0.9785,1.2258384708486483
0.979,1.1900352589260048
0.9795,1.1527269101512978
0.98,0.8362820861068256
0.9805,1.0136416353090647
0.981,0.8191036247249928
0.9815,1.0599650621246928
0.982,1.0482276622864861
0.9825,1.0359858099021724
0.983,1.0499996373568963
0.9835,1.1257234926521635
0.984,1.2982613547768567
0.9845,1.642249545229248
0.985,1.3930814528553488
0.9855,1.182175796348443
0.986,1.4465794874662852
0.9865,1.4210849362044673
0.987,1.3836724785903958
0.9875,1.2850626646203163
0.988,1.2648575273323004
0.9885,1.0967174752913276
0.989,0.8112698990743766
0.9895,0.9475203576371313
0.99,0.962330339957141
0.9905,0.900970044379823
0.991,0.9803889693756732
0.9915,1.0395663582209262
0.992,1.1884954856100336
0.9925,1.595552688255137
0.993,1.6603606389747392
0.9935,1.4649661903841942
0.994,1.4352349923133831
0.9945,1.2323228083888176
0.995,1.3275844144199613
0.9955,1.3928148708866792
0.996,1.0296094864060965
0.9965,1.1882199712868469
0.997,1.1353340717084865
0.9975,1.058250051509171
0.998,1.1017328145394487
0.9985,1.1134921859127043
0.999,0.924164792670279
0.9995,1.1197684832942918
1.0,1.2084233705725747
1.0005,1.2843373546273218
1.001,1.4795682552305092
1.0015,1.5572595881544438
1.002,1.4842418207871308
1.0025,1.3063924790311892
1.003,1.2722120885705157
1.0035,1.212577616665948
1.004,1.1332230401063947
1.0045,1.2145040044353426
1.005,1.1784842802033382
1.0055,1.1675431459962362
1.006,0.9071551333799077
1.0065,0.8770212278683659
1.007,1.0825309432064172
1.0075,0.9718125768141788
1.008,1.1143437429879124
1.0085,1.246511465737667
1.009,1.5148305006225125
1.0095,1.602683818035129
1.01,1.6111477473437898
1.0105,1.4579245076487666
1.011,1.2938569408277227
1.0115,1.5010972398901137
1.012,1.3409253380869262
1.0125,1.1731062376655992
1.013,1.3246309748209706
1.0135,1.0754044836317216
1.014,1.1975074037014815
1.0145,1.130093127151809
1.015,0.845550531325005
1.0155,1.0101904757159563
1.016,1.114199615492259
1.0165,1.4349659336467226
1.017,1.251923507146567
1.0175,1.5924623510436884
1.018,1.5121152386900611
1.0185,1.3785320897400921
1.019,1.4325030111268462
1.0195,1.3680542009836576
1.02,1.1948155589177771
1.0205,1.285422026830251
1.021,1.3156437888867756
1.0215,1.202956119639379
1.022,1.0645244926884465
1.0225,1.0278904169936358
1.023,0.9742146350248556
1.0235,0.9688086802289292
1.024,1.0956491512567987
1.0245,1.1167633010490376
1.025,1.0968123764619602
1.0255,1.328361181805206
1.026,1.506094253022941
1.0265,1.6394868345925717
1.027,1.6292563302886525
1.0275,1.6088583934785707
1.028,1.3684639211745313
1.0285,1.3712872204584776
1.029,1.1087613894231911
1.0295,1.2628290234576212
1.03,1.06578674440658
1.0305,1.099925367934861
1.031,1.3324354818824613
1.0315,1.0016037257953914
1.032,0.8771153725296388
1.0325,1.0654058130951964
1.033,1.095928487907282
1.0335,1.2041919770168727
1.034,1.648023675623824
1.0345,1.628302780788325
1.035,1.5704341267445752
1.0355,1.4520724198788901
1.036,1.3859406473953482
1.0365,1.498673812617012
1.037,1.3217311093941517
1.0375,0.9461983456738704
1.038,1.4599760651436002
1.0385,1.182829726858638
1.039,1.1262556687389178
1.0395,1.1263380423617075
1.04,1.0195637743661798
1.0405,1.0619495861064696
1.041,1.0287702816836801
1.0415,1.0855741808798238
1.042,1.3891708280629362
1.0425,1.6272772694942077
1.043,1.4804206337882446
1.0435,1.4645974585294605
1.044,1.6012447301007677
1.0445,1.3566326387809495
1.045,1.2941050157835725
1.0455,1.2512523008236764
1.046,1.2476311060911793
1.0465,1.0559415103999488
1.047,1.098845732088787
1.0475,1.099745498365843
1.048,1.0308627267204906
1.0485,1.096643337790741
1.049,1.2022690318736917
1.0495,1.2743762955811824
1.05,1.3619994686824484
1.0505,1.4030642659880221
1.051,1.460420605727614
1.0515,1.5619872107920914
1.052,1.5910428534928582
1.0525,1.5464839351533275
1.053,1.4504970575580964
1.0535,1.3155091710062392
1.054,1.3654473047570035
1.0545,1.3783634920748589
1.055,1.2936451254071117
1.0555,1.1351731956866404
1.056,0.978139997670354
1.0565,0.9174415272003621
1.057,0.9272003827583398
1.0575,1.0820341093296044
1.058,1.231189033728314
1.0585,1.1902575367542436
1.059,1.418625078703728
1.0595,1.5771342427294692
1.06,1.4769646109588717
1.0605,1.5655640957343828
1.061,1.4170612713003499
1.0615,1.3027324613202116
1.062,1.3269059093176372
1.0625,1.3240808467003078
1.063,1.1632640201412667
1.0635,1.1703565017733406
1.064,1.168639217022822
1.0645,0.9712693338688552
1.065,0.8369136019909976
1.0655,0.8631219662254719
1.066,1.0587118351116764
1.0665,1.1059386857338322
1.067,1.3554535136525776
1.0675,1.6795384478496107
1.068,1.4361184724922436
1.0685,1.5377647215838361
1.069,1.720845405215943
1.0695,1.4714879862929569
1.07,1.3265510521550434
1.0705,1.3008842816350064
1.071,1.3249136096094916
1.0715,1.4105719058466841
1.072,1.127223920473028
1.0725,1.028316264305883
1.073,0.8978646337675236
1.0735,1.01819711345704
1.074,0.9046403864462625
1.0745,1.1034637771576454
1.075,1.20621369521389
1.0755,1.5517305574007751
1.076,1.4980999861058126
1.0765,1.6259351084581835
1.077,1.39794805233878
1.0775,1.5031416732486484
1.078,1.2934008079530845
1.0785,1.310416746525874
1.079,1.5330617396485786
1.0795,1.3704986097368088
1.08,1.2176163010076186
1.0805,1.482919726130333
1.081,0.9944800203106652
1.0815,1.1440131531145257
1.082,0.8661676074857407
1.0825,1.0558659330989353
1.083,1.0681790693256996
1.0835,1.3810045750130402
1.084,1.4980037284837937
1.0845,1.5452363054110634
1.085,1.6991494533750868
1.0855,1.4882880833445393
1.086,1.5031258256473865
1.0865,1.4795778895949603
1.087,1.1955216226649
1.0875,1.2320793487351835
1.088,1.2753796979328615
1.0885,1.2793176281491578
1.089,1.2854867030856936
1.0895,1.0471880718294901
1.09,0.9921451927737499
1.0905,0.9504272371713143
1.091,1.1542264731342757
1.0915,1.2285827337542825
1.092,1.3831384801512572
1.0925,1.523772538869927
1.093,1.649058773465713
1.0935,1.529369450363454
1.094,1.4499153043966437
1.0945,1.4931616541918007
1.095,1.07986247988785
1.0955,1.2751128939919052
1.096,1.1855504057361732
1.0965,1.3798196242262053
1.097,1.1545094560285456
1.0975,1.0660927718574256
1.098,1.0487632749896156
1.0985,0.9660225036365166
1.099,1.0224080660275519
1.0995,1.176807671795619
1.1,1.2719227385047902
1.1005,1.4182306824003126
1.101,1.4645468927548846
1.1015,1.4872748946735739
1.102,1.5806196452333312
1.1025,1.536636602150222
1.103,1.2866729868476094
1.1035,1.4445331674181738
1.104,1.4036886780603626
1.1045,1.38987691449629
1.105,1.275357096040013
1.1055,1.2414275844295286
1.106,1.3189765439401953
1.1065,1.0115978843331834
1.107,0.9289059290726434
1.1075,0.9406731887337443
1.108,1.3921268021320494
1.1085,1.545536933753156
1.109,1.413107284658242
1.1095,1.5162100715775673
1.11,1.5702623155915154
1.1105,1.679919135235981
1.111,1.3539832039899466
1.1115,1.212910037136935
1.112,1.5724211306580345
1.1125,1.3497599295634273
1.113,1.3268121702635396
1.1135,1.2069438955044276
1.114,1.2008681597609663
1.1145,0.9280563039723313
1.115,0.9501747582145339
1.1155,1.0584504102483763
1.116,0.9041596154067646
1.1165,1.2378358341019082
1.117,1.3836904507236094
1.1175,1.512229246934017
1.118,1.5478959978878681
1.1185,1.4950324956735837
1.119,1.3535777314715935
1.1195,1.4728840226583324
1.12,1.3606126005012793
1.1205,1.2059122092192929
1.121,1.3146636586582212
1.1215,1.2374967481688564
1.122,1.15976701091502
1.1225,0.9135099896727745
1.123,1.1287055131525938
1.1235,0.9088257557362152
1.124,1.0753386360321495
1.1245,1.0923758803139916
1.125,1.281127348245173
1.1255,1.582021787123155
1.126,1.6241312601412015
1.1265,1.7208304994532115
1.127,1.6125339929683804
1.1275,1.550296454568386
1.128,1.2558461673299395
1.1285,1.3410236372600013
1.129,1.3087956590257621
1.1295,1.4185424901852164
1.13,1.198278482851227
1.1305,1.2075036344907428
1.131,1.1261129538723638
1.1315,1.1603456504952203
1.132,1.0226934792937727
1.1325,1.1792152962449372
1.133,1.048194842904613
1.1335,1.2091426509174537
1.134,1.2788835753654841
1.1345,1.66895570081394
1.135,1.6712074071938043
1.1355,1.6481196965402234
1.136,1.4156848912074653
1.1365,1.3536890066867664
1.137,1.3438008147992002
1.1375,1.4628925311661913
1.138,1.450517756370291
1.1385,1.3063635621941165
1.139,1.1866839889294338
1.1395,1.2120716709475525
1.14,1.0075032751153097
1.1405,1.0074254182927151
1.141,1.1166957416590966
1.1415,1.168329772212764
1.142,1.4004840041102917
1.1425,1.4284000414309805
1.143,1.7029121521971284
1.1435,1.6461623373181136
1.144,1.675673896171968
1.1445,1.2921827284656282
1.145,1.577261465797164
1.1455,1.1824248150152386
1.146,1.1845768717338008
1.1465,1.2006725022232372
1.147,1.3321700591516898
1.1475,1.1470512831137356
1.148,1.0311063488377457
1.1485,0.9476948801839753
1.149,0.9260113155470818
1.1495,1.2808253467058692
1.15,1.3939907080602278
1.1505,1.595931481753515
1.151,1.6043125240538973
1.1515,1.3370451457045904
1.152,1.448233911831235
1.1525,1.5501341317495878
1.153,1.38972169103054
1.1535,1.3093939742022607
1.154,1.2132349140237475
1.1545,1.3829753123733646
1.155,1.2863306502785234
1.1555,1.2227167235127683
1.156,1.031527191474257
1.1565,1.0533277277774538
1.157,0.893183183491465
1.1575,1.074116922620695
1.158,0.9563232171357843
1.1585,1.2039398759391924
1.159,1.4649661846225488
1.1595,1.8176212363246482
1.16,1.4132918882106327
1.1605,1.423378039292124
1.161,1.4941718135516981
1.1615,1.5758338532236147
1.162,1.3647455902938483
1.1625,1.3771349681330245
1.163,1.2355486290931137
1.1635,1.1638709602580684
1.164,1.1495276786845625
1.1645,1.0002089947383483
1.165,1.0927967862198582
1.1655,0.8729530139303683
1.166,1.2054361012513748
1.1665,1.2567512860057446
1.167,1.3829114889223857
1.1675,1.3620214215985393
1.168,1.4883924771162285
1.1685,1.6974002160141846
1.169,1.4973812864794416
1.1695,1.4682570160957393
1.17,1.284227941498238
1.1705,1.3216400641163086
1.171,1.1518500425751828
1.1715,1.2571854529771231
1.172,1.2226902669949036
1.1725,1.1405698327410605
1.173,0.9489320878741897
1.1735,0.9763413321704357
1.174,1.1007012099277678
1.1745,1.1295846335586806
1.175,1.268351501090948
1.1755,1.6337786137933121
1.176,1.452068041054296
1.1765,1.6916250020920947
1.177,1.4393441222794767
1.1775,1.5510380189526478
1.178,1.479215198304481
1.1785,1.2957425662487545
1.179,1.183105908319724
1.1795,1.072264868980438
1.18,1.1600884464710735
1.1805,1.2059052084341408
1.181,0.967608437144034
1.1815,1.0256765110300852
1.182,0.8593990403244522
1.1825,1.0435936747685364
1.183,1.0740957813116325
1.1835,1.3324394619034072
1.184,1.4263782796877584
1.1845,1.440165318675189
1.185,1.5063758367588636
1.1855,1.4330227128201838
1.186,1.319610316657274
1.1865,1.485481598699479
1.187,1.2866341645169053
1.1875,1.0646302688350298
1.188,1.1847225459195367
1.1885,1.2839563834531658
1.189,1.0425368296773814
1.1895,1.192988021397948
1.19,0.9116924979581076
1.1905,1.0607239202760639
1.191,1.1967191428680222
1.1915,1.2742731670512542
1.192,1.2431847923473143
1.1925,1.408141400523374
1.193,1.6792655353017933
1.1935,1.4727806782998656
1.194,1.5913362152459813
1.1945,1.3727376633779562
1.195,1.361496402461264
1.1955,1.1609298695905717
1.196,1.2030580884657642
1.1965,1.134311711129364
1.197,1.182657787991012
1.1975,1.0921272955195702
1.198,1.0596832845557198
1.1985,0.935451472154847
1.199,0.9277466760809963
1.1995,1.1426208203282546
1.2,1.1675753399743323
1.2005,1.5245600168478877
1.201,1.5088354005081952
1.2015,1.5239261666394226
1.202,1.5738231769624709
1.2025,1.4505548642895212
1.203,1.2150652329307214
1.2035,1.2129466990217452
1.204,1.3827763094124719
1.2045,1.2496908071766222
1.205,1.0252806433916402
1.2055,1.1601767316101244
1.206,0.9909732251410114
1.2065,0.8999063089666794
1.207,0.863777325917611
1.2075,1.138047082645146
1.208,0.9631721812763356
1.2085,1.2272575045609653
1.209,1.4591246101424995
1.2095,1.6875176127296232
1.21,1.5979832097844298
1.2105,1.4120261463088213
1.211,1.5739855209649771
1.2115,1.2116004276067265
1.212,1.3189505695069852
1.2125,1.3032573245439834
1.213,1.1284270579138846
1.2135,1.2315956547056077
1.214,1.036499175409612
1.2145,1.0818089448116261
1.215,0.782347016472003
1.2155,1.0126966056800533
1.216,1.0205297498842119
1.2165,1.3127797679008226
1.217,1.3446634650278702
1.2175,1.5956115346248902
1.218,1.5811942620965456
1.2185,1.5085410100654364
1.219,1.540462270891441
1.2195,1.4629767683194987
1.22,1.362227738540816
1.2205,1.0378750844051259
1.221,1.133075258951265
1.2215,1.3275825185882841
1.222,1.0017172346017824
1.2225,1.138153356545654
1.223,1.0510502702285218
1.2235,0.8788035048618217
1.224,0.7880111557087324
1.2245,1.034112215918318
1.225,1.4448835436883
1.2255,1.2968314097804536
1.226,1.4071981700857175
1.2265,1.423013921526977
1.227,1.6152140999435645
1.2275,1.3999286704526
1.228,1.284208940002836
1.2285,1.426267824923266
1.229,1.3006885069662346
1.2295,1.1150112850479132
1.23,1.0366226035841193
1.2305,1.2062330870052593
1.231,1.0139368475496175
1.2315,0.7977185523186354
1.232,0.7651327770517741
1.2325,0.8915424830708258
1.233,1.0007796286609847
1.2335,1.071324315326483
1.234,1.3019991515624403
1.2345,1.402529170753943
1.235,1.461004578169019
1.2355,1.6305157195699678
1.236,1.3588841435616752
1.2365,1.2947971677990464
1.237,1.3077093659001522
1.2375,1.1950403286981734
1.238,1.2207749973863071
1.2385,1.154048143393569
1.239,1.064227987747643
1.2395,1.252954308111056
1.24,1.0213656231749704
1.2405,0.8349081699884522
1.241,1.0625803322381273
1.2415,1.0823911584827572
1.242,1.3573812479074325
1.2425,1.296805090264083
1.243,1.383232344350478
1.2435,1.5192034065341398
1.244,1.5249279764905852
1.2445,1.397247455139294
1.245,1.3638083875665474
1.2455,1.2677962578773094
1.246,1.2118408106669263
1.2465,1.1020146622870497
1.247,1.1717776721564295
1.2475,1.1155159054816675
1.248,0.937170701528029
1.2485,0.9027213860494145
1.249,1.1096695912017969
1.2495,1.0519168926487756
1.25,1.207568587036576
1.2505,1.3944635201448166
1.251,1.43969036437497
1.2515,1.403551977498409
1.252,1.4943142868913764
1.2525,1.383096516798809
1.253,1.4937474843627407
1.2535,1.326460865316373
1.254,1.1458605705920268
1.2545,1.2424916199181348
1.255,1.1523899293601054
1.2555,1.1839596099306025
1.256,0.9223935135863556
1.2565,0.9340549645508475
1.257,0.8960803459318609
1.2575,0.9715241103308655
1.258,0.9987239335980755
1.2585,1.2960263276425015
1.259,1.4162383139656731
1.2595,1.5854419932330266
1.26,1.468744376030798
1.2605,1.3825083495060642
1.261,1.4269603066067302
1.2615,1.1945929061416731
1.262,1.3277387525107849
1.2625,1.2895120639365605
1.263,1.2689440605932076
1.2635,1.1261076468945186
1.264,0.9657818909687658
1.2645,0.9496940575733773
1.265,0.9307341825004558
1.2655,0.8495486085628562
1.266,1.1213617786651664
1.2665,1.1820764043401406
1.267,1.1860496169964294
1.2675,1.5851410130557217
1.268,1.4662945817758746
1.2685,1.337964741410777
1.269,1.3047165565498693
1.2695,1.4583622691993163
1.27,1.4235174969314177
1.2705,1.2940081961291743
1.271,1.2891917666860528
1.2715,1.2367411226761589
1.272,1.1088920523786974
1.2725,1.0086839371660266
1.273,0.9602506671590793
1.2735,0.9508293817563689
1.274,0.8392162948016746
1.2745,1.090036733929747
1.275,1.3087796454046146
1.2755,1.2883592814539109
1.276,1.381140903047374
1.2765,1.4962758899038409
1.277,1.354629240408662
1.2775,1.2184108967982208
1.278,1.3874600838652498
1.2785,1.1657329400599936
1.279,1.1705135498443362
1.2795,1.0718822740315712
1.28,1.2126387433996382
1.2805,1.1017466939616583
1.281,0.91423070595466
1.2815,0.7607184075534946
1.282,0.8348740339209254
1.2825,0.9863266887420388
1.283,1.069802032402929
1.2835,1.2131004148410713
1.284,1.3594294587933429
1.2845,1.4966806264926222
1.285,1.429507513862883
1.2855,1.4327066429861581
1.286,1.2134198909218272
1.2865,1.4935487281807873
1.287,1.155075451834471
1.2875,1.165880440819655
1.288,1.1642295995071767
1.2885,1.0118081811827595
1.289,0.9797323038706955
1.2895,0.9029389196036137
1.29,0.7659988005932759
1.2905,0.9141776367146626
1.291,0.7879658826226856
1.2915,1.2642601322366604
1.292,1.3195750700208866
1.2925,1.425858100252006
1.293,1.248071190275666
1.2935,1.3333908284531624
1.294,1.4920354049525613
1.2945,1.6901586147653958
1.295,1.3260318228777515
1.2955,1.2623919686329534
1.296,1.175491983785429
1.2965,0.996160591468323
1.297,1.118647003705833
1.2975,0.8316879520576591
1.298,0.7513358687985957
1.2985,0.7161073898462318
1.299,0.9772846254830113
1.2995,0.977540830301546
1.3,1.139551579715314
1.3005,1.2741116945210327
1.301,1.2666586626696819
1.3015,1.348423186934144
1.302,1.324539084443529
1.3025,1.1766653177295263
1.303,1.1894811675348111
1.3035,1.0700270051870688
1.304,1.1938827169497053
1.3045,1.1665565091040375
1.305,0.9232834171966954
1.3055,0.9545706880157927
1.306,1.0918374242759517
1.3065,0.7486818862991294
1.307,0.8804053455163574
1.3075,0.9081639351847036
1.308,1.1286545659725908
1.3085,1.2002929143155425
1.309,1.2638151677986382
1.3095,1.3962932974528424
1.31,1.4107782909411184
1.3105,1.3476168481871704
1.311,1.1494161614645244
1.3115,1.331823648688487
1.312,1.2595927321074518
1.3125,1.0107282835706375
1.313,1.0472757858196517
1.3135,1.0002844168940783
1.314,0.8333453332690717
1.3145,0.6868819741794279
1.315,0.76067755026102
1.3155,0.805157833675904
1.316,0.7793904400150206
1.3165,1.0774602643156108
1.317,1.327485458600046
1.3175,1.41722912063754
1.318,1.3802894145685771
1.3185,1.1999771774101902
1.319,1.3961989812119553
1.3195,1.2613558732675907
1.32,1.2208353135582277
1.3205,1.3243020906694936
1.321,1.0126652434410204
1.3215,0.7657393249333655
1.322,0.8862545997269814
1.3225,0.9630445964513202
1.323,0.8478804015448651
1.3235,0.6948532317569343
1.324,0.710861308741407
1.3245,0.9211072454874287
1.325,0.9783084936867721
1.3255,1.301334948738887
1.326,1.311875515807727
1.3265,1.326741780986342
1.327,1.2848817887845245
1.3275,1.317803912635545
1.328,1.2186347451081612
1.3285,1.1729984994379536
1.329,1.1289476969934205
1.3295,1.0682349186014974
1.33,0.9245057988244512
1.3305,0.8865448178184598
1.331,0.8422913232033704
1.3315,1.0289844551079874
1.332,0.6787450236422893
1.3325,0.8317824720510749
1.333,1.0054431302284945
1.3335,1.1168467398971946
1.334,1.3909595561490165
1.3345,1.3355700031247586
1.335,1.356176007736866
1.3355,1.4154249175607108
1.336,1.4397619228140957
1.3365,1.3258167182428637
1.337,1.1170256074283493
1.3375,1.0881277959241702
1.338,1.0601435838834044
1.3385,1.0158083782241412
1.339,0.8427708546828465
1.3395,0.9459232813394711
1.34,0.8272947172191706
1.3405,0.8154049594212859
1.341,0.7756880932962769
1.3415,1.0454771309963264
1.342,1.0015625946827418
1.3425,1.2547353448914083
1.343,1.316730553240953
1.3435,1.393000567421311
1.344,1.493097586141809
1.3445,1.2845931453446313
1.345,1.3041288207265016
1.3455,1.176304861678469
1.346,1.1889477584560812
1.3465,1.2204345643992662
1.347,0.9001229232156733
1.3475,0.8166425554219773
1.348,0.8941888849483826
1.3485,0.7983767630336305
1.349,0.8574046719248696
1.3495,0.9144468667449086
1.35,1.026247346342076
1.3505,1.394513852540859
1.351,1.226409058004815
1.3515,1.441681602275662
1.352,1.3969335546831727
1.3525,1.1176047368521418
1.353,1.1155239770459777
1.3535,1.0709762869954955
1.354,1.1520507320895579
1.3545,1.0236241330123843
1.355,1.0043492482339955
1.3555,0.7991242555445236
1.356,1.0998735152543881
1.3565,0.8153259636591599
1.357,0.8494887194225097
1.3575,0.8057966053340491
1.358,0.9167523267456794
1.3585,1.3250672563404988
1.359,1.0787298855787937
1.3595,1.3813451355020903
1.36,1.2457620900589623
1.3605,1.280966483382797
1.361,1.1826085367835826
1.3615,1.0744195184481322
1.362,1.1224092293625718
1.3625,0.824674484397977
1.363,1.0125455727427237
1.3635,0.980927230024787
1.364,0.7806512705813587
1.3645,0.9928849329947005
1.365,0.7367134491053487
1.3655,0.7858943724528669
1.366,0.8335600737804927
1.3665,1.0212987937450069
1.367,1.3121330530321134
1.3675,1.5508649790166706
1.368,1.4384960328456655
1.3685,1.4642212422300398
1.369,1.4681055285838616
1.3695,1.2438694240915358
1.37,1.3081236717192999
1.3705,1.183064105089055
1.371,1.0831121837205544
1.3715,1.062257966798534
1.372,0.7838982363107226
1.3725,0.9185298299103516
1.373,0.6661298044491941
1.3735,0.6296465800146236
1.374,0.8483184288416168
1.3745,0.8217996025317951
1.375,1.079288624869602
1.3755,1.2406407272776896
1.376,1.3492933495336468
1.3765,1.2774569995486602
1.377,1.4294394763263463
1.3775,1.2618769979999407
1.378,1.2382381619359253
1.3785,1.0133642709292023
1.379,1.0737569269455876
1.3795,1.166289084450873
1.38,1.1063927640000168
1.3805,0.8618614137659899
1.381,0.809663264443872
1.3815,0.7065096387325951
1.382,0.7313545295039313
1.3825,0.7175949758002108
1.383,0.9660755250020197
1.3835,1.1952262443348207
1.384,1.1902460089230373
1.3845,1.3430047499377384
1.385,1.3436833443363245
1.3855,1.4260349808534294
1.386,1.1845511489304625
1.3865,1.1150238932105054
1.387,1.0340270474991051
1.3875,0.9677264471207405
1.388,1.0972488161429035
1.3885,0.9769169307411862
1.389,0.9227675621443974
1.3895,0.9699706675982143
1.39,0.9305466532481654
1.3905,0.6464344163710689
1.391,0.9592162084577913
1.3915,1.0539064846877413
1.392,1.1372814909764628
1.3925,1.3386891916468784
1.393,1.1938865973163084
1.3935,1.5045141898567373
1.394,1.3510204502248697
1.3945,1.1357608511161714
1.395,1.0960907902521273
1.3955,0.9372773517768621
1.396,1.0413203609385069
1.3965,0.983187776395881
1.397,0.8380003100616817
1.3975,0.9716936721993823
1.398,0.9531237634951913
1.3985,0.7946106822699247
1.399,0.8038726515893061
1.3995,0.9823460325856275
1.4,1.0839093217949904
1.4005,1.1246854476234631
1.401,1.272059319498327
1.4015,1.3447966528421873
1.402,1.3711931359327574
1.4025,1.2787692884035426
1.403,1.2224342057159387
1.4035,0.9880233997471101
1.404,1.1658404187316138
1.4045,1.0648608770427876
1.405,1.2728359353389394
1.4055,0.9112473274039886
1.406,0.9052147362234451
1.4065,1.0971794105395036
1.407,0.8255131956936245
1.4075,0.8600755566135375
1.408,0.8907661040910229
1.4085,1.29453214559672
1.409,1.1628617774656702
1.4095,1.4050252514921036
1.41,1.3288521708304406
1.4105,1.3122903220399336
1.411,1.1142438466454987
1.4115,1.3180104359670808
1.412,1.1022266682069188
1.4125,0.9715702512081041
1.413,1.1814253161495156
1.4135,0.9520639231285
1.414,0.9630200783064629
1.4145,0.9391436575686557
1.415,0.8574596821949927
1.4155,0.6043336596206468
1.416,0.97712896697176
1.4165,1.0346616402294935
1.417,1.1641390859758283
1.4175,1.3088342962387218
1.418,1.2195616674354253
1.4185,1.391725576559224
1.419,1.177563373281114
1.4195,1.20839049389239
1.42,1.1851688838631045
1.4205,1.2301225367860629
1.421,1.006097201791103
1.4215,1.1921771406657675
1.422,1.0809684868124174
1.4225,0.8670680479476031
1.423,0.7307678208521341
1.4235,0.6693763061193354
1.424,0.8782357603107792
1.4245,0.881953378668439
1.425,1.2228536412031579
1.4255,1.182205577377233
1.426,1.2647237785667071
1.4265,1.4154751249183706
1.427,1.2956498072385583
1.4275,1.2967777067422135
1.428,1.318289651785162
1.4285,1.1707282203829459
1.429,1.1301190873001286
1.4295,1.103942125803922
1.43,0.8673667200688902
1.4305,1.0085087969977296
1.431,0.908378207883827
1.4315,0.923264525966769
1.432,0.886602768852586
1.4325,0.8667609741070514
1.433,1.1130135859807406
1.4335,1.1329564168742945
1.434,1.3241987888902962
1.4345,1.3521057061576036
1.435,1.4434864944589443
1.4355,1.3148726695357094
1.436,1.4428837816020903
1.4365,1.4071185339678751
1.437,1.2392769138503654
1.4375,1.2692768511990344
1.438,0.9244931858413726
1.4385,0.8827877371854198
1.439,0.9200398429449409
1.4395,0.881949416097503
1.44,0.8132466562214186
1.4405,0.6829807788377468
1.441,1.0461345810922158
1.4415,1.2837090547870058
1.442,1.348890109544429
1.4425,1.45222573741651
1.443,1.4272898153969882
1.4435,1.312501992788147
1.444,1.3457279383426841
1.4445,1.4721843024812362
1.445,1.159172101748952
1.4455,1.1022280336511192
1.446,1.2239692851376442
1.4465,1.1897418869307437
1.447,0.9270213352160493
1.4475,0.9095613833475179
1.448,0.8173244738943187
1.4485,0.8467695703648572
1.449,0.9876411543718057
1.4495,0.9016595228223329
1.45,1.2384322509485501
1.4505,1.2870371739772735
1.451,1.6142894039771967
1.4515,1.4510390559043036
1.452,1.3817692099341123
1.4525,1.3807627762597727
1.453,1.21350563286837
1.4535,1.0071673676746782
1.454,1.1218186783826831
1.4545,1.0858039109747872
1.455,0.9056072467780385
1.4555,0.990339321725558
1.456,0.7141461734763285
1.4565,0.827831458473047
1.457,0.8791587095779039
1.4575,0.9255838134470203
1.458,0.997745502795576
1.4585,1.1828932465286435
1.459,1.2504509278319784
1.4595,1.4138229276074512
1.46,1.432785149024167
1.4605,1.2923064411916385
1.461,1.3348511518855184
1.4615,1.2616217743466926
1.462,1.1654967950642015
1.4625,1.3876258436599591
1.463,1.0948564057038856
1.4635,1.027650949530138
1.464,0.9407410933867268
1.4645,0.8116513287887532
1.465,0.9327092717393513
1.4655,0.8097537250363915
1.466,0.9054954630153845
1.4665,1.0459094557134705
1.467,1.1538696418488488
1.4675,1.200264754246039
1.468,1.3902093188363946
1.4685,1.5160852290949138
1.469,1.390246337551297
1.4695,1.4498782395085195
1.47,1.3017824759463017
1.4705,1.2325556148859536
1.471,1.3340573594018037
1.4715,1.0953291375914638
1.472,1.050905085933935
1.4725,0.9674636985141821
1.473,1.0549069869833883
1.4735,0.8731771455487469
1.474,0.8456801146589704
1.4745,1.074174264792095
1.475,1.0812919795693239
1.4755,1.3637778255508886
1.476,1.4567180183813246
1.4765,1.433983215738525
1.477,1.4819121865045124
1.4775,1.2084833831348532
1.478,1.297587310506105
1.4785,1.1745874073001625
1.479,1.4663634943915544
1.4795,1.1613778420189564
1.48,1.039656216792383
1.4805,0.894362101521071
1.481,1.0860388915691714
1.4815,0.8623282199494949
1.482,0.8104841564057303
1.4825,0.984421898056546
1.483,1.1388182642305305
1.4835,1.2899202796328224
1.484,1.3659944972097438
1.4845,1.463904368274798
1.485,1.4855048990749709
1.4855,1.4513749583495847
1.486,1.3860514562075772
1.4865,1.3804798999729797
1.487,1.223392396076067
1.4875,1.0995475376121446
1.488,1.1302763892982597
1.4885,1.1668021497593484
1.489,0.8402466655849371
1.4895,0.76665703394981
1.49,0.9920006748543385
1.4905,1.0665093317214935
1.491,0.8719525777476386
1.4915,1.1460240892059248
1.492,1.2487148486454671
1.4925,1.3856548255542842
1.493,1.5034791028623413
1.4935,1.3359438806077022
1.494,1.2963608817548538
1.4945,1.3002834968004053
1.495,1.2487893696365866
1.4955,1.1042544431568182
1.496,1.261497331879474
1.4965,1.1000755440054975
1.497,1.0392500868372745
1.4975,1.0337552790432591
1.498,0.9245602201478504
1.4985,0.9936380459861628
1.499,0.8541709066775085
1.4995,0.9127124563722889
1.5,1.1690212436200396
1.5005,1.3535725012147746
1.501,1.3284112451326227
1.5015,1.351334279134391
1.502,1.4807787304792348
1.5025,1.3187325432482881
1.503,1.1733169808553978
1.5035,1.3547024879148397
1.504,1.1542879683067588
1.5045,1.2981312066613266
1.505,1.1395201496849794
1.5055,1.0990672721130548
1.506,0.971767393586271
1.5065,0.6692528720366793
1.507,0.8133953489079123
1.5075,0.9756912172496157
1.508,1.1478035537920026
1.5085,1.0850544356384482
1.509,1.3961672479642886
1.5095,1.3732765412422023
1.51,1.5232889537938725
1.5105,1.4533276679430562
1.511,1.4554506988195892
1.5115,1.4152582251329475
1.512,1.3011934303187693
1.5125,1.3048114947018996
1.513,1.1472148425341637
1.5135,1.4112771162843338
1.514,0.9345551537331367
1.5145,0.9294890904224155
1.515,1.0278346667678022
1.5155,1.0272867758999396
1.516,1.084719447010348
1.5165,1.2410068794873366
1.517,1.117797903449332
1.5175,1.608137892798078
1.518,1.4899915410000488
1.5185,1.6272579263252385
1.519,1.2411490702135097
1.5195,1.3934645752217918
1.52,1.2443543503148276
1.5205,1.3114166801032208
1.521,1.251569908583806
1.5215,1.2157408339831164
1.522,1.012814732803293
1.5225,1.0370407117525038
1.523,0.9566522659112731
1.5235,0.9966075216515673
1.524,1.0835957745761557
1.5245,1.1046169179112748
1.525,1.1094648104860072
1.5255,1.3953511699607766
1.526,1.7505997707741954
1.5265,1.6916749187959392
1.527,1.2020317298592338
1.5275,1.4377241746893419
1.528,1.4486144339421434
1.5285,1.2767236016514512
1.529,1.2081984508491037
1.5295,1.1931444446331283
1.53,1.2285321030961212
1.5305,0.991332290072844
1.531,1.148320508156215
1.5315,0.9656490030065342
1.532,0.8699942670365137
1.5325,1.1370619286392931
1.533,0.9931229160550369
1.5335,1.2447453786324065
1.534,1.3805422157562446
1.5345,1.736015771985243
1.535,1.4673783873810582
1.5355,1.2757582268536414
1.536,1.3588380841646395
1.5365,1.3899806606730825
1.537,1.3694818102860735
1.5375,1.482132829313023
1.538,1.3585719706763093
1.5385,1.1833157505529124
1.539,1.002777221407967
1.5395,1.180071304152991
1.54,0.9361671366024001
1.5405,0.9214430007133079
1.541,1.0294352482047524
1.5415,1.0833248893867637
1.542,1.3146455407985456
1.5425,1.4608049712688962
1.543,1.618266550207758
1.5435,1.4985910245013294
1.544,1.3523968798789308
1.5445,1.2419799437693748
1.545,1.356117981919331
1.5455,1.2958293134652388
1.546,1.1986979330689143
1.5465,1.1665596739409665
1.547,1.1916284366228749
1.5475,1.2157633218208144
1.548,0.9305244746885989
1.5485,0.9897343161543255
1.549,1.1141568500547134
1.5495,1.0455165218950417
1.55,1.2689710188187067
1.5505,1.414138164756001
1.551,1.3915979892189418
1.5515,1.5770492470178128
1.552,1.535639444376018
1.5525,1.519798580288399
1.553,1.269499836740448
1.5535,1.3286237566699723
1.554,1.4249344871383516
1.5545,1.4600262247577416
1.555,1.3336420138975424
1.5555,1.020667350637942
1.556,1.1066301351253256
1.5565,0.9548836126430541
1.557,1.023712204430547
1.5575,0.9791049188843798
1.558,1.0078613141875041
1.5585,1.2972590446786
1.559,1.5412848592010715
1.5595,1.5816056717463052
1.56,1.6072273879600636
1.5605,1.5438087127263673
1.561,1.4882568478765625
1.5615,1.4280256643957956
1.562,1.2941172231772908
1.5625,1.293141869884353
1.563,1.4224427490552336
1.5635,1.208820842654847
1.564,1.1261277289375118
1.5645,1.0577668029231992
1.565,0.980898434201768
1.5655,0.9732437544223469
1.566,1.121384773953938
1.5665,1.1872089931684136
1.567,1.3756742102225077
1.5675,1.433992692079703
1.568,1.5847794917145406
1.5685,1.6244447011492018
1.569,1.4864234637977214
1.5695,1.22983713430644
1.57,1.4223605353081572
1.5705,1.3285909293629221
1.571,1.1826542137688216
1.5715,1.3183217370162885
1.572,1.0404667611491543
1.5725,1.2086180541271667
1.573,1.0300088450808151
1.5735,0.7810010026683263
1.574,1.0630420821543691
1.5745,1.1092228028307558
1.575,1.241397110142594
1.5755,1.3705456302317671
1.576,1.5362180457564973
1.5765,1.5377232075409073
1.577,1.372688228188804
1.5775,1.617197766471117
1.578,1.3892810729429654
1.5785,1.2797880949310394
1.579,1.1990991139684166
1.5795,1.354354378758017
1.58,1.1006143623811036
1.5805,1.1764242653377959
1.581,1.0276325891606475
1.5815,0.9749495488507491
1.582,0.9090791000728593
1.5825,1.0182262656115244
1.583,1.2038392834944251
1.5835,1.378808206138789
1.584,1.4138474549976419
1.5845,1.5669093450856746
1.585,1.678789193959495
1.5855,1.3787351249499187
1.586,1.469813753507477
1.5865,1.3024440010275968
1.587,1.2385753263428703
1.5875,1.3330219342024257
1.588,1.2154684543345273
1.5885,1.0946219735828429
1.589,1.275791245700548
1.5895,1.1607850031354923
1.59,0.8305617014028178
1.5905,0.8902440273924683
1.591,1.1805737710484618
1.5915,1.2298071078203274
1.592,1.5605991708693083
1.5925,1.5947950293128967
1.593,1.6238425196420763
1.5935,1.483556236498829
1.594,1.5762751427739898
1.5945,1.3224128401033755
1.595,1.512959423417122
1.5955,1.377694570259914
1.596,1.2181982980011439
1.5965,1.3399615447377633
1.597,1.4227552211964551
1.5975,1.1004026734032124
1.598,1.1086668424840784
1.5985,0.982376814513908
1.599,1.0712081036047316
1.5995,1.016373174750183
1.6,1.3140738306048125
1.6005,1.4655101606105225
1.601,1.7454624378104822
1.6015,1.4231529574552912
1.602,1.5464676095635153
1.6025,1.6347882729547525
1.603,1.4053115016461153
1.6035,1.351404872581595
1.604,1.2439580115896745
1.6045,1.1991474626421443
1.605,1.0627828109826445
1.6055,1.1147978496361994
1.606,1.0015384539711591
1.6065,1.053553927786636
1.607,0.9547082589192227
1.6075,1.046120078551
1.608,1.1713388698030787
1.6085,1.3638416896542358
1.609,1.4527150332112022
1.6095,1.4827635438517042
1.61,1.611238063739419
1.6105,1.6642417696478315
1.611,1.4955600434170642
1.6115,1.3485899458019481
1.612,1.3433550424924607
1.6125,1.1134593238357797
1.613,1.2674305647178024
1.6135,1.1874190591154066
1.614,1.060943631588498
1.6145,1.0042670570732408
1.615,0.9932433647465885
1.6155,1.1471804493967594
1.616,1.2404547463747848
1.6165,1.1752750793275784
1.617,1.3682991504326945
1.6175,1.4932392744002132
1.618,1.6839587302249759
1.6185,1.6091723435242111
1.619,1.545059902762798
1.6195,1.5120355792837419
1.62,1.3309836583397996
1.6205,1.4798290213115708
1.621,1.3082358516328176
1.6215,1.1814005230569413
1.622,1.1829053817014559
1.6225,1.252392310774292
1.623,1.0179145483234333
1.6235,1.1270866396516115
1.624,1.006477031270865
1.6245,1.0966363549794758
1.625,1.3859597410593834
1.6255,1.3793952818835349
1.626,1.6532234650770254
1.6265,1.6429891047265992
1.627,1.492136050059454
1.6275,1.5035378217348834
1.628,1.3790826382965902
1.6285,1.4076737923135532
1.629,1.5200663767061688
1.6295,1.2591055478612696
1.63,1.302279043027777
1.6305,1.1834617477519136
1.631,1.105942989870215
1.6315,1.0280576223940112
1.632,0.9503261428892278
1.6325,1.1299505963038572
1.633,1.189807181326454
1.6335,1.2800645858379578
1.634,1.6086353360527883
1.6345,1.6002581655708503
1.635,1.5810308176806094
1.6355,1.692442600624913
1.636,1.299812921224794
1.6365,1.5373258528131688
1.637,1.2678867841518147
1.6375,1.3396758548129917
1.638,1.2223285681960196
1.6385,1.1346826091647448
1.639,1.2849706690459124
1.6395,1.2641550579170762
1.64,1.010964955765154
1.6405,1.0800670415603832
1.641,1.1352970788867145
1.6415,1.4392518928900357
1.642,1.206669895802083
1.6425,1.5778531899363568
1.643,1.5276987388927743
1.6435,1.3561971960677095
1.644,1.4966646466742697
1.6445,1.639915887848111
1.645,1.321486852064906
1.6455,1.4187489070510477
1.646,1.4242748989484513
1.6465,1.2614849766475849
1.647,1.213443551795841
1.6475,0.9528641427367525
1.648,0.9838728875726445
1.6485,1.1176583860814904
1.649,1.0696727403168504
1.6495,1.2042967584808817
1.65,1.3274425399236511
1.6505,1.679886838473908
1.651,1.5215787282369384
1.6515,1.7617963958587748
1.652,1.5860425273200434
1.6525,1.6730668986229822
1.653,1.3041955846283353
1.6535,1.3837433916581499
1.654,1.2841889121203574
1.6545,1.3021635892169305
1.655,1.362949012803712
1.6555,1.2104785617577822
1.656,1.2169256853554649
1.6565,0.9686768425600826
1.657,0.9446762303587459
1.6575,1.0887102280190302
1.658,1.2052509571560137
1.6585,1.342165552970257
1.659,1.4013341964806685
1.6595,1.699974580682353
1.66,1.5570824754897725
1.6605,1.690343910767406
1.661,1.4737686704028319
1.6615,1.4637344557035858
1.662,1.400299304891414
1.6625,1.2244933088675276
1.663,1.306029296316002
1.6635,1.407766413598724
1.664,1.166470468787808
1.6645,1.1561656077569138
1.665,1.089697036807305
1.6655,1.0642851696614346
1.666,1.1350852697671532
1.6665,1.3075515406875362
1.667,1.4807118304300169
1.6675,1.3911034719120348
1.668,1.6111016332256578
1.6685,1.5591272806261396
1.669,1.4790885019175932
1.6695,1.5700136074113236
1.67,1.2988665180233765
1.6705,1.185068621707858
1.671,1.3686368699257703
1.6715,1.105157841892936
1.672,0.9928318694720347
1.6725,1.1993351290215877
1.673,1.0551627959794607
1.6735,1.0578183933173628
1.674,1.002739037851634
1.6745,1.0122877799255734
1.675,1.1785033179632212
1.6755,1.416212962987613
1.676,1.419926667149118
1.6765,1.6142884459877618
1.677,1.508566394826534
1.6775,1.5040635151120223
1.678,1.4239147553147349
1.6785,1.3854590371969324
1.679,1.3548018463348386
1.6795,1.2349181302828716
1.68,1.2399967240269967
1.6805,1.1768841564809347
1.681,0.8324822219446415
1.6815,1.0806342275236658
1.682,1.0220362397375666
1.6825,1.1233873805032788
1.683,1.060115812186763
1.6835,1.3086601945766396
1.684,1.3673332809919407
1.6845,1.633662069920216
1.685,1.4317515303409105
1.6855,1.4335729208521784
1.686,1.5044341995082222
1.6865,1.31426956294282
1.687,1.2298125852830837
1.6875,1.3755247566964186
1.688,1.3418218023381843
1.6885,1.2646923313254468
1.689,1.2035436603971572
1.6895,1.020055705690767
1.69,0.9768994059906071
1.6905,0.945574986841067
1.691,1.1098282011805054
1.6915,1.176463937087463
1.692,1.337327569218703
1.6925,1.562378301613781
1.693,1.6807123608145775
1.6935,1.5930678493600774
1.694,1.673200150380004
1.6945,1.3452145783561849
1.695,1.163555206618447
1.6955,1.3710033862516149
1.696,1.1867014906723448
1.6965,1.1944731249957905
1.697,0.9831181719230904
1.6975,0.992886512813432
1.698,0.8631955532732392
1.6985,0.9410733961220834
1.699,0.9813145338221728
1.6995,1.1333439529286295
1.7,1.394506526710582
1.7005,1.4844083906953955
1.701,1.3580706755460286
1.7015,1.6173412211712044
1.702,1.5387810844316019
1.7025,1.4484086710290682
1.703,1.3786004516205266
1.7035,1.3395449317693353
1.704,1.2078167599246576
1.7045,1.2230672866397156
1.705,1.311831336017157
1.7055,1.0545749464960632
1.706,0.943910309510463
1.7065,0.9811855694301771
1.707,0.8652079528053507
1.7075,0.865775823367861
1.708,1.125275300769372
1.7085,1.455872900461335
1.709,1.443251523963673
1.7095,1.5475390152840747
1.71,1.3295825543342876
1.7105,1.5404411571062235
1.711,1.4303867616852601
1.7115,1.2806212847732956
1.712,1.3104220001116986
1.7125,1.2714910216845623
1.713,1.110589823398153
1.7135,1.195021722194761
1.714,1.2076017305564326
1.7145,0.9895005545124655
1.715,0.8795471454869151
1.7155,0.9614409896769729
1.716,1.1472017366600025
1.7165,1.0751775056742503
1.717,1.4069173638834103
1.7175,1.4028871354008192
1.718,1.5546392937312188
1.7185,1.4648587284657002
1.719,1.4049936444218865
1.7195,1.5358804134902773
1.72,1.1741280790383521
1.7205,1.3156418396221916
1.721,1.4044637491198373
1.7215,1.2577241265849952
1.722,0.9942021182413989
1.7225,0.921749190647565
1.723,0.9052424668859049
1.7235,0.9671695321720121
1.724,1.0101285878293236
1.7245,0.9638338202831265
1.725,1.1498062934802382
1.7255,1.302010890303372
1.726,1.4685492237341466
1.7265,1.7212417082870675
1.727,1.400416945726274
1.7275,1.3265244583015643
1.728,1.2334855333833739
1.7285,1.3484748803279751
1.729,1.238604938537164
1.7295,1.1173176544019476
1.73,1.1227014363124532
1.7305,1.0112650604215008
1.731,1.041847159294401
1.7315,1.2210626149838846
1.732,0.9985307863103499
1.7325,0.9938475030800831
1.733,1.0582305387224755
1.7335,1.1415920042280785
1.734,1.4853188233675805
1.7345,1.5623726447549404
1.735,1.4606626073383917
1.7355,1.5825581133514661
1.736,1.3876791646599964
1.7365,1.3890307251129888
1.737,1.2864035297235776
1.7375,1.2010585478170694
1.738,1.0852712398668927
1.7385,1.1114329964621166
1.739,1.1361741980772122
1.7395,0.9254941884792446
1.74,0.9742271783308553
1.7405,0.8348067802567043
1.741,1.1035639472322685
1.7415,1.1928589727977086
1.742,1.1925450956178238
1.7425,1.411922379622738
1.743,1.5871543800907026
1.7435,1.3589093962198089
1.744,1.3180660412682976
1.7445,1.3400333247853287
1.745,1.491729727156252
1.7455,1.163156593596991
1.746,1.2441186007222467
1.7465,1.1783975304730494
1.747,1.0315255012581819
1.7475,1.0291413173774995
1.748,0.898698804451501
1.7485,0.8786335112156292
1.749,0.7844018197522296
1.7495,1.0515154471437507
1.75,1.2899093506621697
1.7505,1.3517835068475201
1.751,1.5585217660526203
1.7515,1.5436187543672195
1.752,1.4505635987060088
1.7525,1.324179462500392
1.753,1.2608961371791592
1.7535,1.100564962893429
1.754,1.1787009102264878
1.7545,1.184185473855517
1.755,1.2931454556669197
1.7555,1.1058490120639477
1.756,0.8883535368554927
1.7565,0.7712505221630075
1.757,0.8853345021206501
1.7575,1.046852612707771
1.758,1.0651821948290154
1.7585,1.29263357835168
1.759,1.3563293414554913
1.7595,1.5286196750124017
1.76,1.3100211589589066
1.7605,1.5841105123454953
1.761,1.2367825239899408
1.7615,1.3533865772746265
1.762,1.1920218995355114
1.7625,1.1696450741584936
1.763,1.119105979882757
1.7635,1.1140058069317456
1.764,1.0601839835566411
1.7645,1.0446114361251753
1.765,1.0335221812522752
1.7655,0.9387449277593083
1.766,1.1594175736894963
1.7665,1.1333652418655171
1.767,1.3830159487539497
1.7675,1.4397256126997482
1.768,1.4016351911163099
1.7685,1.4654984611337525
1.769,1.4380591565755176
1.7695,1.3063640963425525
1.77,1.2823046571094983
1.7705,1.2795959867137883
1.771,1.1549235876277542
1.7715,0.8206908099280554
1.772,1.2210274522516145
1.7725,0.94602061536291
1.773,0.8239363256281784
1.7735,0.7648168078767575
1.774,0.8797315052209197
1.7745,0.9605660778668624
1.775,1.089217014286426
1.7755,1.240783897302302
1.776,1.4654399639855278
1.7765,1.6516576030802839
1.777,1.5016521552509718
1.7775,1.4623525769364374
1.778,1.2349471767100448
1.7785,1.2212946026174005
1.779,1.2113169323953374
1.7795,1.0669389887681051
1.78,1.0423902548534505
1.7805,1.1018842739665733
1.781,1.0473339355800497
1.7815,0.8854491709813116
1.782,0.7500512963288701
1.7825,0.8997522204252625
1.783,0.9068053485443488
1.7835,1.209710851379328
1.784,1.3637998939735252
1.7845,1.393729961239023
1.785,1.4578645565077044
1.7855,1.4293954218485994
1.786,1.3377980159870821
1.7865,1.1180106212535692
1.787,1.158134951214832
1.7875,1.186505437857898
1.788,1.2654542241591606
1.7885,1.025694657398971
1.789,1.0340338444905692
1.7895,0.991186583330326
1.79,0.837739840013354
1.7905,0.9851594689094271
1.791,1.07310544959167
1.7915,1.2270277614011005
1.792,1.2861211984215406
1.7925,1.5979595894524115
1.793,1.3602070902425532
1.7935,1.6250514544003745
1.794,1.4299308417379075
1.7945,1.409073208364139
1.795,1.174558800917884
1.7955,1.243145097904239
1.796,1.2656919773404398
1.7965,0.9721744466669586
1.797,1.0027969672042445
1.7975,0.7276834169442421
1.798,0.8545610876276878
1.7985,0.7618595030440719
1.799,0.8579355920361702
1.7995,1.2756465715547074
1.8,1.3012461204045782
1.8005,1.1317073345559834
1.801,1.4348041469494366
1.8015,1.4953893862418084
1.802,1.352791996398405
1.8025,1.3350232227679264
1.803,1.2675003978063326
1.8035,1.0434965135405123
1.804,1.032982218654406
1.8045,1.1176890745514585
1.805,1.0625875822588675
1.8055,0.9133775928988976
1.806,0.8267938221589053
1.8065,0.8377802510998541
1.807,0.9263566590351754
1.8075,0.8899631646897173
1.808,1.1816388932520923
1.8085,1.1011641754135288
1.809,1.3262556957365172
1.8095,1.3541873423951478
1.81,1.4614373911870642
1.8105,1.2786275781929406
1.811,1.4740670823963344
1.8115,1.038453547621124
1.812,1.3244973972890488
1.8125,1.1241460331685207
1.813,1.1325908072127235
1.8135,1.1562454741387227
1.814,1.0347633628356223
1.8145,0.800558912176356
1.815,0.8877457709785102
1.8155,1.0275454649644793
1.816,0.8347846021352925
1.8165,1.2716053390264432
1.817,1.2497700768652085
1.8175,1.2896947288290053
1.818,1.3036290414236207
1.8185,1.3616896396214984
1.819,1.1291009140390094
1.8195,1.205192209455288
1.82,1.1521074782508538
1.8205,1.0232504457280045
1.821,1.169930925884515
1.8215,1.0313442894666367
1.822,0.928020603046544
1.8225,0.8819066961176929
1.823,0.8806985587016681
1.8235,0.8237389657635021
1.824,0.782735538250284
1.8245,0.9691334944731578
1.825,1.0978503649183091
1.8255,1.1353251845984986
1.826,1.3241677353196415
1.8265,1.4473873964616017
1.827,1.4179232550664658
1.8275,1.2684952067371553
1.828,1.2820511022107852
1.8285,1.054807222753238
1.829,1.0160359687935212
1.8295,1.0503289759317929
1.83,1.1775754707789805
1.8305,0.9759079931454383
1.831,0.8542222327506953
1.8315,0.9768787314198359
1.832,0.7849348121636212
1.8325,1.0971534461113526
1.833,0.944488111855398
1.8335,1.0460071422992963
1.834,1.2669264045200073
1.8345,1.341511370091338
1.835,1.2988581500170069
1.8355,1.5941594740149303
1.836,1.2905534133027918
1.8365,1.2314918382152165
1.837,1.0845030691255764
1.8375,1.0353122786229119
1.838,1.1580274949767457
1.8385,0.8335242601189141
1.839,0.8132192188385763
1.8395,0.8275330508931794
1.84,0.9417385350103313
1.8405,0.7824388810058643
1.841,0.9444177866795561
1.8415,1.0420213780860572
1.842,1.3205096662984868
1.8425,1.1544279774732997
1.843,1.4466366442611478
1.8435,1.3444111551383053
1.844,1.3976010030392065
1.8445,1.1454741881680648
1.845,1.1617279204492135
1.8455,1.1015329732768473
1.846,0.9761988623552929
1.8465,0.906680527810265
1.847,0.9152654702596144
1.8475,0.9093461117346364
1.848,0.7516165724702073
1.8485,0.7657372521370724
1.849,0.6467895531958081
1.8495,0.902248563907217
1.85,1.1882318827070775
1.8505,1.3029554182603498
1.851,1.3277029756841057
1.8515,1.3974076488529237
1.852,1.2616846865507345
1.8525,1.4379499349383151
1.853,1.4053782606967575
1.8535,1.1537277061610856
1.854,1.354660904364052
1.8545,0.9923094064519211
1.855,0.8878003048881875
1.8555,0.8739266158336163
1.856,0.8453333170753439
1.8565,1.0394130569055111
1.857,0.771472716952224
1.8575,0.7738935729101584
1.858,0.892169173494661
1.8585,1.247801002049502
1.859,1.3701322211103124
1.8595,1.304932610023661
1.86,1.1793340675620323
1.8605,1.2086072443515965
1.861,1.4185423673009243
1.8615,1.241898075245031
1.862,1.1254111939477613
1.8625,1.2683607164437036
1.863,1.2399270482157372
1.8635,0.9863622673636816
1.864,0.914821749168826
1.8645,0.7833583926385421
1.865,0.7676989578365749
1.8655,0.6610102991193476
1.866,0.7437433525535785
1.8665,0.8571895188974119
1.867,1.28975234437348
1.8675,1.1474231763330276
1.868,1.5589283423462201
1.8685,1.2823840764129382
1.869,1.4701977711143934
1.8695,1.1824768821283744
1.87,0.9944799072660893
1.8705,1.232201881656554
1.871,1.208900010552734
1.8715,0.9366187633266768
1.872,0.9328747059877467
1.8725,0.7987383102096711
1.873,0.8084518870480419
1.8735,0.802956409919819
1.874,0.793892254027565
1.8745,0.7513183225126603
1.875,1.0219120684909666
1.8755,1.297149151698053
1.876,1.3100984351923552
1.8765,1.3351250774967
1.877,1.246493583575172
1.8775,1.2097953847267722
1.878,1.3350254045770347
1.8785,1.019030506643712
1.879,1.1636719922937027
1.8795,1.0612651582142296
1.88,1.033856067131276
1.8805,0.8683550539569993
1.881,0.8290413468965511
1.8815,0.8048062937217972
1.882,0.7449291248691045
1.8825,0.8906449402745364
1.883,1.025637013855114
1.8835,1.349183066878557
1.884,1.2965702982393346
1.8845,1.1608411126519522
1.885,1.4820350931833246
1.8855,1.3001360435300158
1.886,1.4469028689045755
1.8865,1.3196379492261485
1.887,1.0681024219571762
1.8875,1.1536676775157209
1.888,0.9849348022234096
1.8885,0.9906970930156915
1.889,0.9848850575974953
1.8895,0.9538065725833135
1.89,0.8868591635440105
1.8905,0.8185568103458117
1.891,1.142775131156378
1.8915,0.9948397514638506
1.892,1.0227205277211537
1.8925,1.1644508934231124
1.893,1.5139256938506263
1.8935,1.3505846635944334
1.894,1.3154317903230748
1.8945,1.1680282376069901
1.895,1.1093615645041854
1.8955,1.0288824132366703
1.896,1.1198311672551566
1.8965,1.0217229823662513
1.897,1.014011886554386
1.8975,0.927967287360187
1.898,0.7828561711624461
1.8985,0.6514736687440954
1.899,0.6798573802740235
1.8995,1.2415127315419032
1.9,1.2336905624868586
1.9005,1.3669216259357326
1.901,1.269866437458339
1.9015,1.3753912268933093
1.902,1.2648381972468008
1.9025,1.1466274070993476
1.903,1.142519915679654
1.9035,1.2731246944184935
1.904,1.1833931810155256
1.9045,0.9675144884797671
1.905,0.9860834249081857
1.9055,1.0249230816153427
1.906,0.8157717471937875
1.9065,0.8222161188019511
1.907,0.8462887774498148
1.9075,0.9059316657256138
1.908,1.0148728363351078
1.9085,1.0763357914975669
1.909,1.2236744773315371
1.9095,1.24894817465529
1.91,1.220074043611143
1.9105,1.3197490741288516
1.911,1.338263034965339
1.9115,1.0456694743784753
1.912,1.157303723211341
1.9125,1.171542338435947
1.913,0.8724828795636304
1.9135,0.975419494418876
1.914,1.0941803691795866
1.9145,0.9101961211313631
1.915,0.6230105342317692
1.9155,0.8898311609122038
1.916,0.8328196174517659
1.9165,1.1138537095059111
1.917,1.1280337789969153
1.9175,1.3144385466959418
1.918,1.326810669974327
1.9185,1.372824257368144
1.919,1.2572744932624318
1.9195,1.2146206406942799
1.92,1.0519819398801962
1.9205,1.171784787530959
1.921,1.1055870386440827
1.9215,0.8853651860738093
1.922,1.0855748274845924
1.9225,0.892380226235298
1.923,0.8578189871206656
1.9235,0.8902140915507134
1.924,0.883884599399734
1.9245,1.0722021094758571
1.925,1.0735884084627136
1.9255,1.3536008989923993
1.926,1.3670833383636858
1.9265,1.4428758322573763
1.927,1.4046174102489883
1.9275,1.419995739953253
1.928,1.2918319561547178
1.9285,1.114710739207535
1.929,1.053895936855655
1.9295,1.0784520401832602
1.93,0.960666475023562
1.9305,0.8641058019111632
1.931,0.6795798033263932
1.9315,0.6790485175371141
1.932,1.0245623249091733
1.9325,0.8213058123724819
1.933,1.200120326889576
1.9335,1.202534946840164
1.934,1.2945072764209908
1.9345,1.233160137640236
1.935,1.3977776036579388
1.9355,1.541740024649299
1.936,1.433892295284504
1.9365,1.2328061257149836
1.937,1.0370162520697084
1.9375,1.0194306519935932
1.938,0.9931554498858792
1.9385,1.152741004589047
1.939,1.1153679436066093
1.9395,0.8974156035104498
1.94,0.8027593549828949
1.9405,1.0020653540411288
1.941,0.8331180570270744
1.9415,1.073471564955431
1.942,1.2670879424285688
1.9425,1.2573933507833202
1.943,1.3410864338383452
1.9435,1.325427973186634
1.944,1.4801478200917786
1.9445,1.453062228108321
1.945,1.2058501678458122
1.9455,1.1209019017971262
1.946,1.0532548140732796
1.9465,1.0725479158602387
1.947,0.9567893436631874
1.9475,0.9260068238492984
1.948,0.9088383096501162
1.9485,0.7992693425547241
1.949,0.8583136859651739
1.9495,0.9635168320261086
1.95,1.0977094325808685
1.9505,1.2327272685351611
1.951,1.4578898587176667
1.9515,1.2420823736907904
1.952,1.5488890630918006
1.9525,1.3368442614827944
1.953,1.3082220273534757
1.9535,1.259202473089424
1.954,1.0750648964436418
1.9545,1.0199974350027372
1.955,0.9616120854655904
1.9555,0.9729360614663314
1.956,0.9907776918038772
1.9565,0.8042239695038134
1.957,0.9155923081547113
1.9575,0.6790921117833818
1.958,1.0002957724943344
1.9585,1.3081600713190051
1.959,1.311760296357132
1.9595,1.3298269722653027
1.96,1.3612922536723313
1.9605,1.079529258355595
1.961,1.2069011195849504
1.9615,1.341200741050356
1.962,1.1238576160382818
1.9625,1.099066822788703
1.963,0.8757455587296792
1.9635,0.8924907435319716
1.964,1.101985488446062
1.9645,0.9704748449273155
1.965,0.7343758400608246
1.9655,0.8153214142526127
1.966,0.9593733018081345
1.9665,0.980121126654479
1.967,1.051949926403148
1.9675,1.3594524068548963
1.968,1.4937645606919607
1.9685,1.4879378740157085
1.969,1.4580725900162308
1.9695,1.1384655364641478
1.97,1.232477648301293
1.9705,1.153314677671936
1.971,1.1370711445180441
1.9715,1.083866373434919
1.972,0.9785536329081561
1.9725,0.6668321301296569
1.973,1.0167123640748448
1.9735,0.9059259037653136
1.974,0.76208028485812
1.9745,1.062721440437993
1.975,1.1181892125050326
1.9755,1.2685353609098633
1.976,1.3384945878565009
1.9765,1.5066188784999583
1.977,1.3453512694660394
1.9775,1.2475817786270957
1.978,1.3944687518102514
1.9785,1.2029793086620615
1.979,1.1653923660918055
1.9795,1.2150460162534453
1.98,1.03254146119154
1.9805,0.9853821509989322
1.981,0.9860755229597831
1.9815,0.743200038425805
1.982,0.9117362137093005
1.9825,0.875228477457259
1.983,1.1594020551270614
1.9835,1.2812005752299516
1.984,1.4054844682614955
1.9845,1.287300675976049
1.985,1.4519739417516349
1.9855,1.3000221723754133
1.986,1.3398913622851554
1.9865,1.039522914785848
1.987,1.0636855153367817
1.9875,1.300150776584498
1.988,1.181632304919096
1.9885,1.0560659575134566
1.989,0.9280508351887895
1.9895,0.8363350000923712
1.99,0.9202194264982809
1.9905,0.8801674930678217
1.991,1.1531741147304837
1.9915,1.1175420230162103
1.992,1.2945853591464873
1.9925,1.2729354808755768
1.993,1.4369084614409176
1.9935,1.4829871954987515
1.994,1.369866390507329
1.9945,1.2819137103564013
1.995,1.2960919378699762
1.9955,1.3684129380378987
1.996,1.1971173221263387
1.9965,1.2563458522889326
1.997,1.1436960733272106
1.9975,1.1140378241351097
1.998,0.8766019864798696
1.9985,0.889331193111293
1.999,0.9273808910242406
1.9995,1.1072363645330414
2.0,1.2794122405144415
2.0005,1.3602399646968373
2.001,1.5403586106155367
2.0015,1.4339944845084724
2.002,1.5513229089597642
2.0025,1.4963473659329694
2.003,1.3865947459067236
2.0035,1.2718850568799192
2.004,1.2891239879744307
2.0045,1.094100177636075
2.005,1.1568882218960648
2.0055,1.100051830421676
2.006,0.8604079406144639
2.0065,0.9827048261276843
2.007,0.8027071820314183
2.0075,0.946025901454236
2.008,1.1159057573037756
2.0085,1.1915938091118479
2.009,1.4104783601167308
2.0095,1.4929076696674386
2.01,1.4186150605729442
2.0105,1.5129327703269537
2.011,1.3056180350038538
2.0115,1.5383766310806517
2.012,1.2454247623906693
2.0125,1.1028009937875694
2.013,1.0850586922802998
2.0135,1.2450584739333876
2.014,1.0169543374810082
2.0145,0.8474245900523121
2.015,1.0247171079445838
2.0155,0.912222262733438
2.016,1.1032131631670672
2.0165,1.269056064114779
2.017,1.3557667831069478
2.0175,1.691117000430351
2.018,1.3403856226393034
2.0185,1.423523832152467
2.019,1.4217388072642616
2.0195,1.5969501338903767
2.02,1.4837346886846738
2.0205,1.3865208813374745
2.021,1.1441279788391774
2.0215,1.115306265583871
2.022,1.040033265117633
2.0225,0.9688492283887978
2.023,1.128683663862751
2.0235,0.9277507873261644
2.024,0.9788916296732704
2.0245,1.172726263177834
2.025,1.0768097783503898
2.0255,1.3963209985981178
2.026,1.3866719630071267
2.0265,1.504926001039277
2.027,1.4485721240225868
2.0275,1.3758080300178086
2.028,1.3866760738071109
2.0285,1.326318774778938
2.029,1.242020048689396
2.0295,1.2672862059876675
2.03,1.0974410838005992
2.0305,1.1859711366703218
2.031,1.0211415820156418
2.0315,0.9359023997848177
2.032,0.8977872812424511
2.0325,1.015036452159833
2.033,1.3500702750324978
2.0335,1.310166119442145
2.034,1.3404024519286988
2.0345,1.6315812864872594
2.035,1.5077544485163226
2.0355,1.5397324059782291
2.036,1.377637752619656
2.0365,1.4948188033923446
2.037,1.2554957170225003
2.0375,1.418998047638647
2.038,1.1389788873281816
2.0385,1.162600967183563
2.039,1.260689654590759
2.0395,1.0647200848595824
2.04,1.23192838697522
2.0405,0.9936904069778956
2.041,1.131845126685094
2.0415,1.4357862398090282
2.042,1.248260963818756
2.0425,1.3607052758248586
2.043,1.5079457436190435
2.0435,1.6630383058337295
2.044,1.3645405299955544
2.0445,1.5106045725438297
2.045,1.4386136735196322
2.0455,1.5431088764345113
2.046,1.414185382425106
2.0465,1.3077077936766415
2.047,1.3492671987497784
2.0475,1.193838625300516
2.048,1.028527174122827
2.0485,0.9352263904384965
2.049,1.0331774459085614
2.0495,1.193941138947895
2.05,1.365989635792967
2.0505,1.2856027652215403
2.051,1.5852865317835356
2.0515,1.6510037717331878
2.052,1.6787180769437398
2.0525,1.7220858365949123
2.053,1.5056098479620903
2.0535,1.3393720221210887
2.054,1.2116063709194802
2.0545,1.4316890517735368
2.055,1.233598090859819
2.0555,1.3442100862017905
2.056,1.324801508472008
2.0565,0.9768171020039506
2.057,1.183338563220322
2.0575,1.322926118896288
2.058,1.4232692461099725
2.0585,1.2691579185373922
2.059,1.5357816781648383
2.0595,1.5820554422672148
2.06,1.7818008745656195
2.0605,1.731387475528091
2.061,1.351362196228884
2.0615,1.5239096940123007
2.062,1.586250486349783
2.0625,1.4900205888857554
2.063,1.4589914993655715
2.0635,1.360342905137603
2.064,1.22427543617123
2.0645,1.2602393976329826
2.065,1.2286262958597742
2.0655,1.3053835820154458
2.066,1.4036842189740284
2.0665,1.486407046573862
2.067,1.7463615414897047
2.0675,1.7288796111799747
2.068,1.6896615791842222
2.0685,1.880645413407219
2.069,1.7940643904048135
2.0695,1.7611398342009148
2.07,1.5246696073723638
2.0705,1.7905182943326472
2.071,1.6550191519847994
2.0715,1.521357957158804
2.072,1.403139421050133
2.0725,1.5354167528513178
2.073,1.2564723009460397
2.0735,1.5722330946589471
2.074,1.3294232769874061
2.0745,1.6747673642356395
2.075,1.6388584855367092
2.0755,1.969968713770012
2.076,1.8503776120481725
2.0765,1.970390424257087
2.077,2.028421412748176
2.0775,1.9530907493074088
2.078,1.9279598018419373
2.0785,1.7156412716121767
2.079,1.7390281151505447
2.0795,1.8278768890041992
2.08,1.5927853833317036
2.0805,1.6601682319878244
2.081,1.510937189482865
2.0815,1.5018268902900775
2.082,1.4884485636848641
2.0825,1.468710363628054
2.083,1.6507958142052006
2.0835,1.850201756198755
2.084,1.9689813801939735
2.0845,2.226423332077482
2.085,2.190263806958276
2.0855,2.0793691475684577
2.086,1.9054123059744694
2.0865,1.832177616429064
2.087,2.0639053955945963
2.0875,1.7340813417257444
2.088,1.8148366521714683
2.0885,1.790995698664786
2.089,1.655798197851464
2.0895,1.516914386407259
2.09,1.4982689015167387
2.0905,1.5404213298174625
2.091,1.611888522831014
2.0915,1.9567021354024383
2.092,1.9790869510504683
2.0925,2.0538532361332
2.093,2.1810654351347947
2.0935,2.2321970148795
2.094,2.075293062158843
2.0945,2.1255524782902335
2.095,1.8431994969526715
2.0955,2.0427742357083813
2.096,1.8920003435883213
2.0965,1.8487224669988798
2.097,1.7249092902396577
2.0975,1.5963259418250455
2.098,1.485002341448482
2.0985,1.5481810502306477
2.099,1.7209506078470922
2.0995,1.6708463520371588
2.1,1.7592819633829038
2.1005,1.9701234600579802
2.101,2.1265897323194918
2.1015,2.1670021171020113
2.102,2.159710676165122
2.1025,2.2061837572690655
2.103,2.150022085438418
2.1035,2.1631151766685193
2.104,1.7570074042966541
2.1045,1.7969827697734853
2.105,1.9030959075841476
2.1055,1.7176813660423322
2.106,1.7691765259443557
2.1065,1.642120306101047
2.107,1.767869163656674
2.1075,1.7714227452384024
2.108,1.8921189157285745
2.1085,1.8931066519740858
2.109,2.057430920078988
2.1095,2.1158017969438716
2.11,2.0050384733582893
2.1105,2.2530290847336887
2.111,2.100819791228506
2.1115,1.9136678182412865
2.112,2.019586022902953
2.1125,1.7836349386270713
2.113,1.6202379413382189
2.1135,1.8452490013647822
2.114,1.5377199174573586
2.1145,1.5652724628183212
2.115,1.5542036193931046
2.1155,1.579628108038664
2.116,1.7029358872564713
2.1165,1.8066042855971278
2.117,1.9490032294869422
2.1175,1.9307035617662816
2.118,2.092987023269705
2.1185,1.897814655980873
2.119,2.138850410456611
2.1195,1.7580414262837003
2.12,1.7888343895181358
2.1205,1.6373097993651604
2.121,1.6539994844309074
2.1215,1.679741495792805
2.122,1.557160376166606
2.1225,1.640516162002591
2.123,1.4727080907415346
2.1235,1.3681045975690715
2.124,1.430578255438952
2.1245,1.6627486068733983
2.125,1.7711109130473806
2.1255,1.7057902516819559
2.126,1.848438916196196
2.1265,1.9935145886663823
2.127,1.9457358742158455
2.1275,1.7292680612077729
2.128,1.8252481807090215
2.1285,1.592851656102831
2.129,1.7636607814445289
2.1295,1.6439870641595706
2.13,1.423500331875373
2.1305,1.4088817180763775
2.131,1.3227026432881603
2.1315,1.3274806463311561
2.132,1.2757559226342212
2.1325,1.2352156252986595
2.133,1.3259004435570405
2.1335,1.6654873189448256
2.134,1.769359001311537
2.1345,1.8279897382087829
2.135,1.8516415640138566
2.1355,1.711011652219257
2.136,1.7101184615421388
2.1365,1.8661188629934333
2.137,1.6696101869874975
2.1375,1.480051931796367
2.138,1.4133909061408918
2.1385,1.119857141118751
2.139,1.433798715378546
2.1395,1.32507506930614
2.14,1.1412257209848868
2.1405,1.0606165996965495
2.141,1.1661935025056307
2.1415,1.457726089082547
2.142,1.5512075223904869
2.1425,1.7466373359703447
2.143,1.7416828463708462
2.1435,1.8164957898891778
2.144,1.6932097967912065
2.1445,1.6571424340557714
2.145,1.2930011698199997
2.1455,1.3269495137406264
2.146,1.3746257407601912
2.1465,1.4734131270016022
2.147,1.4883069727725333
2.1475,1.203185948167754
2.148,1.0858106234412397
2.1485,0.919406996459707
2.149,1.2344762595730574
2.1495,1.1937281567826732
2.15,1.6879138138741343
2.1505,1.4615666275287331
2.151,1.8469424176654687
2.1515,1.7449350655294913
2.152,1.5358610116497506
2.1525,1.5901009147664136
2.153,1.5644056081007212
2.1535,1.4007504015800962
2.154,1.4628635472515532
2.1545,1.4229151965627915
2.155,1.3511272335002724
2.1555,1.2194927720098199
2.156,1.0237762516881241
2.1565,1.0723215932148988
2.157,1.0868618141961097
2.1575,0.9398591084777959
2.158,1.264545442171685
2.1585,1.3877889626992719
2.159,1.4025329749381101
2.1595,1.5801545101948582
2.16,1.593939862029313
2.1605,1.7709796532586746
2.161,1.5232774763348458
2.1615,1.5298642023472766
2.162,1.3587695423493211
2.1625,1.1442625210312316
2.163,1.3600415261023528
2.1635,1.1714302920386823
2.164,1.128933442448694
2.1645,0.9808425655287312
2.165,1.0467134665907176
2.1655,1.1581758416343062
2.166,1.2268442921004936
2.1665,1.4276700436737615
2.167,1.5925498643594855
2.1675,1.3362817402983969
2.168,1.48077575618818
2.1685,1.4097363646904602
2.169,1.5937440685579367
2.1695,1.382742253384585
2.17,1.3342524929786335
2.1705,1.3132626900932107
2.171,1.3371168809455634
2.1715,1.1079062543791773
2.172,1.0684552427243048
2.1725,1.1168542259767793
2.173,1.1669076718221958
2.1735,1.015299797253327
2.174,0.9746828126325437
2.1745,0.9423706525198953
2.175,1.39843013425975
2.1755,1.3755569467667708
2.176,1.437798632470649
2.1765,1.4171016148222437
2.177,1.4156463399467256
2.1775,1.3938927816886153
2.178,1.388695435877871
2.1785,1.22982659660613
2.179,1.3271019069375711
2.1795,1.248110545021978
2.18,1.4470288897272063
2.1805,0.9858640881554979
2.181,1.0943512754996567
2.1815,1.0360324834232837
2.182,0.9064655147691574
2.1825,1.0788259712411339
2.183,1.2679264186883186
2.1835,1.3519111082096187
2.184,1.6168231820895704
2.1845,1.3431981765868017
2.185,1.4896868680061937
2.1855,1.6754803063893864
2.186,1.5436378590776383
2.1865,1.4325932396030727
2.187,1.4472169703891178
2.1875,1.0943552983539535
2.188,1.3276898972836162
2.1885,1.2999254898062373
2.189,1.053735823143399
2.1895,1.3070049233052567
2.19,1.017799887084384
2.1905,0.7918552311037846
2.191,1.1318780217065785
2.1915,1.1579133765189762
2.192,1.4977327385177661
2.1925,1.557738229578427
2.193,1.5029812856218072
2.1935,1.7039643201018406
2.194,1.5881558331872898
2.1945,1.3333835336228885
2.195,1.3325270873692954
2.1955,1.3515828542542465
2.196,1.2277827387942004
2.1965,1.1887021286369666
2.197,1.1640472845198613
2.1975,0.9764835008788741
2.198,0.7903779624978815
2.1985,1.0086352055995118
2.199,0.8220808016164374
2.1995,1.025229503123711
2.2,1.0935469526735622
2.2005,1.2520308442274908
2.201,1.563068244222181
2.2015,1.534442439018062
2.202,1.5018885002005442
2.2025,1.3267142225183322
2.203,1.315389483861767
2.2035,1.3568307875067163
2.204,1.2718845331903643
2.2045,1.3236504346529196
2.205,1.290020670723041
2.2055,1.0998114887340926
2.206,0.8617365083605216
2.2065,0.9117489657941157
2.207,0.9685480523656482
2.2075,0.9604534212154939
2.208,1.054303547328431
2.2085,1.3180261733218097
2.209,1.6901790589738606
2.2095,1.4808961736263113
2.21,1.5423475931745567
2.2105,1.365453158503025
2.211,1.5454159870925175
2.2115,1.4346105462879086
2.212,1.3730117946278297
2.2125,1.3904779926045387
2.213,1.1738223130652636
2.2135,1.1316108251646444
2.214,1.258890857457764
2.2145,1.0755810089844169
2.215,0.7443966733583265
2.2155,1.0246922804662546
2.216,1.0035807887367842
2.2165,1.2876358283028257
2.217,1.3898889997385042
2.2175,1.2966419515703436
2.218,1.5573229485619844
2.2185,1.5423609354657257
2.219,1.498047312674276
2.2195,1.441129000195391
2.22,1.4646380435792703
2.2205,1.3084983899999332
2.221,1.2336250225030794
2.2215,1.3039721932284338
2.222,1.3515890648803826
2.2225,1.141417188026288
2.223,1.0010282145532492
2.2235,0.9946341447124749
2.224,1.0131408173985073
2.2245,1.0928572355025685
2.225,1.453600855005819
2.2255,1.3082553657125593
2.226,1.6021158989150392
2.2265,1.5101877416028695
2.227,1.345694883427491
2.2275,1.4053895021274672
2.228,1.2921229119078343
2.2285,1.3426789947520354
2.229,1.251869876369784
2.2295,1.1047383030904463
2.23,1.3060823979105083
2.2305,1.19943004111722
2.231,1.1708640788423608
2.2315,0.9763218649301143
2.232,0.9398714378353944
2.2325,1.0735027609509529
2.233,1.0669809066999891
2.2335,1.2889382560913718
2.234,1.3943823186879238
2.2345,1.348334026770973
2.235,1.5200184649411608
2.2355,1.417128211647601
2.236,1.3613134206482436
2.2365,1.3479332949142198
2.237,1.3840372759799162
2.2375,1.1338952457076041
2.238,1.147103985790276
2.2385,1.0494784810228526
2.239,0.9689511571993625
2.2395,0.9168508809847973
2.24,0.9106080780101186
2.2405,1.001667594363606
2.241,1.057602743778311
2.2415,1.055879187074786
2.242,1.442172246500704
2.2425,1.5287651005589646
2.243,1.4038917578613397
2.2435,1.6072237695144116
2.244,1.4578549331018804
2.2445,1.3313375137156824
2.245,1.314204679658917
2.2455,1.227837341177341
2.246,1.2490990828487651
2.2465,1.1711155567906457
2.247,1.0567348991553358
2.2475,0.8104453178971481
2.248,0.9962005350188243
2.2485,0.8770484715098266
2.249,1.0283236790723282
2.2495,1.1021265840095154
2.25,1.165233585213033
2.2505,1.4483397540754819
2.251,1.4699551611040054
2.2515,1.5019502988855404
2.252,1.4427066645280107
2.2525,1.555327592438567
2.253,1.23819583881907
2.2535,1.2153485592002577
2.254,1.0816752870736983
2.2545,1.2422587077994203
2.255,1.0633884470737276
2.2555,1.0060134231690006
2.256,0.9231452730674548
2.2565,0.9214595425656839
2.257,0.7809137534702552
2.2575,0.7413516423778679
2.258,1.1330142330844337
2.2585,1.0270793909750147
2.259,1.4598556654320975
2.2595,1.6127724070683742
2.26,1.4533245813398186
2.2605,1.5536415954449705
2.261,1.345605227245661
2.2615,1.4339374605493334
2.262,1.1736185140889075
2.2625,0.9447396835129486
2.263,1.1352249962975403
2.2635,1.2592416679675846
2.264,1.0679283599975373
2.2645,0.8872429622420348
2.265,0.925617410054721
2.2655,1.0026752570437139
2.266,0.979488505983225
2.2665,1.3867069962066378
2.267,1.2235301169544115
2.2675,1.4971047176814074
2.268,1.5327493779661738
2.2685,1.3773923032775435
2.269,1.3452979421347528
2.2695,1.4113937742699134
2.27,1.2554977941042584
2.2705,1.2268668634834432
2.271,0.9936641664827124
2.2715,1.1806794423349298
2.272,1.0819301215300992
2.2725,0.9693887561377479
2.273,0.9423535340320128
2.2735,0.8363060667423816
2.274,0.8541858450770299
2.2745,0.9926523078442842
2.275,1.1164976428514268
2.2755,1.527049480398326
2.276,1.5036527544701315
2.2765,1.3517743665882223
2.277,1.6232245956802462
2.2775,1.3068070973214403
2.278,1.275633716604687
2.2785,1.3005697855584997
2.279,0.971669837585185
2.2795,1.109192193440567
2.28,1.0276298768136265
2.2805,1.0369370860893996
2.281,0.9753096283980264
2.2815,0.8709822074978238
2.282,0.8572022845899171
2.2825,1.035824556011581
2.283,1.081087055029084
2.2835,1.2063331114017706
2.284,1.3530466419928768
2.2845,1.6043899030963447
2.285,1.4509608319682314
2.2855,1.3362604474440518
2.286,1.121211902835575
2.2865,1.0947699130800341
2.287,1.1367587942583577
2.2875,1.1346834556360565
2.288,1.052020901067732
2.2885,1.088001630127561
2.289,0.9220990199950425
2.2895,0.8119224651245399
2.29,0.9186669933864549
2.2905,1.007258143848585
2.291,0.8421713066739478
2.2915,1.1133608743657593
2.292,1.0497775157075968
2.2925,1.2144920514139463
2.293,1.3628588187213115
2.2935,1.5261347390202482
2.294,1.275230289901575
2.2945,1.1934244275848753
2.295,1.2101713045615439
2.2955,1.1624059887228575
2.296,1.044481413698587
2.2965,1.2795324677656723
2.297,0.9925932580742458
2.2975,0.9531671840092106
2.298,0.8322164315415569
2.2985,0.8874574786052053
2.299,1.0032081168032743
2.2995,1.1496486054897281
2.3,1.0532392021984103
2.3005,1.3857316058561955
2.301,1.434198398744614
2.3015,1.512949938481894
2.302,1.3773937777996088
2.3025,1.2984883851238407
2.303,1.3334736416362636
2.3035,1.2736269014323494
2.304,1.2926872104492255
2.3045,1.1203141582524254
2.305,1.0419558666972046
2.3055,0.7382485064412365
2.306,0.7451053823447876
2.3065,0.8073330155486049
2.307,0.7276356706122165
2.3075,0.9790247983277472
2.308,0.8883637140304855
2.3085,1.1206157973447848
2.309,1.2607420662772075
2.3095,1.510091193645473
2.31,1.341817421643785
2.3105,1.4020275782202467
2.311,1.3008979197492159
2.3115,1.2978436364734405
2.312,1.237970878532691
2.3125,1.1118031749706765
2.313,0.907718897777306
2.3135,0.9996188951649517
2.314,0.9470016488658328
2.3145,0.9021625242709675
2.315,0.7539813009301771
2.3155,0.9548881795418878
2.316,0.9248757151828264
2.3165,0.9677127531257699
2.317,1.1653770443942109
2.3175,1.5258717714176746
2.318,1.4593957691790855
2.3185,1.4888640026187823
2.319,1.220470050174748
2.3195,1.1778336871427262
2.32,1.1102579720483496
2.3205,1.1491311843981014
2.321,1.0777462232855164
2.3215,1.0042714771198642
2.322,0.955193098257628
2.3225,0.8350365709570731
2.323,0.8272038826799323
2.3235,0.9277384031001775
2.324,0.7015191119040364
2.3245,0.9912160904326611
2.325,1.240927230162926
2.3255,1.2309528970568477
2.326,1.300130601755748
2.3265,1.4818767180145713
2.327,1.262287241389953
2.3275,1.289222486983607
2.328,1.1103894126936447
2.3285,0.9657926754492929
2.329,1.0957363261333675
2.3295,0.9491149659344786
2.33,1.026651805837374
2.3305,1.0710857929297202
2.331,1.0671843543852657
2.3315,0.8318178596934617
2.332,0.9155502388815098
2.3325,0.9135763873934343
2.333,0.9573050628299935
2.3335,0.9547023798313654
2.334,1.4462118347134283
2.3345,1.2615095772469074
2.335,1.5179072387937087
2.3355,1.387642829125299
2.336,1.1610894779975638
2.3365,1.216266717029941
2.337,1.343982101967793
2.3375,1.2466444751837955
2.338,1.0042003537915491
2.3385,0.9299103615594491
2.339,0.937526469849253
2.3395,0.8357125285569387
2.34,0.9266075430111815
2.3405,0.8938494919449719
2.341,0.7335784707993848
2.3415,1.085116035689576
2.342,1.1729747289180092
2.3425,1.316611092897359
2.343,1.3979346253149256
2.3435,1.4841739486401948
2.344,1.402891880001943
2.3445,1.1524281247093526
2.345,1.1534274166939515
2.3455,1.0669315050823873
2.346,0.9082578125966679
2.3465,1.0237847783448732
2.347,1.1577820492018247
2.3475,0.7251486594601471
2.348,0.8249016155346726
2.3485,0.7931307938988871
2.349,0.8641428358206108
2.3495,0.8430410602162215
2.35,0.9433621589645171
2.3505,1.0945776199838242
2.351,1.4694885452199378
2.3515,1.2747737789153217
2.352,1.2945545069448556
2.3525,1.485969326470505
2.353,1.1251764443676648
2.3535,1.1714853028856016
2.354,1.2019734884204683
2.3545,1.161899662303396
2.355,0.8797505931907387
2.3555,0.873553746472818
2.356,0.8975187412081165
2.3565,1.0011081475235368
2.357,0.7234375638287048
2.3575,0.8104978557794705
2.358,1.0239725015925323
2.3585,1.1957646135799485
2.359,1.338427446709704
2.3595,1.2688448421755507
2.36,1.3137076654763158
2.3605,1.3430167188027093
2.361,1.3726491148137836
2.3615,1.1491688785782292
2.362,1.1166348663835672
2.3625,0.978884555414671
2.363,1.2304171041238277
2.3635,1.0053825222739703
2.364,1.0243544031776994
2.3645,0.8445527816565372
2.365,0.804685993109414
2.3655,0.6596119076141334
2.366,0.67770580320268
2.3665,1.1546459269715352
2.367,1.1891244651077175
2.3675,1.3242062109230204
2.368,1.2390267372555381
2.3685,1.265115447753509
2.369,1.4026929805496244
2.3695,1.3929966934990512
2.37,1.088971182980871
2.3705,1.1709723206863287
2.371,1.0877159410575656
2.3715,1.0151709693455957
2.372,1.1512358346653533
2.3725,0.8439977392634792
2.373,0.944575820195552
2.3735,0.8303158268799389
2.374,0.8273416277025958
2.3745,1.0704091793549988
2.375,1.109013449842207
2.3755,1.217154522351445
2.376,1.4689326067501198
2.3765,1.4927953656300592
2.377,1.4597675701936585
2.3775,0.8820200874845998
2.378,1.2381482564926665
2.3785,1.1542199516309406
2.379,1.0881033572166456
2.3795,1.1175375995211145
2.38,1.0354306880696125
2.3805,1.0093714237911648
2.381,0.8374229027259186
2.3815,0.955196374756635
2.382,0.8748902405073113
2.3825,0.9117543889223259
2.383,1.0292636356135203
2.3835,1.2476405352659494
2.384,1.370920073996668
2.3845,1.3407881728492161
2.385,1.4647642231817943
2.3855,1.337928331697827
2.386,1.437403011760908
2.3865,1.282318285080341
2.387,1.0560682284721818
2.3875,1.314548468073624
2.388,0.8341263333992336
2.3885,1.0541634844411532
2.389,0.847661843217604
2.3895,1.0307245813459915
2.39,0.8226191871848998
2.3905,0.7316783006457962
2.391,0.8677832699262499
2.3915,0.9599486462501204
2.392,1.1528628930340155
2.3925,1.2730560613551118
2.393,1.2914093339682606
2.3935,1.3852563367373687
2.394,1.3386484568583246
2.3945,1.122649986471858
2.395,0.9888049361296931
2.3955,1.1386876445465488
2.396,1.1259081410340936
2.3965,1.104482650316074
2.397,1.0256287869334868
2.3975,1.0512951264021213
2.398,0.9251508332188499
2.3985,1.0653295509159284
2.399,1.1445020595572204
2.3995,0.7630373136079467
2.4,0.8661593549208747
2.4005,1.2321642394618801
2.401,1.387750361145025
2.4015,1.3668517526164177
2.402,1.4167325210908437
2.4025,1.2508114090761229
2.403,1.132002191375831
2.4035,1.0862171120903792
2.404,1.0793018074167084
2.4045,1.14887052304796
2.405,0.968890960257389
2.4055,0.9211138941299768
2.406,0.9298905711169158
2.4065,0.794377854564143
2.407,0.9177750878078399
2.4075,0.7748879873176686
2.408,0.8758219179195065
2.4085,1.1721684122776208
2.409,1.3192007823097804
2.4095,1.2758172103989387
2.41,1.510567243094014
2.4105,1.5237176292748127
2.411,1.193851652222451
2.4115,1.3324277810668255
2.412,0.8917931815986843
2.4125,1.2006904437692179
2.413,0.9703799793327009
2.4135,1.1000848726294592
2.414,0.833431750537695
2.4145,0.8481532658925941
2.415,0.7290446894833812
2.4155,0.8026091448923607
2.416,1.0905856997669994
2.4165,1.0339292368366304
2.417,1.408072118048625
2.4175,1.2811605350269388
2.418,1.529741417210223
2.4185,1.2099392244417724
2.419,1.2853516051142428
2.4195,1.183363466315489
2.42,1.3233130007890108
2.4205,1.1412437065909176
2.421,0.8792502008123323
2.4215,0.9160054380088241
2.422,0.8850169365229359
2.4225,1.0034140516079384
2.423,0.9221434958580343
2.4235,0.7837179810462652
2.424,0.7962093957956913
2.4245,1.0273206177074956
2.425,0.9899656514316613
2.4255,1.295924858155065
2.426,1.392042676258955
2.4265,1.364653530487261
2.427,1.4040222894590844
2.4275,1.3061321427127726
2.428,1.2694326682549801
2.4285,1.0255950563680754
2.429,1.1794728392827554
2.4295,1.1860875878633161
2.43,1.0687717611538525
2.4305,1.0294466071038477
2.431,0.8813931184702779
2.4315,0.9231080498947172
2.432,0.832546401536854
2.4325,0.7721617090221201
2.433,1.0917959123179646
2.4335,0.9988048618847547
2.434,1.3277610529114074
2.4345,1.3447983642008003
2.435,1.3524981389961566
2.4355,1.3697205227921214
2.436,1.2071998016261523
2.4365,1.256602861658109
2.437,1.1575627516940015
2.4375,1.0534177911164195
2.438,1.212232590931893
2.4385,1.045403772542884
2.439,1.0152759929505282
2.4395,1.0194851925211117
2.44,0.9730852516108268
2.4405,0.9051728491866791
2.441,0.9007095903587746
2.4415,0.9253188526975564
2.442,1.2414604116751955
2.4425,1.4531318421195796
2.443,1.4401093368217506
2.4435,1.052343324884079
2.444,1.425481348561751
2.4445,1.3547754142746318
2.445,1.164248693627074
2.4455,1.2465599259588742
2.446,1.1760354606665777
2.4465,1.0038226026279928
2.447,1.1389416274153141
2.4475,0.8089621523607136
2.448,0.8617905563805807
2.4485,0.8241004011815394
2.449,0.7947286720577177
2.4495,1.0124416617000083
2.45,1.2605026596822204
2.4505,1.4016462362712514
2.451,1.454036611819944
2.4515,1.2495637167791853
2.452,1.2578658368093394
2.4525,1.3399082155240214
2.453,1.2437967525487956
2.4535,1.1368866972600407
2.454,1.336403115555263
2.4545,1.1220192871988326
2.455,1.1190802669521147
2.4555,1.096432228799869
2.456,0.9263530409045307
2.4565,1.121706358779818
2.457,0.7607618801298451
2.4575,0.855277036743763
2.458,0.9445698782560608
2.4585,1.347712115366146
2.459,1.4090659590016
2.4595,1.3583260843932978
2.46,1.3405888708695164
2.4605,1.5208204890420656
2.461,1.3442500033685596
2.4615,1.3765183057002959
2.462,1.1761028513441363
2.4625,1.196674672274645
2.463,1.1389494098967268
2.4635,0.9931632406300865
2.464,0.9685659884266171
2.4645,0.7903149166665344
2.465,0.9135302181277511
2.4655,0.9545032964730114
2.466,1.0613063977257353
2.4665,1.1663881009843962
2.467,1.2395429797833644
2.4675,1.5305701520081876
2.468,1.525734154325263
2.4685,1.5676063279893815
2.469,1.5156770274518692
2.4695,1.2812607469590354
2.47,1.265474791136686
2.4705,1.2576156522083055
2.471,1.0308782783830974
2.4715,0.9923463798539465
2.472,0.9146663539839482
2.4725,0.9578001318282244
2.473,0.8671966079439182
2.4735,0.7293585510733136
2.474,0.9254436748365762
2.4745,1.0058448193241203
2.475,1.2811419776826904
2.4755,1.5117285822026318
2.476,1.4609789590085476
2.4765,1.3832604303825518
2.477,1.490003467030581
2.4775,1.3581926684977534
2.478,1.2572785729954303
2.4785,1.134703833648866
2.479,1.1337151327409098
2.4795,1.1280162339275615
2.48,1.1797050609872848
2.4805,1.083294833167138
2.481,1.1380558861826555
2.4815,0.9647652992865288
2.482,0.9320488555695179
2.4825,0.9201689401083609
2.483,0.9701000829052606
2.4835,1.1695356421264282
2.484,1.2940355886275887
2.4845,1.1918946727929347
2.485,1.361438013249499
2.4855,1.5779563079233097
2.486,1.3804229579132994
2.4865,1.2333822393079303
2.487,1.257598892087494
2.4875,0.9858874116222713
2.488,1.1729153312549156
2.4885,1.219173294200573
2.489,1.0067878667145487
2.4895,0.7675333008621642
2.49,0.8587790092374296
2.4905,1.0424232495346617
2.491,1.0243355469393265
2.4915,0.9941471526432437
2.492,1.5254322778555225
2.4925,1.2863569851539691
2.493,1.4486335438253575
2.4935,1.3614923034435658
2.494,1.3034824303127062
2.4945,1.2851935025190295
2.495,1.3269419454106237
2.4955,1.345903098247227
2.496,1.1439157471973176
2.4965,1.0408172858981204
2.497,1.129295779109999
2.4975,1.0562857579132052
2.498,0.9614886813099254
2.4985,0.9374643459862544
2.499,0.9362565158231905
2.4995,1.0622662015341144
2.5,1.181834887137601
2.5005,1.454573256625035
2.501,1.675332789612946
2.5015,1.5080749504751358
2.502,1.4618917274483447
2.5025,1.4200967365488089
2.503,1.252775972457734
2.5035,1.3346661957939265
2.504,1.261585076507589
2.5045,1.1411030254705077
2.505,1.2268797524782975
2.5055,1.0714903627420802
2.506,0.89591170434858
2.5065,0.9699295410335538
2.507,0.9507732483532251
2.5075,1.084303977832471
2.508,1.194485335070184
2.5085,1.253099204814349
2.509,1.3543187251089557
2.5095,1.4856773249693742
2.51,1.5361578252517887
2.5105,1.5036431842895588
2.511,1.4112417593902145
2.5115,1.2994997377670723
2.512,1.3549761423936988
2.5125,1.1513419463955017
2.513,1.43018943534204
2.5135,1.20527241317301
2.514,0.9436885230656886
2.5145,1.000787601307004
2.515,1.0149671602963188
2.5155,0.9170777348618575
2.516,0.8864661403384162
2.5165,1.0695686195281937
2.517,1.380362913344458
2.5175,1.2737463760874357
2.518,1.365446179702087
2.5185,1.5563519827915546
2.519,1.422246806425595
2.5195,1.298229685913256
2.52,1.2512313634970722
2.5205,1.1071232836606675
2.521,1.2683082063824238
2.5215,1.0984816987314654
2.522,1.0651336831681142
2.5225,1.0774161374931006
2.523,0.9490062171587657
2.5235,0.8766111865173889
2.524,0.7857222325603996
2.5245,1.1263119102972445
2.525,1.244981336085672
2.5255,1.3328545432357322
2.526,1.3857522373865236
2.5265,1.5283506339625128
2.527,1.5475188621875602
2.5275,1.4411657474523054
2.528,1.5192090334658406
2.5285,1.3654337531687335
2.529,1.2434792338960956
2.5295,1.2936687417511423
2.53,1.1781793823918112
2.5305,1.1106985629626276
2.531,1.1590880227263523
2.5315,0.8814425143623208
2.532,0.9658276592531588
2.5325,1.1435979127643625
2.533,1.178535062383657
2.5335,1.2633610897956524
2.534,1.267093745747248
2.5345,1.2945868839422476
2.535,1.7434985832210703
2.5355,1.5221059310287872
2.536,1.3586122817839452
2.5365,1.3793713148455644
2.537,1.1963059417973883
2.5375,1.2213587322291268
2.538,1.1237881742784612
2.5385,1.0231961327049615
2.539,0.8814202735816234
2.5395,0.8579028217953865
2.54,1.0751522680287737
2.5405,0.8885705282137837
2.541,1.1246318396004211
2.5415,1.3042184522609315
2.542,1.362805518436269
2.5425,1.4542590830346087
2.543,1.5585031816793222
2.5435,1.4957378213590513
2.544,1.599533730268462
2.5445,1.5900105467095118
2.545,1.4801421902041283
2.5455,1.0734104046409685
2.546,1.2104265283042486
2.5465,1.213721233868301
2.547,1.1990855393851854
2.5475,0.9039772426817397
2.548,0.8341945670661131
2.5485,1.111523007495322
2.549,0.962417877793186
2.5495,0.9743873170694133
2.55,1.1601701495026122
2.5505,1.456985189395959
2.551,1.4404727440769711
2.5515,1.5843619317596547
2.552,1.4346122402409365
2.5525,1.2898701425903623
2.553,1.530626500528668
2.5535,1.3674457092727594
2.554,1.2533859946489885
2.5545,1.2001400693983604
2.555,1.3521191239078836
2.5555,1.1975275057559014
2.556,1.1762061700845556
2.5565,0.9448290023902544
2.557,1.000388799135507
2.5575,1.0965464810617034
2.558,1.1242017474412296
2.5585,1.3221575576481845
2.559,1.4106635555517884
2.5595,1.5927116159491053
2.56,1.434793185583575
2.5605,1.5793706823531115
2.561,1.478875420566301
2.5615,1.3547436356364075
2.562,1.366537080637997
2.5625,1.2483587673691012
2.563,1.1811038374355198
2.5635,1.2489903552336155
2.564,1.1805727798075751
2.5645,0.9967513283196707
2.565,0.9433840568090887
2.5655,0.9984820024183999
2.566,1.0453163562358974
2.5665,1.390292424352521
2.567,1.421873274589617
2.5675,1.5145041860870316
2.568,1.4807058138922002
2.5685,1.6399241514352951
2.569,1.4464544597943885
2.5695,1.365400246887285
2.57,1.4405848472103158
2.5705,1.3553048171861444
2.571,1.0316325978565988
2.5715,1.2252176364075413
2.572,1.1928612432755172
2.5725,1.0701176770166685
2.573,1.0517818736145292
2.5735,0.8269187099151591
2.574,0.7621070634939124
2.5745,1.0522952158027925
2.575,1.3253067515016808
2.5755,1.12182258352527
2.576,1.4645850181185172
2.5765,1.3939659787376824
2.577,1.5340948352545198
2.5775,1.6857809035989524
2.578,1.3919992390727949
2.5785,1.3422313119857905
2.579,1.3958645763017812
2.5795,1.279411827793791
2.58,1.208958382271835
2.5805,1.2556901275665626
2.581,1.133186204399203
2.5815,1.0563540910636364
2.582,1.005557037913682
2.5825,1.045651738390963
2.583,1.2946751328669595
2.5835,1.3216307215159377
2.584,1.6155319910615145
2.5845,1.4712881487004468
2.585,1.7333221463130346
2.5855,1.5922019889536434
2.586,1.3735871585615274
2.5865,1.4484202590230597
2.587,1.278813453722779
2.5875,1.3102635883373708
2.588,1.221330887486768
2.5885,1.2030110697930596
2.589,1.2375060058745542
2.5895,1.1206272169169538
2.59,0.9112557578618433
2.5905,0.9308771960268198
2.591,1.1483056249431007
2.5915,1.2926132038136169
2.592,1.3430972084950699
2.5925,1.6922929377569202
2.593,1.6752454609836303
2.5935,1.5231848691429024
2.594,1.4549055817060044
2.5945,1.4272079142071146
2.595,1.349249528968678
2.5955,1.4610964607312764
2.596,1.3991336529764
2.5965,1.2630007532747127
2.597,1.2663932883717597
2.5975,1.2044619060185833
2.598,1.0594515963416475
2.5985,1.0658216144199166
2.599,1.1220916372521523
2.5995,1.215857203118186
2.6,1.2362463991077846
2.6005,1.393381451892825
2.601,1.5367031939573856
2.6015,1.5319868408209383
2.602,1.4272458982107725
2.6025,1.573571747266571
2.603,1.4641294639129079
2.6035,1.2346023682508518
2.604,1.3031922429051461
2.6045,1.2739794189431894
2.605,1.263562630416967
2.6055,1.0695271295358662
2.606,0.9650745358829914
2.6065,1.0937224940243284
2.607,0.8800788779347432
2.6075,1.0708128277503626
2.608,1.1839516905329888
2.6085,1.356329776060468
2.609,1.5308390209694454
2.6095,1.748799214626576
2.61,1.4427121992855614
2.6105,1.6451516062946605
2.611,1.2314976332248198
2.6115,1.5489431045075572
2.612,1.1513827489481177
2.6125,1.5621620646749206
2.613,1.2423940567239833
2.6135,1.356492802101733
2.614,1.2627052697303007
2.6145,1.0358279831760118
2.615,0.9982918930817977
2.6155,0.9642187254828716
2.616,1.2099857213411782
2.6165,1.2257407850613862
2.617,1.3382085349519273
2.6175,1.5962258713246646
2.618,1.5132865345293678
2.6185,1.5617234590858577
2.619,1.5464915029858854
2.6195,1.3941663690155133
2.62,1.3414701310889123
2.6205,1.4969386839901426
2.621,1.2879867973463313
2.6215,1.2310290716977526
2.622,1.1883568922743841
2.6225,1.1746449772034293
2.623,0.9570423936544041
2.6235,1.0748523997929669
2.624,1.0945936295539245
2.6245,0.9943371862497643
2.625,1.4994255603407947
2.6255,1.612873894024479
2.626,1.4909131467863554
2.6265,1.4955838510545358
2.627,1.6023005932087824
2.6275,1.3680957673512057
2.628,1.5703883627227857
2.6285,1.3259307630714499
2.629,1.4934672450415167
2.6295,1.2137356711113938
2.63,1.2376812070852676
2.6305,1.3077389442429161
2.631,1.0712132716000753
2.6315,1.0717873087847465
2.632,1.1453337630881937
2.6325,1.0408318562921162
2.633,1.0925074472635905
2.6335,1.2246735345811295
2.634,1.5655612847717193
2.6345,1.6292350420003667
2.635,1.7100070307230586
2.6355,1.5310324672520388
2.636,1.34034734901801
2.6365,1.1747685418121172
2.637,1.6427018325006162
2.6375,1.371214902725177
2.638,1.2948141192163303
2.6385,1.2548466892413839
2.639,1.0104481216258907
2.6395,0.9990462020812578
2.64,1.2074205336293904
2.6405,1.112354299926135
2.641,1.0532381879576445
2.6415,1.1435196763463915
2.642,1.3664155296529468
2.6425,1.5085977810870255
2.643,1.8053259738918175
2.6435,1.5729668606182408
2.644,1.4137624780038651
2.6445,1.4492507723961106
2.645,1.413525617942759
2.6455,1.2116176986358353
2.646,1.344624232687384
2.6465,1.3836462521367054
2.647,1.2152651182798477
2.6475,1.0447874182059131
2.648,1.0026022301328736
2.6485,0.8610740259823041
2.649,1.0502213072028739
2.6495,1.1986406100195541
2.65,1.224463523468763
2.6505,1.6546564591469977
2.651,1.6438586609008534
2.6515,1.4219776576652992
2.652,1.3954659492486268
2.6525,1.4052446208945852
2.653,1.5840119342300938
2.6535,1.4543703419503116
2.654,1.485928810068541
2.6545,1.2892372842882107
2.655,1.2197624537409195
2.6555,1.0478466526159425
2.656,1.1298558088444228
2.6565,1.0160821351958074
2.657,1.003492457062926
2.6575,1.2489048048106228
2.658,1.1964816147086332
2.6585,1.49384963425741
2.659,1.3383899029333801
2.6595,1.8489206449834452
2.66,1.5560391493775774
2.6605,1.6184545008735556
2.661,1.5591216250770954
2.6615,1.3491558895846132
2.662,1.426431349600961
2.6625,1.394021100560744
2.663,1.1979945540562125
2.6635,1.1448030967338392
2.664,1.1458399258262646
2.6645,1.0544885390324679
2.665,1.1596828619330444
2.6655,1.1038470223194325
2.666,1.109395041048343
2.6665,1.313427780646139
2.667,1.1997182680026668
2.6675,1.4647887802539465
2.668,1.6151534451479104
2.6685,1.6890716188901485
2.669,1.5382181197483602
2.6695,1.5862410695062028
2.67,1.4589751286323012
2.6705,1.2757125853317326
2.671,1.2750621827918163
2.6715,1.288039396172194
2.672,1.140762621982228
2.6725,1.2616373778142689
2.673,0.9284179574939956
2.6735,1.0421570756229244
2.674,1.1205264766900853
2.6745,1.119383694140335
2.675,1.2432021060599348
2.6755,1.4358237232857116
2.676,1.6283668042194226
2.6765,1.5335983555304098
2.677,1.4479200699390586
2.6775,1.6006183880748122
2.678,1.4483295897856674
2.6785,1.4475648248034434
2.679,1.3807867667327123
2.6795,1.4872971201890015
2.68,1.3330970009242464
2.6805,1.0808753874514991
2.681,1.1223980495771533
2.6815,0.9602327808333476
2.682,0.9616294037317523
2.6825,0.9257324539173702
2.683,1.1601888535448024
2.6835,1.3947409409463138
2.684,1.4698840561351671
2.6845,1.4492650919740484
2.685,1.4199612513009332
2.6855,1.7376229925924425
2.686,1.4835188619851924
2.6865,1.294800099210571
2.687,1.3688299969323139
2.6875,1.5037714215230167
2.688,1.3090968626435966
2.6885,0.9137784251685084
2.689,1.3839018618018402
2.6895,0.8582889855555901
2.69,0.9767575089165899
2.6905,0.8970426846911311
2.691,1.0190550734114912
2.6915,1.2576947383182766
2.692,1.173531838931594
2.6925,1.4933636996665107
2.693,1.6769926785372702
2.6935,1.4689177914743452
2.694,1.3547400578615485
2.6945,1.4018356253438566
2.695,1.3135185215342486
2.6955,1.2400178302592217
2.696,1.1450502383252432
2.6965,1.2737608072919506
2.697,1.2196241740793923
2.6975,0.9762428641023836
2.698,0.9206929304707987
2.6985,0.9981529218646863
2.699,0.9242725174016406
2.6995,1.1422141100434577
2.7,1.4173388831366356
2.7005,1.4107354960827523
2.701,1.3989260024231358
2.7015,1.5957500273420926
2.702,1.5098401417355067
2.7025,1.4431756104835642
2.703,1.428402691902188
2.7035,1.3881934292385538
2.704,1.2805556555733313
2.7045,1.2352343407212603
2.705,1.3997915726753256
2.7055,1.24502092482941
2.706,1.1302537189345059
2.7065,1.0004768988055674
2.707,0.8776902748914823
2.7075,1.150792774106673
2.708,1.1741514331487097
2.7085,1.2532938106225953
2.709,1.4227978881925667
2.7095,1.4330630492154277
2.71,1.6483302944479907
2.7105,1.5649323161742825
2.711,1.439213421707182
2.7115,1.3428342102147188
2.712,1.2243500652464865
2.7125,1.0414715955929215
2.713,1.0752459265679495
2.7135,1.0875718155648955
2.714,0.9985915501023501
2.7145,1.0412307645214391
2.715,1.0474559399279753
2.7155,0.966355074767031
2.716,1.2026321106657458
2.7165,1.1195196176452797
2.717,1.3355078253300445
2.7175,1.4655898633250866
2.718,1.6396516184766814
2.7185,1.5318805641784599
2.719,1.475052231385917
2.7195,1.2180866103660433
2.72,1.2250460671706382
2.7205,1.3767004492374038
2.721,1.0237970816679987
2.7215,1.3234711991808175
2.722,1.1772782690408
2.7225,0.9751551087026541
2.723,0.8972001069098615
2.7235,1.140974271004855
2.724,1.1286748990683435
2.7245,1.0790593985587953
2.725,1.2505412122702306
2.7255,1.3185410029102378
2.726,1.5001023023282298
2.7265,1.4553817937010298
2.727,1.4858813498712131
2.7275,1.6052531795915879
2.728,1.337238158242689
2.7285,1.1801182350764006
2.729,1.1061018933742064
2.7295,1.2196520849554011
2.73,1.082891479241021
2.7305,1.1150764047154955
2.731,0.8503077218626836
2.7315,1.0216499677618713
2.732,0.8374278585618198
2.7325,1.0077760805185316
2.733,1.090897765727241
2.7335,1.4477709086443242
2.734,1.4290987675701334
2.7345,1.6889844217298147
2.735,1.563346947013731
2.7355,1.6037653072884677
2.736,1.364688650129214
2.7365,1.3461049565224839
2.737,1.3786481884221558
2.7375,1.3092681306632667
2.738,1.2338590288161082
2.7385,1.093193172419625
2.739,1.0360914818070739
2.7395,1.0900738948294983
2.74,1.0648441636437436
2.7405,0.8837940955311263
2.741,0.9511822161836395
2.7415,1.0711514603216559
2.742,1.3957262330744564
2.7425,1.341376329768683
2.743,1.5757706297610194
2.7435,1.539381684597265
2.744,1.37065188069423
2.7445,1.5033689516491227
2.745,1.132170763302923
2.7455,1.3963676619768293
2.746,1.2264797871882762
2.7465,0.9450373540469955
2.747,1.2496654548669577
2.7475,1.1102492326210291
2.748,0.9006611023197045
2.7485,0.8179419337031408
2.749,0.7936223356457311
2.7495,1.2955036868113123
2.75,1.1076618125836957
2.7505,1.219682073169429
2.751,1.4762629024054197
2.7515,1.3217966630966074
2.752,1.3583628894946205
2.7525,1.4864689372171387
2.753,1.3559435681972536
2.7535,1.2089790143132149
2.754,1.2072394665294663
2.7545,1.1253385449790865
2.755,1.1154035649501404
2.7555,0.9768358414801579
2.756,0.9168150029165646
2.7565,0.8541195359603531
2.757,0.833403625655541
2.7575,1.0700672676665655
2.758,1.16425556769964
2.7585,1.1451988340121741
2.759,1.255002507126427
2.7595,1.4411919672277689
2.76,1.685275721058456
2.7605,1.3209217799612059
2.761,1.3319084298418782
2.7615,1.2828853856734694
2.762,1.2083760815979019
2.7625,1.1354068767732421
2.763,1.2587241676996108
2.7635,1.133891210720917
2.764,1.0990120616031243
2.7645,0.9977132799095163
2.765,0.9821221251731407
2.7655,1.064003356379034
2.766,1.1211545464514736
2.7665,1.356548383542917
2.767,1.3970060406692566
2.7675,1.3299089677563036
2.768,1.5412868584394244
2.7685,1.5184185635942367
2.769,1.5797714593477958
2.7695,1.212868057815248
2.77,1.2968141134490836
2.7705,1.1249526563043646
2.771,1.2085154122373645
2.7715,1.0936049103363439
2.772,1.101147317521469
2.7725,0.8347459397767717
2.773,0.9855869958669777
2.7735,0.8978337889606484
2.774,0.9285953836314581
2.7745,1.211863690983263
2.775,1.1246696208481706
2.7755,1.3432230667640068
2.776,1.4224927514834111
2.7765,1.4684251750040465
2.777,1.6417753859137718
2.7775,1.356473467702373
2.778,1.2159601999059082
2.7785,1.3979183456070459
2.779,1.1378998154284414
2.7795,0.972376963411509
2.78,1.0108788912654911
2.7805,0.8917703287289979
2.781,0.758308113438566
2.7815,0.8424066435930047
2.782,0.8625454178793789
2.7825,1.0473642102600111
2.783,1.1138786232011095
2.7835,1.260574041208687
2.784,1.2489385823264467
2.7845,1.5092943295392305
2.785,1.5728167179092494
2.7855,1.4271623870948864
2.786,1.35436356532618
2.7865,1.1116944205132793
2.787,1.2889049645266184
2.7875,1.3236041949074009
2.788,1.139878286933281
2.7885,0.9934515045861071
2.789,0.9627503388469918
2.7895,0.8613293206367003
2.79,0.821357644534585
2.7905,0.935117000530117
2.791,0.9808344776155191
2.7915,1.1893829485919918
2.792,1.2773682360007765
2.7925,1.2755370670888175
2.793,1.3716661991340577
2.7935,1.3563595885037267
2.794,1.3344538852102807
2.7945,1.454505844202852
2.795,1.4020525355368314
2.7955,1.24235774765253
2.796,1.1348709406574162
2.7965,0.9447450890888875
2.797,1.0411304259587677
2.7975,0.8628079561237209
2.798,1.035446574969208
2.7985,0.6828497534110308
2.799,0.9181607941658825
2.7995,0.8958582980292537
2.8,1.1285142511763824
2.8005,1.3422589072571216
2.801,1.4814271856676893
2.8015,1.4094272574427267
2.802,1.4627033600870298
2.8025,1.2509454525908321
2.803,1.2644560155422144
2.8035,1.2783783922705267
2.804,1.169325101877028
2.8045,1.047525033070038
2.805,1.024743092704326
2.8055,1.085799470695482
2.806,0.7970469744515353
2.8065,0.7523266626661912
2.807,0.8979004397180157
2.8075,0.8536973823302025
2.808,0.8740599905533514
2.8085,1.305828096884033
2.809,1.1969846868030873
2.8095,1.3696738839735443
2.81,1.340689232177048
2.8105,1.327018017861453
2.811,1.1928653612317952
2.8115,1.2789427116980467
2.812,1.1640317257517523
2.8125,1.2135125457787344
2.813,1.0164315278838698
2.8135,1.2360951608244237
2.814,0.7585323347686386
2.8145,0.7150481101634875
2.815,1.0030453002239088
2.8155,0.888202234445645
2.816,0.9576523816569565
2.8165,1.1028900186388122
2.817,1.268320555283451
2.8175,1.3629942780643471
2.818,1.2963675307219151
2.8185,1.4658374375696137
2.819,1.390696568299899
2.8195,1.389559771035121
2.82,1.3548243103266147
2.8205,1.1637394186035583
2.821,0.9723915046308471
2.8215,1.2304732113658003
2.822,0.8897850640077087
2.8225,0.9482365089918032
2.823,0.8195144187279783
2.8235,0.7733543096983242
2.824,0.9292630592121337
2.8245,0.9810141069958799
2.825,1.1542421098017124
2.8255,1.167702977897092
2.826,1.335610708132885
2.8265,1.3125000714354418
2.827,1.3408022702791134
2.8275,1.2796154174907712
2.828,1.3988042400526834
2.8285,1.1268639210048372
2.829,0.8983749201597757
2.8295,1.2149636259932715
2.83,1.0727447945729174
2.8305,0.9464817870362969
2.831,0.8380372770311804
2.8315,0.7277723656934681
2.832,1.0074334653925887
2.8325,0.8788646112487923
2.833,0.8218413098693789
2.8335,1.1799540185529158
2.834,1.4041797722086529
2.8345,1.3820632630103786
2.835,1.2894708004323967
2.8355,1.2348546375965959
2.836,1.166958863750409
2.8365,1.3372326805527681
2.837,1.1235245903155961
2.8375,0.9252067756295493
2.838,1.0938850519894323
2.8385,1.0152121159352998
2.839,0.8826161194293455
2.8395,0.7502232258450686
2.84,0.7002443144696173
2.8405,0.9285539598494343
2.841,0.9275539165326889
2.8415,1.0871128766133
2.842,1.215359705962698
2.8425,1.3456691497857522
2.843,1.32620085754604
2.8435,1.343718112664473
2.844,1.421603764189876
2.8445,1.3688614155599792
2.845,1.0370794146869329
2.8455,1.0909577610573467
2.846,1.1603709453867086
2.8465,1.222929802326546
2.847,1.1515025645789767
2.8475,0.8167772173404572
2.848,0.9548124067212843
2.8485,0.8046082386505556
2.849,0.9398109525317222
2.8495,1.018141424037768
2.85,0.9594768137880648
2.8505,1.2874347813259497
2.851,1.4369648285036885
2.8515,1.3710268508487238
2.852,1.3198790833795007
2.8525,1.1183396754318842
2.853,1.2669637617004337
2.8535,1.158120179871921
2.854,1.0033739292869233
2.8545,1.0277436439178245
2.855,1.0283585538078732
2.8555,0.8890254123377326
2.856,0.8675500563339379
2.8565,0.6332131370648553
2.857,0.9345307993780245
2.8575,0.861450082687167
2.858,0.8720797088033406
2.8585,0.887827906006371
2.859,1.3733155403827908
2.8595,1.4092895839314044
2.86,1.3879810505166696
2.8605,1.4078313989490006
2.861,1.3325078231806593
2.8615,1.1924610937954132
2.862,1.0934436346661591
2.8625,1.0397632392671001
2.863,1.0861886233251417
2.8635,1.1296593650477613
2.864,0.9062886080904136
2.8645,0.9892108014414371
2.865,0.8334745339303222
2.8655,0.8477118935509853
2.866,1.1332929369042863
2.8665,1.1947232274098107
2.867,1.349179568120324
2.8675,1.2238020327876333
2.868,1.5831503626911978
2.8685,1.3472001861208687
2.869,1.2737136624607615
2.8695,1.0030574750736152
2.87,1.1837276668135326
2.8705,0.9954885960397521
2.871,1.1095388306440976
2.8715,0.9110673500295898
2.872,1.1458099164270314
2.8725,0.9444753001534597
2.873,1.0484917140687837
2.8735,0.6898710920264829
2.874,0.9839484844098888
2.8745,0.7529362203483535
2.875,1.1008075476472696
2.8755,1.1636349633484233
2.876,1.2861927359268943
2.8765,1.316219498461987
2.877,1.2480996195431604
2.8775,1.1448316909815295
2.878,1.149887913225708
2.8785,1.1446110720526212
2.879,1.2079591182877896
2.8795,1.0860946757859682
2.88,1.1260290209486223
2.8805,0.7937729948627226
2.881,0.8209221429305299
2.8815,0.8764788036526442
2.882,0.8313148969091544
2.8825,0.7713842184049418
2.883,1.0733000014594511
2.8835,1.0787850863213735
2.884,1.1910149391636993
2.8845,1.4007601542535055
2.885,1.3663501216328846
2.8855,1.2682318741907495
2.886,1.1900234800861502
2.8865,1.0655658239950019
2.887,1.0790543357224829
2.8875,1.1914783426773545
2.888,1.0687853632970248
2.8885,1.0862874184519713
2.889,0.9688934299296351
2.8895,0.7812819312815349
2.89,0.6324244531769432
2.8905,0.718372410684138
2.891,0.8273091600384779
2.8915,0.9564835050874504
2.892,1.2815425835769354
2.8925,1.4029796696290502
2.893,1.5877128848660353
2.8935,1.2818778384598837
2.894,1.4592708711241236
2.8945,1.3814073461658536
2.895,1.1314054366301958
2.8955,1.1549475390256079
2.896,1.1967894108362758
2.8965,1.0255685118537454
2.897,0.9568721710525963
2.8975,0.8312897067166625
2.898,0.5894401926594105
2.8985,0.804393892923218
2.899,0.7634504071285533
2.8995,0.8313127100106805
2.9,1.1280923830589196
2.9005,1.0877721451644666
2.901,1.4179351072850244
2.9015,1.4228001850430416
2.902,1.3063551553153319
2.9025,1.2715045913315
2.903,1.0823751583018058
2.9035,1.2155400584120422
2.904,1.1180550684282697
2.9045,1.0907042841008923
2.905,1.0677540678912743
2.9055,0.8857692230325067
2.906,0.7209630592204177
2.9065,0.909989331809918
2.907,0.8749758741045461
2.9075,0.8133027302140993
2.908,1.0303693134789995
2.9085,1.2675028527475185
2.909,1.3926420163917166
2.9095,1.3058572761640896
2.91,1.2273315984178423
2.9105,1.1995024343381422
2.911,1.2254644722110437
2.9115,1.3299294271224493
2.912,1.0571618575846116
2.9125,1.0334464317964733
2.913,0.9944651466337291
2.9135,0.9493045248034053
2.914,0.9284366647246842
2.9145,0.7269970019000858
2.915,0.9184922447702568
2.9155,0.809515106869584
2.916,1.1555067543464408
2.9165,0.9273659166409978
2.917,1.3560285728385595
2.9175,1.4588763309348316
2.918,1.3393965459449677
2.9185,1.3330024237418583
2.919,1.2218727290390583
2.9195,1.1459923223240551
2.92,1.1694818457318346
2.9205,1.124788426411962
2.921,0.9278229910829587
2.9215,1.2763689358137573
2.922,0.9603314757445567
2.9225,0.9165702499184728
2.923,0.7790190041510849
2.9235,0.7870569704331927
2.924,0.8152725640330415
2.9245,0.9553887510399888
2.925,1.1014589696319812
2.9255,1.330644595214082
2.926,1.3775128702818231
2.9265,1.4625407918338882
2.927,1.3632734107739595
2.9275,1.3190479629159257
2.928,1.1955601505110287
2.9285,1.2593164606498404
2.929,1.150284884181471
2.9295,1.0676199694618151
2.93,1.0178856056423
2.9305,0.9584010878799838
2.931,0.8954294425789433
2.9315,0.8283386831465134
2.932,0.7701375232177218
2.9325,0.9634458927943675
2.933,1.0925818960844824
2.9335,1.340605170425635
2.934,1.2391201074181144
2.9345,1.4498645217206885
2.935,1.2063969823383676
2.9355,1.435425954301717
2.936,1.1324704092072184
2.9365,1.1069491498880857
2.937,1.1851056213334012
2.9375,1.0529972827154226
2.938,1.0025792829269617
2.9385,0.9764439092630876
2.939,1.0251584987999176
2.9395,0.7845372799299223
2.94,0.8276519116091439
2.9405,0.8093286753471358
2.941,1.012964487592678
2.9415,1.1530814068594986
2.942,1.0372631618835497
2.9425,1.44818435241429
2.943,1.3436022642365457
2.9435,1.4204309497205525
2.944,1.2445842590408052
2.9445,1.298738959068068
2.945,1.449505808361805
2.9455,1.1604403145620183
2.946,1.0672541474625974
2.9465,1.049157158388662
2.947,0.8649085200697733
2.9475,1.0806061732877557
2.948,0.8988033342441253
2.9485,0.7349108418289637
2.949,0.7756406582636903
2.9495,0.9835905128499397
2.95,1.2226653090587922
2.9505,1.1617730582114403
2.951,1.4930111245324396
2.9515,1.4099926122715238
2.952,1.2984367283963645
2.9525,1.276522260890832
2.953,1.422075644370108
2.9535,1.0478733463553593
2.954,1.0726815002151795
2.9545,1.2066916303452029
2.955,1.0864846971783855
2.9555,0.9185187588792508
2.956,1.0173365195737978
2.9565,0.9638297153055148
2.957,0.8879381772252283
2.9575,0.8546445369748416
2.958,0.9930219881009033
2.9585,1.2199138932531925
2.959,1.1976644654583497
2.9595,1.5455197637784777
2.96,1.5969974172325747
2.9605,1.3587359539977655
2.961,1.3436916810777868
2.9615,1.3540567131236212
2.962,1.3776738702790527
2.9625,1.3012192735803487
2.963,0.9353728930364654
2.9635,1.0240190052347686
2.964,1.0330492294558726
2.9645,0.8593235214061633
2.965,1.0423962102590596
2.9655,1.0413159391185687
2.966,0.8806972635892829
2.9665,1.083493609676752
2.967,1.1774085798147305
2.9675,1.3558602430898328
2.968,1.4139600706189592
2.9685,1.5241774892983724
2.969,1.2817018906314364
2.9695,1.032145751994134
2.97,1.0662325372238697
2.9705,1.0773289725879007
2.971,1.0802232982368474
2.9715,1.1237611371533383
2.972,0.9366181280305567
2.9725,0.8475000816542062
2.973,0.8075835720998894
2.9735,0.761360213786859
2.974,0.855058477637157
2.9745,0.955677971406298
2.975,1.2318236423723075
2.9755,1.2114777357823687
2.976,1.3795742621341167
2.9765,1.3984212145274983
2.977,1.5062195268996206
2.9775,1.3418344485639682
2.978,1.3863607707135293
2.9785,1.1056269281663569
2.979,1.175200475819622
2.9795,1.0882062333519666
2.98,0.9766908119822034
2.9805,1.0254411710278775
2.981,1.1287910477133147
2.9815,0.8120406116092614
2.982,0.8768738649295094
2.9825,0.8195688146963234
2.983,0.9279236038994704
2.9835,1.1477997533774806
2.984,1.319021153740885
2.9845,1.4074270504930095
2.985,1.4396986899990019
2.9855,1.2529020677164027
2.986,1.280968315466688
2.9865,1.3212104721827953
2.987,1.0819264025840565
2.9875,1.1457132947107158
2.988,1.1739899356024985
2.9885,1.013197375683446
2.989,1.0530519010395571
2.9895,0.7926196255485449
2.99,0.9890180200083275
2.9905,0.9510771233457279
2.991,1.0040391216005278
2.9915,1.2484599647531207
2.992,1.255734454013414
2.9925,1.3499522255322518
2.993,1.610180430396408
2.9935,1.649307483732258
2.994,1.3377388611922767
2.9945,1.319034290381795
2.995,1.3678311837521855
2.9955,1.2090354535441827
2.996,1.2419914152743556
2.9965,1.219872001065441
2.997,1.0252013898883925
2.9975,1.0474168663603445
2.998,0.9368317783035764
2.9985,0.7882035053562051
2.999,0.8485478958146884
2.9995,0.9872094236388347
3.0,1.2928519850800608
3.0005,1.4436847001526802
3.001,1.5274781313745336
3.0015,1.5341207056309778
3.002,1.5038315829611473
3.0025,1.4222666449352708
3.003,1.3593278580982138
3.0035,1.305704617049886
3.004,1.0770252190267522
3.0045,1.1041253316803685
3.005,1.0337809081258345
3.0055,1.1803058866729281
3.006,1.1583273785544093
3.0065,0.7178643044500562
3.007,1.0835554592004482
3.0075,0.9969343005745793
3.008,1.2126026219785964
3.0085,1.3146685533357436
3.009,1.5455669241102528
3.0095,1.506477193299324
3.01,1.3634814914036282
3.0105,1.444700258135721
3.011,1.4326661431873153
3.0115,1.2869798219608397
3.012,1.321067612606635
3.0125,1.2122023969407787
3.013,1.122698158215062
3.0135,1.0203675368265068
3.014,1.017255525129388
3.0145,1.002721833183383
3.015,0.741759628067507
3.0155,0.8740070043423059
3.016,0.836311340618599
3.0165,1.1117675282902164
3.017,1.4458850923386526
3.0175,1.3305963851714075
3.018,1.5806966114728125
3.0185,1.7875510208294096
3.019,1.5898555412360433
3.0195,1.3811590629128423
3.02,1.3865480238089631
3.0205,1.117236384701413
3.021,1.0625213979958885
3.0215,1.1820058651411702
3.022,1.1585699579733288
3.0225,1.1521780522592922
3.023,0.9177927565640782
3.0235,0.9664160659169865
3.024,1.000577230688104
3.0245,1.0764299151528414
3.025,1.229834551711461
3.0255,1.2991228387400582
3.026,1.517462888771675
3.0265,1.5465793841166682
3.027,1.4554705095393696
3.0275,1.4979672859222637
3.028,1.4581856402598845
3.0285,1.3626939325057976
3.029,1.1499632108574207
3.0295,1.2298054428276777
3.03,1.0821699982663822
3.0305,1.1158347621403772
3.031,0.93869797329329
3.0315,1.0989646359118446
3.032,1.0418298413496523
3.0325,1.1399258430336583
3.033,1.2528082155856572
3.0335,1.2732064171751
3.034,1.3951487479319433
3.0345,1.6957939610316424
3.035,1.5193684992277623
3.0355,1.3557966846565337
3.036,1.5177662690591394
3.0365,1.3588031927589406
3.037,1.441667768025613
3.0375,1.2787758277668524
3.038,1.2158820648431046
3.0385,1.3171355720388689
3.039,0.9380721336617027
3.0395,0.9591323305579968
3.04,0.8842871944495148
3.0405,0.7677507464774376
3.041,1.1584602712218146
3.0415,1.1528118718781446
3.042,1.4516843540801203
3.0425,1.5230244533901367
3.043,1.6059151362893136
3.0435,1.4918599099273906
3.044,1.4027179896642803
3.0445,1.41133324681702
3.045,1.4270778254978738
3.0455,1.2835285275699673
3.046,1.1839355719270244
3.0465,1.09340351085034
3.047,1.1731960448753433
3.0475,1.0213019429591232
3.048,1.0013648743640255
3.0485,0.9569661543079172
3.049,0.973886712185723
3.0495,1.152508306990633
3.05,1.3259846386892546
3.0505,1.6144656195298404
3.051,1.5985242841917857
3.0515,1.7195676004886629
3.052,1.4506249393754358
3.0525,1.3041956782560944
3.053,1.3867454586345065
3.0535,1.4134294425587626
3.054,1.3568772525887576
3.0545,1.373414398799195
3.055,0.9519745511018631
3.0555,1.2636721906914354
3.056,1.0950711295639302
3.0565,0.848796935626666
3.057,1.0676750297904192
3.0575,1.0732748471453069
3.058,1.2173315882304458
3.0585,1.4316216835801132
3.059,1.5120521263831368
3.0595,1.4055231863518947
3.06,1.5526299749903383
3.0605,1.360409163343304
3.061,1.5127102884479318
3.0615,1.5148715126455705
3.062,1.197440169817574
3.0625,1.2177064376891513
3.063,1.1598799794560233
3.0635,1.149227212560941
3.064,1.1631136951120573
3.0645,1.0031714399904457
3.065,1.0679423033032933
3.0655,1.1233173278020525
3.066,1.2106928476501788
3.0665,1.125962403827266
3.067,1.5288185976174087
3.0675,1.6596513912199518
3.068,1.7292463043848247
3.0685,1.5502437247598775
3.069,1.4324307024578329
3.0695,1.3322508588474122
3.07,1.2531453922451647
3.0705,1.3177415857534343
3.071,1.3667625444192115
3.0715,1.3716505568827277
3.072,1.1317535695845067
3.0725,1.100208465886741
3.073,1.0253267517054268
3.0735,0.9443594852195457
3.074,1.1187840764040167
3.0745,1.186126864302167
3.075,1.3112643568369555
3.0755,1.4801487502968969
3.076,1.6104847496381862
3.0765,1.64678577757066
3.077,1.4745082568954588
3.0775,1.5796238326776475
3.078,1.4392534503072907
3.0785,1.3095199770208716
3.079,1.3353644513675895
3.0795,1.3117289196852318
3.08,1.3386359260071707
3.0805,1.0584099723035756
3.081,1.2184959247134721
3.0815,1.02980815053799
3.082,0.9688197280955732
3.0825,1.0265823988779734
3.083,1.1028212685094754
3.0835,1.1811854951281175
3.084,1.5601466911618551
3.0845,1.7740914253715805
3.085,1.4281822159788835
3.0855,1.4499551890517928
3.086,1.545598969781294
3.0865,1.3929587047006746
3.087,1.4272856677820138
3.0875,1.2967487305877539
3.088,1.2119308512746738
3.0885,1.1937180751390422
3.089,0.9051539842679562
3.0895,0.9544276171374262
3.09,1.1186202344606293
3.0905,1.1568768246105279
3.091,1.2618446694257512
3.0915,1.3023814257688708
3.092,1.1849348190051794
3.0925,1.4696607365399628
3.093,1.7263615349115236
3.0935,1.7480479295497533
3.094,1.6633958875883144
3.0945,1.4263639891014452
3.095,1.2517773834186614
3.0955,1.3314175523622664
3.096,1.3021620574999309
3.0965,1.4160502839337097
3.097,1.221381862295089
3.0975,1.1238325012722379
3.098,1.0609750383293624
3.0985,1.0655456294592767
3.099,1.1253168904490947
3.0995,1.0946428873514433
3.1,1.2083647424927424
3.1005,1.5982082797679258
3.101,1.401458530682436
3.1015,1.7664280146461049
3.102,1.3834880857489902
3.1025,1.4475224378885971
3.103,1.5266740482843821
3.1035,1.3685732147879242
3.104,1.195636233701709
3.1045,1.3350508160810677
3.105,1.252068621746045
3.1055,1.1561145455564659
3.106,1.038081730404128
3.1065,1.03828944446787
3.107,0.9752829179663597
3.1075,1.3375324439407055
3.108,1.1925576939271612
3.1085,1.331282512501264
3.109,1.4514036443028335
3.1095,1.7666372371292347
3.11,1.4387547315551028
3.1105,1.5934366902113148
3.111,1.4587844266503025
3.1115,1.267231979161651
3.112,1.27376205021554
3.1125,1.3502180002620185
3.113,1.1949315177060817
3.1135,1.2534108888464217
3.114,1.327204990257882
3.1145,1.0965369600282135
3.115,0.8889155670481163
3.1155,0.9632549956114194
3.116,1.1027081308222446
3.1165,1.2328640835837037
3.117,1.4353082722685326
3.1175,1.5737425643368168
3.118,1.7760569741818333
3.1185,1.5942497217522615
3.119,1.4205614718111061
3.1195,1.5737899309665286
3.12,1.5169274568589977
3.1205,1.3666846732767866
3.121,1.2837708778539643
3.1215,1.3292464079310409
3.122,1.1847614247132896
3.1225,0.9236285854757598
3.123,1.1167761902190272
3.1235,1.121356007444585
3.124,1.2131203335859033
3.1245,1.1001268803619442
3.125,1.342616531586075
3.1255,1.4915724937334813
3.126,1.5795076960311907
3.1265,1.619312108652885
3.127,1.5832090450439447
3.1275,1.5318570362926018
3.128,1.5080281707520822
3.1285,1.4948048891051415
3.129,1.2556533101412861
3.1295,1.2789458726712182
3.13,1.2066406036531632
3.1305,1.1244504478651596
3.131,0.9419340780333864
3.1315,1.0470003800524847
3.132,1.083999924478926
3.1325,1.0809266261856634
3.133,1.217785566678591
3.1335,1.412388287002737
3.134,1.6483299793443165
3.1345,1.54838075034831
3.135,1.4866795019815569
3.1355,1.549392924450964
3.136,1.6717772011150918
3.1365,1.2939537165974238
3.137,1.4209191486234665
3.1375,1.434313923799932
3.138,1.044581521668693
3.1385,1.2680049655708778
3.139,1.2139230801564291
3.1395,1.0517998810395648
3.14,0.9684436647212908
3.1405,0.987453336088495
3.141,1.0967411041328283
3.1415,1.2359916059858744
3.142,1.3689072362717536
3.1425,1.5056933205410865
3.143,1.7194905526917996
3.1435,1.4703507203233388
3.144,1.3578118140899935
3.1445,1.5757895194805365
3.145,1.367889995170925
3.1455,1.300849127146335
3.146,1.2932859668688492
3.1465,1.2836823269874515
3.147,1.1489928672429213
3.1475,1.175087046155644
3.148,0.9592630165090215
3.1485,0.9967750058635719
3.149,0.8421352050846657
3.1495,1.2847863278229648
3.15,1.2965180122992837
3.1505,1.5276968532178958
3.151,1.6122881697823768
3.1515,1.6562367695972762
3.152,1.5719146522419376
3.1525,1.5424697404389176
3.153,1.3305649522930019
3.1535,1.2481603152721228
3.154,1.3134469971621803
3.1545,1.2202387175923515
3.155,1.383257803862114
3.1555,1.2101120441527478
3.156,1.0232392773406755
3.1565,1.0085449080369444
3.157,1.0402603343099117
3.1575,1.080299425090408
3.158,1.2362907782885428
3.1585,1.3676169442989006
3.159,1.358131694200655
3.1595,1.3650189649467415
3.16,1.556005291063923
3.1605,1.6037853690559765
3.161,1.4362574304260716
3.1615,1.522547973962667
3.162,1.339839670665184
3.1625,1.4426403893278321
3.163,1.3844993480872119
3.1635,1.3200618056694633
3.164,1.0209580800570757
3.1645,1.0677520005983487
3.165,1.1426472010963304
3.1655,1.0608146763007082
3.166,1.1718733884945707
3.1665,1.1140312542638378
3.167,1.5962625688430827
3.1675,1.4471824373605395
3.168,1.3869288301410063
3.1685,1.5424224949183896
3.169,1.273492801130705
3.1695,1.3319046550293523
3.17,1.6280323261402088
3.1705,1.2865414499885384
3.171,1.146286530589229
3.1715,1.2497270162049696
3.172,1.0958458027646967
3.1725,1.1949602799899879
3.173,0.9503360929846103
3.1735,1.037619801594002
3.174,0.9322758916423037
3.1745,1.410631207565446
3.175,1.34744441132762
3.1755,1.4288812731824894
3.176,1.5178711278777903
3.1765,1.528223156958258
3.177,1.4787208406492587
3.1775,1.4067202377574233
3.178,1.5762328275382904
3.1785,1.2915176859823583
3.179,1.0919117029421408
3.1795,1.1527114172728314
3.18,1.314372259363495
3.1805,1.128050937979833
3.181,1.0619630928403885
3.1815,1.1329630980796275
3.182,0.9293253611983102
3.1825,1.1302242661920083
3.183,1.1220118567526371
3.1835,1.3978251757680138
3.184,1.4373727015715279
3.1845,1.5350470148133575
3.185,1.654276550298889
3.1855,1.6012408798126234
3.186,1.4344599881406166
3.1865,1.3300446491711082
3.187,1.4825664094101836
3.1875,1.3437858948921984
3.188,1.2079364458132105
3.1885,1.1271767757424134
3.189,1.2211624436973925
3.1895,1.0547536421899315
3.19,0.981003403941661
3.1905,1.0218806322506844
3.191,1.1268349718724637
3.1915,1.2235848550768726
3.192,1.5010028764957815
3.1925,1.6283221058366861
3.193,1.615447248183304
3.1935,1.690713722982679
3.194,1.4946182406695727
3.1945,1.4847992360598783
3.195,1.4477983024266046
3.1955,1.4014444252943457
3.196,1.3554847607108538
3.1965,1.2849612685814973
3.197,1.3558106344990146
3.1975,1.028837959021516
3.198,0.9978962161751763
3.1985,0.9630526747990997
3.199,0.9839629687340402
3.1995,0.9254707074323099
3.2,1.4080207108458829
3.2005,1.3141137183009015
3.201,1.5372691300416395
3.2015,1.4143535598424295
3.202,1.5896771877594322
3.2025,1.3796517106386614
3.203,1.267274212203433
3.2035,1.3385240354089127
3.204,1.2069319809777312
3.2045,1.183886462783544
3.205,1.2106163851479728
3.2055,1.2049644703021536
3.206,0.9650590583408041
3.2065,0.8882370568183905
3.207,0.9806129651491968
3.2075,1.0919793935390425
3.208,1.3059975376629103
3.2085,1.2038777521755668
3.209,1.4153152234243198
3.2095,1.6472599083467476
3.21,1.7399068437632845
3.2105,1.397319507931256
3.211,1.347168983573667
3.2115,1.3852227770382197
3.212,1.234642638752154
3.2125,1.1785556845177925
3.213,1.2409856768708651
3.2135,1.31677834489079
3.214,0.9569399587937819
3.2145,1.1621281128377716
3.215,0.9088296438723625
3.2155,1.013778188782934
3.216,1.2208254892638095
3.2165,1.2303417488341823
3.217,1.3193124331849806
3.2175,1.5425061435222231
3.218,1.5131163653600002
3.2185,1.573426960929696
3.219,1.4412272400923085
3.2195,1.4696862115657252
3.22,1.1756135688366813
3.2205,1.1657530594582706
3.221,1.0904384655409163
3.2215,1.1835289910181115
3.222,0.9743579982643865
3.2225,0.980724084032427
3.223,0.8696541440936998
3.2235,1.099346363973907
3.224,0.888466283202831
3.2245,0.9623489054206766
3.225,1.2619158927014125
3.2255,1.5518412544574556
3.226,1.4750171966210648
3.2265,1.5189002319102534
3.227,1.6228113983965338
3.2275,1.5120431754368377
3.228,1.3893410613589074
3.2285,1.2266863503637344
3.229,1.2883348888013584
3.2295,1.0708618996837236
3.23,1.0966134397510297
3.2305,1.2335623556127524
3.231,1.1424572996496367
3.2315,0.9963734242378135
3.232,0.7505089736034591
3.2325,0.8823242017925005
3.233,1.056780844609858
3.2335,1.2587621092825942
3.234,1.286908735176606
3.2345,1.4698058545600825
3.235,1.684002230823021
3.2355,1.501308302743075
3.236,1.407451133667595
3.2365,1.209799109671669
3.237,1.0928853508490541
3.2375,1.0959524932505522
3.238,1.012820786193542
3.2385,1.1334901819225371
3.239,1.090357711628562
3.2395,0.879778704387295
3.24,0.9450449727614406
3.2405,1.089979750082331
3.241,1.221327847853882
3.2415,1.2386058742234445
3.242,1.2952721211056333
3.2425,1.5081342563625784
3.243,1.6291912875266457
3.2435,1.2840898365061004
3.244,1.5733679689104356
3.2445,1.2925243382046756
3.245,1.2249003586192861
3.2455,1.194921604742374
3.246,1.2265996146412954
3.2465,1.0412585643430396
3.247,1.0619960878156876
3.2475,1.0655557028488047
3.248,0.9653393955883975
3.2485,0.9524954416634259
3.249,0.9181321387913728
3.2495,1.1233300658765637
3.25,1.3056416122001937
3.2505,1.4456848605858172
3.251,1.4922320132546445
3.2515,1.5794752706450852
3.252,1.5436237877505392
3.2525,1.6546228084694918
3.253,1.4313292157201731
3.2535,1.2387415966236763
3.254,1.114240870501635
3.2545,1.1434715725231686
3.255,1.0884248603270357
3.2555,1.1041592365086956
3.256,0.9048133103503638
3.2565,1.0344050668669298
3.257,0.7670334102515917
3.2575,0.8024236543932934
3.258,1.073732227705827
3.2585,1.1541792559315631
3.259,1.2486185009822763
3.2595,1.3932126360403554
3.26,1.3935983783216053
3.2605,1.4247057334543496
3.261,1.285983789980936
3.2615,1.220099908476684
3.262,1.2187537271802797
3.2625,1.2826520212687271
3.263,1.290290717028679
3.2635,1.1032221046750441
3.264,1.036985841105654
3.2645,0.9204565832132868
3.265,0.9408521549984462
3.2655,0.9445847091399919
3.266,1.1206349180815032
3.2665,0.9351975246678113
3.267,1.2518221381573436
3.2675,1.4307726323218364
3.268,1.453927258504635
3.2685,1.3534577424861587
3.269,1.2578053009005155
3.2695,1.390216152085749
3.27,1.1653264202701379
3.2705,1.0175696416305395
3.271,1.2429181878283344
3.2715,1.1609778668409128
3.272,1.0416130273565432
3.2725,0.8843245991088908
3.273,0.8949202033743935
3.2735,0.9987865974939593
3.274,0.7519061668514012
3.2745,0.8604430993245953
3.275,1.1001414283835542
3.2755,1.3063321556073542
3.276,1.362836491791121
3.2765,1.5129029164966759
3.277,1.5284783898943184
3.2775,1.3779696359218245
3.278,1.3287314142303317
3.2785,1.2380380212646818
3.279,1.169619501063863
3.2795,1.003538908150938
3.28,0.9821640911481028
3.2805,0.8813372304360765
3.281,0.923454180573889
3.2815,0.9019359471552483
3.282,0.7246407759285891
3.2825,0.9365709234572246
3.283,0.9634168291689091
3.2835,1.0952706760421629
3.284,1.2757246411901693
3.2845,1.3087533535082645
3.285,1.4943593460653246
3.2855,1.3709048561353652
3.286,1.3936332173951316
3.2865,1.1938140152726382
3.287,1.1428927775777615
3.2875,1.3328594041126394
3.288,0.9452769998605552
3.2885,1.1813353567648133
3.289,1.144402228210344
3.2895,0.9799531417641762
3.29,0.8243555629135084
3.2905,1.0130089013346946
3.291,0.9207119304595067
3.2915,1.0184107294238114
3.292,1.2014511471038152
3.2925,1.3049264905748
3.293,1.3270730890270437
3.2935,1.5236444791934018
3.294,1.2757560576099343
3.2945,1.272069776169334
3.295,1.0621853874321783
3.2955,1.1617786957827845
3.296,1.007401956551775
3.2965,0.9628617287468565
3.297,1.0082008043762254
3.2975,1.0475059122855068
3.298,0.9164357540865873
3.2985,0.8943723610033587
3.299,0.8667206428348991
3.2995,0.949718209279108
3.3,1.2085798335741864
3.3005,1.219334371993965
3.301,1.4626737322342684
3.3015,1.5390909714292955
3.302,1.3024430267712965
3.3025,1.247747912888716
3.303,1.185332626423429
3.3035,1.0314613882514017
3.304,1.0891748808996513
3.3045,1.2306043764293286
3.305,0.9480897752271434
3.3055,1.1167534753060921
3.306,0.8628869903490566
3.3065,1.0581617397772827
3.307,0.7695602572053415
3.3075,0.8832135468022279
3.308,0.9283475036691584
3.3085,1.1019761528211642
3.309,1.4407626322768698
3.3095,1.437070553819497
3.31,1.5055230744635946
3.3105,1.225227436316571
3.311,1.346810152312931
3.3115,1.1103704562568713
3.312,1.0192175220179447
3.3125,1.1390238001432007
3.313,1.1002021823794155
3.3135,1.0281275624597637
3.314,1.0207530545821106
3.3145,0.9609182327194514
3.315,0.9747097493720736
3.3155,0.721763767870945
3.316,1.073715397896989
3.3165,1.2479936368772897
3.317,1.1745768266240337
3.3175,1.166168337714586
3.318,1.254608088578602
3.3185,1.3378332089702132
3.319,1.5260429061782617
3.3195,1.2484246563831303
3.32,1.1166817909632627
3.3205,1.0621515848058072
3.321,0.9628741738961448
3.3215,1.1406785212166515
3.322,0.9823931830395913
3.3225,1.1244230406049462
3.323,0.9080087510174539
3.3235,0.899410476327947
3.324,0.8286225639909844
3.3245,0.8474651132589812
3.325,1.015559862650343
3.3255,1.1123469125339973
3.326,1.444057676663253
3.3265,1.3509620507076912
3.327,1.4559594830507638
3.3275,1.305083080225189
3.328,1.1850919871746377
3.3285,1.0358424889772722
3.329,1.1410980259348915
3.3295,1.0535911706461536
3.33,1.1180372499999147
3.3305,0.8880417629431934
3.331,0.9433695911119091
3.3315,0.9865497729729686
3.332,0.8408842472090733
3.3325,0.9522092677247189
3.333,1.0528054489129004
3.3335,1.3369891637652747
3.334,1.320718644276627
3.3345,1.4364156814653704
3.335,1.376002544934067
3.3355,1.2565232127838157
3.336,1.1378731881291118
3.3365,1.3117592876116548
3.337,1.0298550589334432
3.3375,1.1676656673366734
3.338,1.0970733227411837
3.3385,1.0928869722073755
3.339,0.8760344642470279
3.3395,0.7731909104476649
3.34,0.8444709887607057
3.3405,0.7906564115560669
3.341,0.7796997979452702
3.3415,1.2331010651253298
3.342,1.1117430092552205
3.3425,1.2135370090592232
3.343,1.3488267481659892
3.3435,1.4895869062728755
3.344,1.0884390807488482
3.3445,1.3443907618412314
3.345,1.068141265139811
3.3455,1.1382361704468185
3.346,1.0088417156603187
3.3465,1.2339135171642255
3.347,0.9857686181235599
3.3475,0.8255438472145908
3.348,0.7971986665821946
3.3485,0.8077083203050364
3.349,0.8531369543703398
3.3495,0.9831898099058098
3.35,1.0857327636050285
3.3505,1.0947211511539998
3.351,1.302368410374854
3.3515,1.433708222956812
3.352,1.277522455766898
3.3525,1.3427842061933053
3.353,1.2017738364388546
3.3535,1.1154713421785263
3.354,1.2150067266487974
3.3545,0.886514517905965
3.355,0.9453761601665497
3.3555,1.0681318859550601
3.356,1.050287286609764
3.3565,1.0368056802897176
3.357,0.8046242164900886
3.3575,0.9056489300884548
3.358,1.06375788478354
3.3585,1.2613063658952746
3.359,1.301711293427453
3.3595,1.4460953812203976
3.36,1.4128899267353179
3.3605,1.373689068693965
3.361,1.1545811446524665
3.3615,1.140096009812966
3.362,1.0665882428897295
3.3625,0.9625879727283218
3.363,0.8789340315745072
3.3635,0.9475936264763604
3.364,0.8901908588569714
3.3645,0.8520669542172757
3.365,0.851733278118852
3.3655,0.828455252631529
3.366,0.8670911308116842
3.3665,0.9379430624131959
3.367,1.2690258747525194
3.3675,1.2933815349937077
3.368,1.3205535318972155
3.3685,1.336776881510612
3.369,1.2231888401579294
3.3695,1.1659154742262057
3.37,1.094853364900347
3.3705,1.0750909302862917
3.371,1.1342896994024816
3.3715,1.0679359099139372
3.372,1.1207146057610975
3.3725,1.0104918479479625
3.373,1.0161478819699954
3.3735,0.848090616457782
3.374,0.8833424937215779
3.3745,0.8844674484308304
3.375,1.1626032222796363
3.3755,1.1611875006004497
3.376,1.1839449600520358
3.3765,1.520503828193204
3.377,1.214655675936856
3.3775,1.314688571676579
3.378,1.1061006290115645
3.3785,1.2456784984749851
3.379,1.2178885496301601
3.3795,1.1094816860370245
3.38,1.1340161812722
3.3805,0.9423295827788781
3.381,1.0876422756817192
3.3815,0.8800011418586012
3.382,0.7069476112868558
3.3825,0.8644700474649719
3.383,0.964651324412762
3.3835,1.106879254906038
3.384,1.1030475501733352
3.3845,1.3907630188935785
3.385,1.227170176967534
3.3855,1.067995876271595
3.386,1.211323784463912
3.3865,1.0969723962688445
3.387,1.0324932913656115
3.3875,0.7711873555973572
3.388,0.9592674571126802
3.3885,0.9730872982325017
3.389,0.8538968881865457
3.3895,0.8812690579680847
3.39,0.9366354337772695
3.3905,0.86272826517076
3.391,0.9971089857076678
3.3915,1.1422946939760712
3.392,1.0815984641692444
3.3925,1.3498802831152523
3.393,1.4660930381468638
3.3935,1.3147110592574502
3.394,1.2205257053392067
3.3945,1.2753892211424276
3.395,1.0065429711378249
3.3955,0.9988721971814964
3.396,1.0061282718588118
3.3965,1.0766079780580302
3.397,0.9925065890610433
3.3975,0.9973736234317703
3.398,0.7333799701492723
3.3985,0.699933012061771
3.399,0.8869736243920379
3.3995,0.8591384067596671
3.4,1.0256937847884011
3.4005,1.0474123469857761
3.401,1.3666128316338968
3.4015,1.5287872976008
3.402,1.2436817862794673
3.4025,1.3802617995225088
3.403,1.1957343683764021
3.4035,0.9642644540828361
3.404,1.0101701778947751
3.4045,0.9692231332467629
3.405,0.9862911762958709
3.4055,0.992371590097989
3.406,1.0582033091702214
3.4065,0.6716202191693126
3.407,0.7581413496375784
3.4075,0.7777960932739275
3.408,0.8632593687304793
3.4085,1.1518958872345484
3.409,1.2796154727062325
3.4095,1.181681945759155
3.41,1.3788290429797236
3.4105,1.2115519269381854
3.411,1.2587529921778973
3.4115,1.3116506246072905
3.412,1.177391399238679
3.4125,1.1119891990198483
3.413,1.0045234594803516
3.4135,1.010499421822649
3.414,0.9873172104283717
3.4145,0.9029549562580239
3.415,0.8017813974949012
3.4155,0.8474998531618764
3.416,0.7778277818287875
3.4165,0.9733137868790906
3.417,1.2699647412269115
3.4175,1.4062633237911266
3.418,1.3924040409594145
3.4185,1.5230553901110782
3.419,1.3676365319126698
3.4195,1.2166867692175045
3.42,1.050797028850405
3.4205,1.2700392826432096
3.421,1.1687677730694224
3.4215,1.2307712311019987
3.422,1.2071482740164485
3.4225,0.7857692848769867
3.423,0.7179536055106567
3.4235,0.5324889152703955
3.424,0.9482719599653373
3.4245,1.0270483211463517
3.425,1.1187763971162976
3.4255,1.1340077647228184
3.426,1.352754495600575
3.4265,1.4178761462926577
3.427,1.450269566925924
3.4275,1.3314376441528954
3.428,1.2947862599982949
3.4285,1.155833331856199
3.429,1.2459653953716854
3.4295,1.156977368204524
3.43,0.9289726953605797
3.4305,1.1198803210264336
3.431,1.0272520437190118
3.4315,0.8935427207959206
3.432,0.8678599272026848
3.4325,1.0673662798624513
3.433,0.8618133529839886
3.4335,1.302573047161181
3.434,1.268995491883508
3.4345,1.5108161954936417
3.435,1.4284151265340355
3.4355,1.2483308020979966
3.436,1.2496608516740806
3.4365,1.3298710134073335
3.437,1.1543606373592157
3.4375,1.0777320345979704
3.438,1.041620160351117
3.4385,1.1165183683299758
3.439,1.156030710456697
3.4395,0.6939720838712224
3.44,1.1448941439253475
3.4405,0.9009146542655232
3.441,1.0239960369585956
3.4415,1.0613806560641752
3.442,1.2589455647189938
3.4425,1.40328918662713
3.443,1.3420639273621162
3.4435,1.3605347649100517
3.444,1.503314731434226
3.4445,1.15493332185375
3.445,1.2892568202348416
3.4455,1.163775192492642
3.446,1.0726758899632949
3.4465,1.3275639169898468
3.447,0.9769354215589557
3.4475,0.8859391794350595
3.448,0.9148129996149276
3.4485,0.8317877046591386
3.449,0.9496947495997088
3.4495,1.0724227800881159
3.45,1.2308851412713158
3.4505,1.345667564326309
3.451,1.395969072589141
3.4515,1.5714424989721416
3.452,1.4717711461868082
3.4525,1.368845165358257
3.453,1.49407563677789
3.4535,1.2772650755727581
3.454,1.3617226844662713
3.4545,1.3448288309884817
3.455,1.308484016182884
3.4555,1.1859105087987638
3.456,1.044328472584527
3.4565,0.9842222813861962
3.457,0.9630142607519323
3.4575,0.8365319171320477
3.458,1.2528897858684271
3.4585,1.3629779370417152
3.459,1.563532091304689
3.4595,1.5583089171612736
3.46,1.6559800216426177
3.4605,1.4124618654467591
3.461,1.364501954539457
3.4615,1.166773716524471
3.462,1.3532760040820728
3.4625,1.25863875727435
3.463,1.2148363527026234
3.4635,1.2912641459187528
3.464,1.1487278358743183
3.4645,0.9799027782375075
3.465,1.3393238777330927
3.4655,1.101756138977191
3.466,1.0874912774488181
3.4665,1.272790456867045
3.467,1.4816946983935921
3.4675,1.6111764065360072
3.468,1.8268054577679722
3.4685,1.6877235417942251
3.469,1.829880659368809
3.4695,1.5313501227261481
3.47,1.5571218107713594
3.4705,1.5772232936759534
3.471,1.56729923945599
3.4715,1.545393852309515
3.472,1.3337717989212445
3.4725,1.29168533386604
3.473,0.9834898293155894
3.4735,1.1915337120164617
3.474,1.3651679174089764
3.4745,1.4579651621167011
3.475,1.5144930732929913
3.4755,1.8479204550929984
3.476,1.7518582344209963
3.4765,1.763574210861987
3.477,1.768104082996671
3.4775,1.6419079315166036
3.478,1.7476973814808867
3.4785,1.6611190135012266
3.479,1.659740876943065
3.4795,1.5301150792534828
3.48,1.5263414980496812
3.4805,1.2542389935093923
3.481,1.4399765511336202
3.4815,1.360963602132674
3.482,1.2401250858369306
3.4825,1.4076066932897784
3.483,1.5219685399565608
3.4835,1.8833877272995316
3.484,1.7447538350303384
3.4845,1.974274924241472
3.485,1.8525488566532635
3.4855,1.8673211044539948
3.486,1.8825311053664173
3.4865,1.7669558558071228
3.487,1.7398323727641862
3.4875,1.7426491774487476
3.488,1.628793691643942
3.4885,1.7184372623909658
3.489,1.53191912360591
3.4895,1.4833354184945158
3.49,1.4892704585525258
3.4905,1.4945820600079731
3.491,1.6245051195279259
3.4915,1.733310207231278
3.492,1.9050302700566113
3.4925,1.952272542151212
3.493,1.9425225556694994
3.4935,1.9021259319021282
3.494,1.8226355365168394
3.4945,2.0920463990597242
3.495,1.6299287926488397
3.4955,1.9263854647616667
3.496,1.692659885159429
3.4965,1.854505638778075
3.497,1.4567858350557803
3.4975,1.5789265813242193
3.498,1.6808974995722026
3.4985,1.5801102916857581
3.499,1.5132970183324088
3.4995,1.45803094944
3.5,1.667751147784736
3.5005,2.086341157091503
3.501,2.0171731233609584
3.5015,2.081826195605691
3.502,2.088946474230807
3.5025,1.8611732801633551
3.503,1.9549051609434327
3.5035,1.810236710866057
3.504,1.8390519360456636
3.5045,1.7155081153597393
3.505,1.5672406688802047
3.5055,1.6122192459205456
3.506,1.639619049383864
3.5065,1.5538340240676125
3.507,1.5066407482381523
3.5075,1.651147305311629
3.508,1.6604290827722221
3.5085,1.8352850742390467
3.509,1.915160476605086
3.5095,2.13854973749411
3.51,2.081946060435729
3.5105,1.9479306466584296
3.511,1.7757652004300524
3.5115,1.957670600627639
3.512,1.7143450244280627
3.5125,1.7541276734841464
3.513,1.9401896069530378
3.5135,1.7261738593819982
3.514,1.728838295645136
3.5145,1.4338253040335966
3.515,1.5441209485893221
3.5155,1.4478284964776749
3.516,1.559429314112213
3.5165,1.8559907324791713
3.517,1.7721961255684917
3.5175,1.9184139385548045
3.518,1.880617660608874
3.5185,2.04526332841382
3.519,1.835294762394279
3.5195,1.9099673571796005
3.52,1.5685666282676722
3.5205,1.734825331520097
3.521,1.5740993283732516
3.5215,1.6635947047397193
3.522,1.521519764277988
3.5225,1.386095790182016
3.523,1.3256022362400546
3.5235,1.2443023982197614
3.524,1.443369688453188
3.5245,1.3522814272784593
3.525,1.5705980001706543
3.5255,1.77199205010957
3.526,1.9963762480273748
3.5265,1.8643536279816575
3.527,1.8061243995880507
3.5275,1.7823774650448423
3.528,1.4644315142750275
3.5285,1.4842546663139358
3.529,1.518662444823958
3.5295,1.44341009145281
3.53,1.3010211869264046
3.5305,1.472728857264709
3.531,1.3292388011280882
3.5315,1.2521896666384225
3.532,1.1541833042433174
3.5325,1.2858941242270632
3.533,1.445725954371206
3.5335,1.5138171742353475
3.534,1.7156842512359542
3.5345,1.6690943091668091
3.535,1.7663566602468348
3.5355,1.819971205017781
3.536,1.7485197170367859
3.5365,1.679409040482315
3.537,1.515878093018327
3.5375,1.4480104314754736
3.538,1.3575964592047332
3.5385,1.1626933831676571
3.539,1.1307760821563546
3.5395,1.1687441965728829
3.54,1.1247156438044665
3.5405,1.2857488238587778
3.541,1.3547448344617166
3.5415,1.2869901928076346
3.542,1.5851367766336666
3.5425,1.5737462062095668
3.543,1.7460896861537962
3.5435,1.7460279392848783
3.544,1.726886711612347
3.5445,1.4722447110993762
3.545,1.5514691156923621
3.5455,1.2119970389019996
3.546,1.4904040008509578
3.5465,1.3135052393103348
3.547,1.2512629537553919
3.5475,0.9680806388984629
3.548,1.061151700318475
3.5485,1.2043381997311304
3.549,1.0601746730365371
3.5495,1.2756588269777307
3.55,1.3519433080293206
3.5505,1.5990252145124926
3.551,1.6136618058673482
3.5515,1.535861150042039
3.552,1.6041252909830206
3.5525,1.687651380436021
3.553,1.498527153901753
3.5535,1.3739795373511765
3.554,1.5678431483697644
3.5545,1.4213009368186584
3.555,1.3380844754439531
3.5555,1.2186512553201267
3.556,1.1809350946620427
3.5565,1.1237726563323713
3.557,0.8193362822757477
3.5575,1.1361846856212303
3.558,1.2016338080165905
3.5585,1.318450740562621
3.559,1.4844790745045782
3.5595,1.4305665550835425
3.56,1.4182298931245567
3.5605,1.6770580235364763
3.561,1.5227911901975706
3.5615,1.1611413903596133
3.562,1.2899696441359465
3.5625,1.3976413768942137
3.563,1.2436138112556132
3.5635,1.3414340809800336
3.564,1.248030771189547
3.5645,0.9319089879088617
3.565,1.0074237039990268
3.5655,0.9900482099607095
3.566,0.9787261753403939
3.5665,1.1085841889985424
3.567,1.3249938913276682
3.5675,1.463500907488027
3.568,1.6160677569505248
3.5685,1.6834670078753098
3.569,1.5712892866062667
3.5695,1.5173454642795372
3.57,1.3476509820888396
3.5705,1.387249470295311
3.571,1.2769344253604247
3.5715,1.2060886060901825
3.572,1.3787347878302132
3.5725,0.8792459422410507
3.573,0.8561575845983396
3.5735,1.0534505926173692
3.574,1.025577876515904
3.5745,1.0126067320901768
3.575,1.1977014806373518
3.5755,1.3575958854662031
3.576,1.6435486496604284
3.5765,1.7125341009489892
3.577,1.7270577414617172
3.5775,1.3355441489409283
3.578,1.2811848522932754
3.5785,1.2133406343965616
3.579,1.4445046923768208
3.5795,1.3224507471077178
3.58,1.2417073443828703
3.5805,1.189013460692639
3.581,1.0831517412485747
3.5815,0.9180276417478284
3.582,1.0732315671948693
3.5825,1.0639625958158416
3.583,1.0850927033120483
3.5835,1.414729975900646
3.584,1.4517186064576253
3.5845,1.6005161401109578
3.585,1.5790928594713565
3.5855,1.6356721604892313
3.586,1.4938893873598367
3.5865,1.3104874303881138
3.587,1.3772878446835344
3.5875,1.343547927831674
3.588,1.3222051029375355
3.5885,1.320892973172573
3.589,1.0826977947337748
3.5895,1.1364371963518078
3.59,0.8521168604785885
3.5905,1.0264373793240242
3.591,1.0944576129401198
3.5915,1.4037246228399638
3.592,1.3955071848495715
3.5925,1.5945158352996438
3.593,1.4182331615557064
3.5935,1.5510440135549997
3.594,1.4429372652777992
3.5945,1.6979497447396175
3.595,1.3161342192499546
3.5955,1.3431591965094158
3.596,1.3136631550389086
3.5965,1.100845692679234
3.597,1.1462761499867238
3.5975,1.162896856383638
3.598,1.0624339524635278
3.5985,0.7957366461844061
3.599,1.0061748507279658
3.5995,1.2693642585623066
3.6,1.373120032979948
3.6005,1.583113287607825
3.601,1.4671430140267634
3.6015,1.7308798001676848
3.602,1.5702382817053424
3.6025,1.6653118879136486
3.603,1.4299230827657448
3.6035,1.1638870592336534
3.604,1.412297191903608
3.6045,1.2481372890275453
3.605,1.2078192723115897
3.6055,1.0324776809149374
3.606,1.2627562392075768
3.6065,0.989697078523821
3.607,1.1910310386247935
3.6075,1.0510028517991716
3.608,1.1238288388786892
3.6085,1.5006513581807666
3.609,1.498270599100829
3.6095,1.5826186261006245
3.61,1.4745296135906698
3.6105,1.5117592509158617
3.611,1.5256087122351274
3.6115,1.2796774646255025
3.612,1.3017823412944467
3.6125,1.2764975086360284
3.613,1.2880327524439408
3.6135,1.3754267182206408
3.614,1.1243091700563304
3.6145,1.0104403226953675
3.615,1.3089161678651375
3.6155,1.0046272726891732
3.616,1.1121930662400359
3.6165,1.232312214797249
3.617,1.3924383924375596
3.6175,1.5502814031504193
3.618,1.6950907723484816
3.6185,1.6350267673587005
3.619,1.643496196933049
3.6195,1.5628173785396569
3.62,1.4114849192479484
3.6205,1.3810758300534103
3.621,1.4192878534296254
3.6215,1.155874278747754
3.622,1.4556936986812046
3.6225,1.077943836371262
3.623,1.0253348670867775
3.6235,0.9109431109953092
3.624,0.9507986527907939
3.6245,1.270608049808156
3.625,1.5470210602942325
3.6255,1.410070091010256
3.626,1.6057025044186943
3.6265,1.6298444377104466
3.627,1.6795210479007006
3.6275,1.7325545774570346
3.628,1.5860583415361733
3.6285,1.348911048255153
3.629,1.384164071712845
3.6295,1.3589824726605353
3.63,1.2468929643963824
3.6305,1.0714246203878692
3.631,1.023660092164886
3.6315,1.1593938437791382
3.632,1.1611990860289096
3.6325,1.0756802229899605
3.633,1.2447872170452035
3.6335,1.4902712645477043
3.634,1.3367913810173377
3.6345,1.545722191788297
3.635,1.8056280590129674
3.6355,1.5883678965353838
3.636,1.37049963258634
3.6365,1.4217721505734613
3.637,1.4580492713532955
3.6375,1.0638694260961103
3.638,1.2987636316327988
3.6385,1.189741352711231
3.639,0.9893822885970063
3.6395,1.0867262023711686
3.64,1.0194395651753192
3.6405,1.04411060633788
3.641,1.094771945376578
3.6415,1.1640675017937285
3.642,1.2725046997952074
3.6425,1.4710718897182304
3.643,1.6863366154782025
3.6435,1.615100657624828
3.644,1.5258003501840443
3.6445,1.351134217594139
3.645,1.3497002989174804
3.6455,1.4133881309692382
3.646,1.3548860721276137
3.6465,1.2150347846969736
3.647,0.9402577879057109
3.6475,1.0570091819890302
3.648,1.0072198324234827
3.6485,0.936247038999432
3.649,1.0222872603773436
3.6495,1.2492176343077488
3.65,1.3103971429883141
3.6505,1.5596560544328715
3.651,1.4137935077410952
3.6515,1.5707489901396632
3.652,1.3787899978801341
3.6525,1.4609892515948284
3.653,1.3221276510377657
3.6535,1.4934034568969257
3.654,1.3645287934424128
3.6545,1.389699307259098
3.655,1.197776605832342
3.6555,1.070625793115899
3.656,0.9897311183128129
3.6565,1.0622428812091218
3.657,1.2079758266255072
3.6575,1.1283379508705031
3.658,1.1716394029129733
3.6585,1.341874405084002
3.659,1.494067336526202
3.6595,1.7827736782889665
3.66,1.7167270526404357
3.6605,1.5737319994032928
3.661,1.4834675310508059
3.6615,1.4288269019989899
3.662,1.3939559078212032
3.6625,1.2656009878659518
3.663,1.1849011096515891
3.6635,1.3181551454074176
3.664,1.1435075167098703
3.6645,1.1609107275354762
3.665,1.184985727359454
3.6655,1.08564167735171
3.666,1.1522922460537564
3.6665,1.5728442829162375
3.667,1.4250855886880476
3.6675,1.417265196900303
3.668,1.5582488211579593
3.6685,1.7327035399270083
3.669,1.3888244512997225
3.6695,1.3651712091322883
3.67,1.4828238234607425
3.6705,1.2973834635172437
3.671,1.2780406687153418
3.6715,1.3545345095838368
3.672,1.1139440597219765
3.6725,0.9616481148874031
3.673,0.9004019738517234
3.6735,1.0687244749342164
3.674,1.072895004723722
3.6745,1.0814717417680928
3.675,1.1812028772523506
3.6755,1.416374540423096
3.676,1.658818681572236
3.6765,1.5000013599056874
3.677,1.4885437864394346
3.6775,1.366507753644948
3.678,1.371658653585375
3.6785,1.3805869808291658
3.679,1.516370509312908
3.6795,1.291086340645073
3.68,1.2162319868418947
3.6805,1.2395770042391545
3.681,1.1449928080384932
3.6815,0.9582155715022995
3.682,1.2372480274596065
3.6825,1.0645441587503597
3.683,1.2124377037678071
3.6835,1.3953723708221146
3.684,1.5110734634104066
3.6845,1.711741699186849
3.685,1.5132723106352253
3.6855,1.604776623930011
3.686,1.467459631219884
3.6865,1.4754793356818066
3.687,1.3011531059654748
3.6875,1.2498112781272894
3.688,1.320257975421769
3.6885,1.2282845377805265
3.689,1.0366432627707671
3.6895,1.1777748622262199
3.69,1.0706096409652073
3.6905,1.0029626956449107
3.691,1.0462321732357445
3.6915,1.2656668595073963
3.692,1.4466827122140644
3.6925,1.342980750818466
3.693,1.5998265285154492
3.6935,1.6184972941744946
3.694,1.258523703859076
3.6945,1.4353851014340466
3.695,1.416813583978977
3.6955,1.357628428719149
3.696,1.3441296814151096
3.6965,1.1890856899715676
3.697,1.0561071794677437
3.6975,0.9028331043715196
3.698,1.1226406189880005
3.6985,1.0548102718435541
3.699,1.1376185762931996
3.6995,1.0518337758894185
3.7,1.3509178725376276
3.7005,1.2664496690098774
3.701,1.4333382832960653
3.7015,1.5691373992607045
3.702,1.5939263776700923
3.7025,1.6260925590223707
3.703,1.3568639980744865
3.7035,1.2325147167818278
3.704,1.1852905512428882
3.7045,1.1725177778897458
3.705,1.4155401032755126
3.7055,1.2006528830521441
3.706,1.1581522921642968
3.7065,0.9634577454995907
3.707,0.9780997302410998
3.7075,1.1079805861091048
3.708,1.109142142898781
3.7085,1.2818799233501146
3.709,1.3796415019248567
3.7095,1.48493203586352
3.71,1.5474952513997415
3.7105,1.4144575952457235
3.711,1.449648073467351
3.7115,1.3755709421323334
3.712,1.2744920886858366
3.7125,1.1717328744124393
3.713,1.2270349211291522
3.7135,1.111345893221621
3.714,1.0925476050143093
3.7145,1.1221074488001515
3.715,0.8410125540202443
3.7155,1.196547630346461
3.716,1.0544880579747327
3.7165,1.2389933169945917
3.717,1.273786528980743
3.7175,1.584909736206932
3.718,1.5178703386481518
3.7185,1.4818800249903565
3.719,1.4041438378025193
3.7195,1.3567217192878875
3.72,1.356871470386983
3.7205,1.284386290930735
3.721,1.2273453347167194
3.7215,1.1180297921427538
3.722,1.0503944727528527
3.7225,1.0038198132811214
3.723,1.0264325757667068
3.7235,1.017604728597065
3.724,1.0672387381102306
3.7245,1.0908567863591547
3.725,1.2754382334166467
3.7255,1.3663140685130228
3.726,1.3123941054528099
3.7265,1.5011794836040202
3.727,1.456202989752901
3.7275,1.3203157211722734
3.728,1.2900601453225105
3.7285,1.298429564632842
3.729,1.129414419604183
3.7295,1.1358617620774045
3.73,1.3137711962456198
3.7305,0.9301454579292746
3.731,0.9939398152148002
3.7315,0.8359940177278602
3.732,0.8682806659585187
3.7325,0.9833726316289076
3.733,1.0259704752082415
3.7335,1.3333250739531373
3.734,1.547064912204465
3.7345,1.578605040528588
3.735,1.609734018779592
3.7355,1.3232511471543136
3.736,1.3612613685895631
3.7365,1.3582967583088488
3.737,1.3439029209317503
3.7375,1.394107435065832
3.738,1.2876636601605296
3.7385,1.2156355180657623
3.739,1.3153286892417473
3.7395,0.9859386078299471
3.74,0.9013471949463889
3.7405,0.9608161588251569
3.741,0.9340528380504995
3.7415,1.1683282177253318
3.742,1.1400709521235728
3.7425,1.3813719283180756
3.743,1.482476900952295
3.7435,1.5797761793704537
3.744,1.5362701195694164
3.7445,1.2506213137889512
3.745,1.4859999975094529
3.7455,1.2452517498449094
3.746,1.2185956973667904
3.7465,0.9906146412140739
3.747,1.02847175227285
3.7475,1.1180103633522487
3.748,0.960460116932298
3.7485,0.9251954628525668
3.749,0.9732462270870575
3.7495,0.9096386401217179
3.75,1.190339144659789
3.7505,1.486873964899333
3.751,1.558141752176894
3.7515,1.4730660655611578
3.752,1.6128845967752117
3.7525,1.261062167124223
3.753,1.212352742229663
3.7535,1.4339782480029257
3.754,1.26320611106721
3.7545,1.1406968637888872
3.755,1.116071489283498
3.7555,0.9723538684233762
3.756,1.0024981950501135
3.7565,0.9349261943460756
3.757,0.9079781818273652
3.7575,0.8497005465038432
3.758,1.1137194396052799
3.7585,1.1854840176089396
3.759,1.2758441603316701
3.7595,1.5835938806945848
3.76,1.68671909701302
3.7605,1.6179543132128793
3.761,1.4130431451885759
3.7615,1.2474548363937599
3.762,1.2122047407419387
3.7625,1.2217880905414058
3.763,1.101191395233673
3.7635,1.2203263544388654
3.764,0.8108587797957336
3.7645,0.9092027295441152
3.765,0.9728344421992667
3.7655,0.8210468083536051
3.766,0.9640352606547615
3.7665,1.1834323292075197
3.767,1.4270988232323711
3.7675,1.2674598171924654
3.768,1.3197482054833347
3.7685,1.352772026911825
3.769,1.2339883837738221
3.7695,1.1629460639417017
3.77,1.1437528855402985
3.7705,1.3164090456056916
3.771,1.1260532200205047
3.7715,1.1182170874119575
3.772,0.9576540114269355
3.7725,1.0391334658914373
3.773,1.09384075049471
3.7735,0.7884648490380969
3.774,1.0858509325617682
3.7745,1.0532832993153638
3.775,1.1646043106036952
3.7755,1.3490089075192233
3.776,1.4515183314762146
3.7765,1.6343317008862985
3.777,1.4716170686316463
3.7775,1.4042034755751602
3.778,1.2305381978585395
3.7785,1.2947357797088064
3.779,1.072983994610026
3.7795,1.1437951770903598
3.78,1.373291617486507
3.7805,0.7660100861687178
3.781,0.9616193597036177
3.7815,0.9058704361176935
3.782,0.8467581101580112
3.7825,0.9088594926402985
3.783,1.0600794393109314
3.7835,1.176990282849424
3.784,1.3604575557283622
3.7845,1.3720399327610886
3.785,1.6359327161441
3.7855,1.3625039236105105
3.786,1.3690729524588299
3.7865,1.1712600404989313
3.787,1.2767756868062365
3.7875,1.2188679187664206
3.788,1.149509070681798
3.7885,0.9501536968009794
3.789,0.9037095203893946
3.7895,1.071988690712632
3.79,0.7810552390795629
3.7905,0.9344089111819212
3.791,0.8584209334303977
3.7915,1.1898276115550885
3.792,1.171638245773096
3.7925,1.2656270757325567
3.793,1.350501153849286
3.7935,1.3572634361163955
3.794,1.3935682283645203
3.7945,1.2819728456752346
3.795,1.0970469683808335
3.7955,1.1559029262279754
3.796,1.0086444202449316
3.7965,1.145266047539467
3.797,1.1018198852730596
3.7975,0.9394139519124608
3.798,0.8995597256118721
3.7985,1.0186727334565215
3.799,0.8639520615935987
3.7995,0.8888564407890921
3.8,1.1873852933185667
3.8005,1.1623867116495308
3.801,1.3581734204622125
3.8015,1.3555972729275316
3.802,1.3163997217480348
3.8025,1.2921837028876562
3.803,1.329891309686274
3.8035,1.28872452965914
3.804,1.2287357403721255
3.8045,1.134094811620242
3.805,1.0268756733219515
3.8055,0.748451364900664
3.806,0.9429975354720508
3.8065,0.6188250035910797
3.807,0.6454048360895202
3.8075,0.8814449762057234
3.808,1.0458235346514242
3.8085,1.1256377397967896
3.809,1.4604978304503793
3.8095,1.4358270510573772
3.81,1.3777005058662246
3.8105,1.49541736093363
3.811,1.437838641753404
3.8115,1.2587706572762214
3.812,1.0754236073452952
3.8125,1.060120143155459
3.813,0.9326744777386918
3.8135,1.0185512958495053
3.814,0.8439930691746452
3.8145,0.8406541240360405
3.815,0.8537968457577748
3.8155,0.642427203500631
3.816,0.7971396464991298
3.8165,1.009077682423352
3.817,1.205947091395969
3.8175,1.2836284260471769
3.818,1.3659061867457971
3.8185,1.3133996274498108
3.819,1.1796887629652746
3.8195,1.1932415786219395
3.82,1.1570833501434459
3.8205,1.0996528002786392
3.821,1.10632599827374
3.8215,1.0951103752930877
3.822,1.0597726801976433
3.8225,0.8510850060734909
3.823,0.6876081309781301
3.8235,0.9435764812896625
3.824,0.8913776386201178
3.8245,0.8611019119517388
3.825,1.1306884663241994
3.8255,1.356071080240132
3.826,1.5259358571942296
3.8265,1.4145145970352855
3.827,1.4666764928118257
3.8275,1.1705314327460106
3.828,1.2107835475725957
3.8285,1.1193015075261212
3.829,1.1451917377832903
3.8295,1.2365738658048004
3.83,1.0528077965982194
3.8305,0.8658137565650116
3.831,0.7554149557289631
3.8315,0.9870429375745362
3.832,0.8650079969224724
3.8325,0.9184882570802154
3.833,0.9612432853615894
3.8335,1.173966193691233
3.834,1.1848666113925308
3.8345,1.4051396317453535
3.835,1.2621431339945417
3.8355,1.2980332216963406
3.836,1.1944014416563624
3.8365,0.8593301165813909
3.837,1.0960141331859217
3.8375,1.0031925746511476
3.838,1.0344326710159437
3.8385,1.0012807174261058
3.839,1.1042988604158075
3.8395,0.882734801169676
3.84,0.840045067745275
3.8405,0.8694519618246845
3.841,0.9899834821763348
3.8415,1.0846764555326303
3.842,1.219055127447152
3.8425,1.3840249711508057
3.843,1.130376881805733
3.8435,1.5732062064404189
3.844,1.464085568118684
3.8445,1.2491159739640605
3.845,1.0179879684220792
3.8455,1.2328186876174048
3.846,1.0070547595808579
3.8465,1.0881059307625085
3.847,0.8450160462674146
3.8475,1.1189936887324843
3.848,0.6830861186898195
3.8485,0.8056432154715046
3.849,0.6231505671930265
3.8495,0.9351913107358976
3.85,1.0433446975305851
3.8505,1.3461557250538778
3.851,1.2938572262276
3.8515,1.4869047346361406
3.852,1.2420986693513407
3.8525,1.2473099063047834
3.853,1.1724108002532627
3.8535,1.1868041686538027
3.854,1.1324297633986244
3.8545,1.1325501590978326
3.855,1.0395912892241177
3.8555,1.0110204739042827
3.856,0.7774959507136072
3.8565,0.8470862684733556
3.857,0.9604092224373765
3.8575,0.6918598774518144
3.858,1.0309158549493185
3.8585,1.2014767686388246
3.859,1.4165206840265248
3.8595,1.4260851219880204
3.86,1.3769440733856277
3.8605,1.3644739183735193
3.861,1.1729142000948245
3.8615,1.1342204795543394
3.862,0.9852947724217778
3.8625,1.2301803505630355
3.863,1.08911015282969
3.8635,0.8983449815273407
3.864,0.9437146214883345
3.8645,0.9574978318492527
3.865,0.8954385191305121
3.8655,0.7168789353826972
3.866,0.5793981085839771
3.8665,1.0689940142774792
3.867,1.092631680497559
3.8675,1.3657961492224049
3.868,1.4589591513092022
3.8685,1.4667851766492346
3.869,1.4709368290340266
3.8695,1.342618008222641
3.87,1.3260534672365307
3.8705,1.241730026173581
3.871,1.2153352051916444
3.8715,1.0231370494236236
3.872,0.8371072895242867
3.8725,1.137544929313999
3.873,0.8267998500154079
3.8735,0.9150443015731563
3.874,0.7740030768366087
3.8745,1.0295997063062494
3.875,0.8355036674959013
3.8755,1.1857529362425723
3.876,1.321147281112641
3.8765,1.4141300170833873
3.877,1.446773705738384
3.8775,1.1613862294835382
3.878,1.2601274128108486
3.8785,1.2556749299876502
3.879,1.3261808409006428
3.8795,1.1272224345076016
3.88,0.96342440267104
3.8805,0.8144142163476698
3.881,1.0471393132879885
3.8815,0.8791125052982816
3.882,0.7947982581720038
3.8825,0.6955199004485987
3.883,0.8867747171529359
3.8835,1.1950444333938888
3.884,1.3041345977157042
3.8845,1.1574322223071976
3.885,1.4289944407496602
3.8855,1.163679462871669
3.886,1.381111239471152
3.8865,1.1934010954661431
3.887,1.072287015453423
3.8875,1.1804928330396658
3.888,1.0796802458428232
3.8885,1.1229207712247924
3.889,0.9253341375010923
3.8895,0.8563884886192635
3.89,0.7688135373955929
3.8905,0.8373545614311932
3.891,1.0642278291270597
3.8915,0.9810653751105688
3.892,1.248236105824081
3.8925,1.2178764646432059
3.893,1.1598517090705052
3.8935,1.3789958296161189
3.894,1.3365665828645965
3.8945,1.2112754986552554
3.895,1.0050333153569064
3.8955,1.1380221067957785
3.896,1.099347449336086
3.8965,0.9425829110106954
3.897,0.8351621916268179
3.8975,0.8687846560578758
3.898,0.8907369692035352
3.8985,0.8390122044535698
3.899,0.7463536400905152
3.8995,0.9525400808746133
3.9,1.1745858585919162
3.9005,1.1156367983197852
3.901,1.343642654961309
3.9015,1.5084043515340773
3.902,1.2188812609557123
3.9025,1.3933882457209616
3.903,1.3633160129495279
3.9035,1.118285645558397
3.904,1.065017782421502
3.9045,1.1678287305439259
3.905,0.9989519924210569
3.9055,0.7146980943521413
3.906,0.8629894272435256
3.9065,0.8612978911381431
3.907,0.8801124181015315
3.9075,0.7787756940659214
3.908,0.9624781816187886
3.9085,1.2393962352910104
3.909,1.2727720739418928
3.9095,1.2094393604111573
3.91,1.4999715039233215
3.9105,1.309812846060068
3.911,1.3657589512246635
3.9115,1.044152044207054
3.912,1.117907724039876
3.9125,1.1440528194651605
3.913,1.0474417702954457
3.9135,0.8841769842001486
3.914,0.6908790184490607
3.9145,1.007328532305652
3.915,0.8348600693277105
3.9155,0.9406773199496807
3.916,1.0004602068099953
3.9165,1.1044076991078309
3.917,1.1649082201412417
3.9175,1.368718483700131
3.918,1.5238186414666144
3.9185,1.3808095779204528
3.919,1.5041726150920285
3.9195,1.0870322762013882
3.92,1.0088515795830542
3.9205,1.2215263494392512
3.921,1.0061842241250167
3.9215,1.2513520955240904
3.922,1.1200172985842167
3.9225,1.0687661728725286
3.923,0.930086378047534
3.9235,0.7215995619753472
3.924,0.6851262151438828
3.9245,1.1052112605413076
3.925,0.952961140073645
3.9255,1.408646529132776
3.926,1.4217523525948206
3.9265,1.3844872244119264
3.927,1.4084592613880786
3.9275,1.3424518009502173
3.928,1.1994496799206211
3.9285,1.3015740107080487
3.929,1.2571627272898613
3.9295,1.0989933850951847
3.93,0.9766771804273802
3.9305,1.099920426445176
3.931,0.6901290121974196
3.9315,0.8783640539695696
3.932,0.8999791995597591
3.9325,0.8041206537897757
3.933,1.1071528455733102
3.9335,1.1595809005037714
3.934,1.2449130662875834
3.9345,1.4795429831718634
3.935,1.2887422710968537
3.9355,1.4394409814558917
3.936,1.0798939993260763
3.9365,1.2339527049184877
3.937,1.1562674840531526
3.9375,1.061177609571065
3.938,1.11737712071619
3.9385,1.0169684985761973
3.939,1.057665462338685
3.9395,0.9338414184520155
3.94,0.8783368213188253
3.9405,0.8763804241570493
3.941,0.8837587648049768
3.9415,1.0381088764537012
3.942,1.2456129256493038
3.9425,1.326337461827066
3.943,1.5158231379257057
3.9435,1.4061467488152457
3.944,1.3760717938616203
3.9445,1.1213571054075049
3.945,1.2886939402057804
3.9455,1.0896063990661127
3.946,1.0089735609975912
3.9465,1.2369918827674544
3.947,1.0815736680368078
3.9475,1.0334194165605524
3.948,0.9129646417752408
3.9485,0.8304855528683758
3.949,0.8493120864709662
3.9495,1.0599732934807733
3.95,1.2427176739486443
3.9505,1.2700536742924433
3.951,1.5889244768158297
3.9515,1.399424112496134
3.952,1.2520602224080566
3.9525,1.1511390294487969
3.953,1.0784427198692634
3.9535,1.1453135007526245
3.954,1.1226689936985026
3.9545,1.179693235649732
3.955,1.0619781893076927
3.9555,1.081979944168446
3.956,0.9253464791995706
3.9565,0.8639522846012688
3.957,0.7970476229725548
3.9575,1.0581430417728954
3.958,0.8857040204264194
3.9585,1.2215773157947976
3.959,1.3106923254048073
3.9595,1.490916735415576
3.96,1.4248935682494224
3.9605,1.383195809543437
3.961,1.2814172696037052
3.9615,1.374802149251864
3.962,1.1823583749283493
3.9625,1.3424862611926542
3.963,1.136151352535082
3.9635,1.0577503581472285
3.964,0.9684477083220775
3.9645,0.9651699410649289
3.965,0.8052801984643185
3.9655,0.8929526617422273
3.966,0.9631039791259807
3.9665,1.1322583815937168
3.967,1.2873670260597496
3.9675,1.4155725755188766
3.968,1.4459937801696359
3.9685,1.5856460470586096
3.969,1.4128052386231293
3.9695,1.5544193413257064
3.97,1.2316719863039869
3.9705,1.2760504631040768
3.971,1.0731875362990733
3.9715,1.245122622622989
3.972,0.974169124906055
3.9725,1.0141979424758736
3.973,0.8740855937086676
3.9735,0.9181263936145261
3.974,0.8870282283795123
3.9745,0.9364814216035734
3.975,1.1357587316952056
3.9755,1.4645886867035447
3.976,1.4620615518176354
3.9765,1.3240384795312607
3.977,1.5348692994199145
3.9775,1.268110958132981
3.978,1.3556270271793982
3.9785,1.2761804605264702
3.979,1.2417681832882683
3.9795,1.3311142516717636
3.98,1.0164313292805407
3.9805,1.0932717527150375
3.981,1.0814571331330924
3.9815,0.8329973217394192
3.982,0.815044005061766
3.9825,0.9220732227783703
3.983,1.106319684672132
3.9835,1.085477358915549
3.984,1.4191596539895388
3.9845,1.307146680411511
3.985,1.5916342740876617
3.9855,1.4691120145957273
3.986,1.534876923831011
3.9865,1.3379130009034113
3.987,1.1872748647613949
3.9875,1.101360150673444
3.988,1.1685946654164616
3.9885,1.0883990090380793
3.989,1.1375133649112654
3.9895,0.8518703718515385
3.99,1.1022632627611975
3.9905,1.0419747442078169
3.991,0.9781202182237712
3.9915,1.3157602518863558
3.992,1.2103565504314022
3.9925,1.4322968157700013
3.993,1.3452788968296976
3.9935,1.6498878291389518
3.994,1.2423439504960165
3.9945,1.1863644444663324
3.995,1.1998556187198979
3.9955,1.349082321192908
3.996,1.278017053008475
3.9965,1.1540367041395552
3.997,1.1833244685607498
3.9975,0.9939480275491746
3.998,0.9796939256814146
3.9985,1.0750629722611915
3.999,0.9228512731371342
3.9995,0.97581385400135
4.0,1.2470371714325574
4.0005,1.4215763146702334
4.001,1.4635316132569274
4.0015,1.5904477666750199
4.002,1.442423038622132
4.0025,1.407265200938108
4.003,1.3560256408124707
4.0035,1.2869044624871913
4.004,1.3787945985284047
4.0045,1.2201056712748113
4.005,1.1062828570819514
4.0055,1.122389556056691
4.006,1.0938024522230336
4.0065,1.0121926406431387
4.007,0.9989547551295581
4.0075,0.8384571488700593
4.008,0.8620793783785734
4.0085,1.3915482917391893
4.009,1.4454131633710563
4.0095,1.4833452083020655
4.01,1.5692582400629516
4.0105,1.6479987400796083
4.011,1.5224536551612466
4.0115,1.404797989394447
4.012,1.1666218771081922
4.0125,1.1430930555078638
4.013,0.9436086219898148
4.0135,1.192316722546206
4.014,1.1672997831287153
4.0145,1.101282472832556
4.015,1.005241855620819
4.0155,0.9366079595910958
4.016,0.9795527989050675
4.0165,1.0909385340788167
4.017,1.3098111339934644
4.0175,1.3514253979545672
4.018,1.6859760433875475
4.0185,1.3724313527916039
4.019,1.4247964004213585
4.0195,1.1741858835306966
4.02,1.3303600643591682
4.0205,1.2539662939694112
4.021,1.1841838279729766
4.0215,1.0858577276302661
4.022,1.1189550851852235
4.0225,0.9882915348330092
4.023,0.9609821817675868
4.0235,1.1428195176726244
4.024,1.001883796622003
4.0245,1.1428560465076223
4.025,1.1906355617568694
4.0255,1.3061497380365874
4.026,1.4871963765883407
4.0265,1.777466986582384
4.027,1.4707289166456219
4.0275,1.4675336396563603
4.028,1.2725626299076593
4.0285,1.0194290990680577
4.029,1.1752244096703568
4.0295,1.457911818876886
4.03,1.232852184025183
4.0305,1.2702717076157106
4.031,0.9946794195021442
4.0315,0.7355651918006861
4.032,0.8526257941014028
4.0325,1.0643293886037575
4.033,1.1713973926599812
4.0335,1.2992240086747007
4.034,1.3846848210409584
4.0345,1.6155931468419706
4.035,1.4857457968449002
4.0355,1.5220364359199787
4.036,1.4365524121959765
4.0365,1.307575381596401
4.037,1.2029437505237948
4.0375,1.2117458512964987
4.038,1.4052443918474822
4.0385,1.2757682774880719
4.039,1.1939576412937585
4.0395,0.9390221903407915
4.04,0.8292545643383392
4.0405,1.0969081459105876
4.041,1.1616193544651923
4.0415,1.2222786109445671
4.042,1.3240935611571707
4.0425,1.3377213388432092
4.043,1.6319409340644049
4.0435,1.6560133695080783
4.044,1.4112335612137263
4.0445,1.3260971992211492
4.045,1.4592671996679156
4.0455,1.2243802818290246
4.046,1.4320352249758794
4.0465,1.2024001442036465
4.047,1.114123572656355
4.0475,1.0812194965731934
4.048,0.9698757596666423
4.0485,1.0934652711675472
4.049,1.106910823611744
4.0495,1.2319385801898142
4.05,1.2889862043443079
4.0505,1.3723022752339755
4.051,1.521821111980501
4.0515,1.5176296883842222
4.052,1.6791446278339495
4.0525,1.5645175277086276
4.053,1.3790361775208608
4.0535,1.2349792224667664
4.054,1.440845049593183
4.0545,1.265944655120953
4.055,1.1926123409807583
4.0555,1.2933397731748828
4.056,1.0105299855832206
4.0565,0.9713055800062451
4.057,0.9722462502800021
4.0575,0.924669672297862
4.058,1.2107821949151159
4.0585,1.2554762940807893
4.059,1.411952416308996
4.0595,1.482362148258715
4.06,1.5082255816382744
4.0605,1.4382822340268666
4.061,1.47252551815401
4.0615,1.359515179238649
4.062,1.3263861798935492
4.0625,1.520231621388652
4.063,1.2325607934584086
4.0635,1.2551125019783875
4.064,1.1937463392257393
4.0645,1.0411926897641888
4.065,1.030069199187888
4.0655,1.0188491698206565
4.066,1.1207727610884421
4.0665,1.17912883442929
4.067,1.340804572212208
4.0675,1.5147363880605567
4.068,1.3767879468759872
4.0685,1.715632485708165
4.069,1.7237007515887461
4.0695,1.4477100039879554
4.07,1.4298702986277259
4.0705,1.424678312092029
4.071,1.1495103848123709
4.0715,1.3338225073123566
4.072,1.1376653017773788
4.0725,1.3331497155765193
4.073,1.016919550045682
4.0735,1.0987057325232263
4.074,1.0273678303919687
4.0745,1.3695113152726202
4.075,1.2458470176209755
4.0755,1.5608270851100925
4.076,1.6116074130875722
4.0765,1.6266730718240379
4.077,1.5812579926121664
4.0775,1.4232897260337307
4.078,1.1551112074958008
4.0785,1.4604208073650407
4.079,1.263057571188573
4.0795,1.3942411863809154
4.08,1.2656273360823724
4.0805,1.2830512132540772
4.081,1.166186741358884
4.0815,0.7810219968590727
4.082,1.080924614795212
4.0825,1.045890660302159
4.083,1.319459163070605
4.0835,1.4143977330175288
4.084,1.552703606922261
4.0845,1.5487785057585777
4.085,1.4986831316516784
4.0855,1.5017092847478302
4.086,1.2904514247135421
4.0865,1.338488022113206
4.087,1.1974278336006443
4.0875,1.163146702526844
4.088,1.2816414859239158
4.0885,1.2697071801568056
4.089,1.1401835784760022
4.0895,1.0188970019684873
4.09,0.9290514808148593
4.0905,1.005967540956132
4.091,1.0390057597937883
4.0915,1.2520114169118102
4.092,1.2583885290257957
4.0925,1.6032931472792855
4.093,1.5371928550491005
4.0935,1.6233681957096633
4.094,1.6158533128506818
4.0945,1.4827763237715887
4.095,1.4623476490359735
4.0955,1.128816785072647
4.096,1.2513956893065452
4.0965,1.3698014686035145
4.097,1.2495256861144632
4.0975,1.307010709939278
4.098,1.224063571511698
4.0985,1.0555189599280683
4.099,1.0374750199543967
4.0995,1.071252759446593
4.1,1.2665459254016458
4.1005,1.4203277367785685
4.101,1.5062377408877725
4.1015,1.510819493951521
4.102,1.6147136142265448
4.1025,1.6756405189858934
4.103,1.5228143280491224
4.1035,1.3362970200530462
4.104,1.4286867988379934
4.1045,1.327073087352342
4.105,1.2412977524722215
4.1055,1.1674071018358947
4.106,1.0804799456836538
4.1065,1.106856656694689
4.107,1.0474420873892465
4.1075,1.0212368972981258
4.108,1.1388741981985095
4.1085,1.3992486060113989
4.109,1.5484323804199829
4.1095,1.5576288884136962
4.11,1.4894608570700043
4.1105,1.6825899597299412
4.111,1.5865738847908128
4.1115,1.210834339528478
4.112,1.489627975333188
4.1125,1.2976250211381621
4.113,1.3003695476743886
4.1135,1.341276802029734
4.114,1.319543546052123
4.1145,1.1797634208110872
4.115,1.0583698647956143
4.1155,0.9103705531657678
4.116,0.9286255222982014
4.1165,1.355903489385677
4.117,1.5543099223314423
4.1175,1.4610337840451262
4.118,1.576026182196084
4.1185,1.5388950994225374
4.119,1.477390909149858
4.1195,1.565905436330748
4.12,1.4124623124563074
4.1205,1.3205225327366545
4.121,1.574162319425885
4.1215,1.1235496777753597
4.122,1.2606605142308807
4.1225,1.0243016498364474
4.123,1.0446850747224012
4.1235,1.0469946981933953
4.124,1.1534711825114192
4.1245,1.1470845351411478
4.125,1.283305190220135
4.1255,1.4388840281667228
4.126,1.4629741714307187
4.1265,1.6710574850334325
4.127,1.6076288805844838
4.1275,1.5541989632657958
4.128,1.427005767099298
4.1285,1.3534883406576816
4.129,1.448846586033764
4.1295,1.3983546551657238
4.13,1.3903814742604155
4.1305,1.2182771187348158
4.131,1.2388036290294147
4.1315,1.0029698704951326
4.132,1.0159827089102136
4.1325,1.215946676743782
4.133,1.3030235101443775
4.1335,1.3414995535202079
4.134,1.4025921862260253
4.1345,1.569960782601326
4.135,1.5353538692872586
4.1355,1.7308872873991683
4.136,1.5594251391300427
4.1365,1.33345151470164
4.137,1.251406482999026
4.1375,1.2406912734929931
4.138,1.2252524197614694
4.1385,1.210312673830364
4.139,1.265036665537179
4.1395,0.9818817120423045
4.14,1.2620412453149341
4.1405,0.9521895476580458
4.141,0.9886931806109736
4.1415,1.435031691686873
4.142,1.55011050053118
4.1425,1.5219059660336238
4.143,1.638544601819599
4.1435,1.6324505101249929
4.144,1.5463888992915698
4.1445,1.325463054910121
4.145,1.1388950528384059
4.1455,1.2551997381622324
4.146,1.48602312037924
4.1465,1.4482960071823074
4.147,1.1752142935055
4.1475,1.0286975111385177
4.148,1.083301395862894
4.1485,1.070855743195194
4.149,1.1236767825424863
4.1495,0.9148597460527186
4.15,1.6299024003378204
4.1505,1.5739339108485926
4.151,1.544844340981725
4.1515,1.5294076285440585
4.152,1.6714227745073778
4.1525,1.5531864626684249
4.153,1.435908142357707
4.1535,1.4111116342591583
4.154,1.3122856300902737
4.1545,1.3284025822036907
4.155,1.3133476716324306
4.1555,1.2069292886302108
4.156,1.1239796061850718
4.1565,1.1749849652086057
4.157,0.8672489641692654
4.1575,1.007311492849378
4.158,1.211772243593272
4.1585,1.2877647315596197
4.159,1.4575941152231735
4.1595,1.7088835999861547
4.16,1.5784690981573424
4.1605,1.3648149957747981
4.161,1.430160160949162
4.1615,1.4047028800355856
4.162,1.3484972938406903
4.1625,1.3625245270373045
4.163,1.3167478616363124
4.1635,1.2010505092994719
4.164,1.0220052676532976
4.1645,1.0219240086372474
4.165,0.958092196685912
4.1655,1.0050698235562388
4.166,1.1855542515205049
4.1665,1.2932302597316487
4.167,1.4867841471564986
4.1675,1.4879115572569515
4.168,1.737207421144479
4.1685,1.6448189199606003
4.169,1.5294646544670694
4.1695,1.500751827946237
4.17,1.3046051013667088
4.1705,1.1136701061428964
4.171,1.2283956104802165
4.1715,1.3219429232725557
4.172,1.1936477812368502
4.1725,1.094824912754778
4.173,0.9545065638454864
4.1735,0.8149638479888316
4.174,1.1894663574110553
4.1745,1.129938918905279
4.175,1.2541282411350412
4.1755,1.3762672262215978
4.176,1.6726192007035214
4.1765,1.6717182365211336
4.177,1.4580882422089607
4.1775,1.6020142068798664
4.178,1.393892900600028
4.1785,1.2857248629558016
4.179,1.2754923549261719
4.1795,1.190978464309317
4.18,1.0895120870888204
4.1805,1.2308964401897968
4.181,1.053300766950851
4.1815,1.0777026063022777
4.182,1.0357633532285038
4.1825,1.1218366051141628
4.183,0.9842014911907415
4.1835,1.253561487157136
4.184,1.5334227021887215
4.1845,1.4317188628852895
4.185,1.6095696929290246
4.1855,1.3873679410425706
4.186,1.452647185030515
4.1865,1.538206055564247
4.187,1.400111662495164
4.1875,1.0997787189983563
4.188,1.3318877671106542
4.1885,1.374709034744244
4.189,1.3983742940193233
4.1895,1.090721207331539
4.19,0.860916711065726
4.1905,1.0538509124968276
4.191,1.2526586442429541
4.1915,1.2105449518447935
4.192,1.484945082099618
4.1925,1.4184279583276398
4.193,1.5994937615757885
4.1935,1.3042838724160422
4.194,1.3987350256721403
4.1945,1.415154070831387
4.195,1.3110169974817445
4.1955,1.1694788478650955
4.196,1.2139192261285534
4.1965,1.254807854020109
4.197,1.1514750642242433
4.1975,1.0889012945351226
4.198,1.086615175239751
4.1985,0.9501874523907892
4.199,1.1566874715155522
4.1995,1.0254208051635527
4.2,1.4633344855808814
4.2005,1.528021627255005
4.201,1.4846878611157481
4.2015,1.52760780718681
4.202,1.5482791738486765
4.2025,1.5180584072199443
4.203,1.490325232137571
4.2035,1.185030564159215
4.204,1.3207497012321912
4.2045,1.0296509471458946
4.205,1.1757073750444407
4.2055,1.2703567753174292
4.206,0.9051382039060978
4.2065,0.8274325256144062
4.207,1.0003441084357763
4.2075,1.1767970519304156
4.208,1.192261563585434
4.2085,1.1205489223166554
4.209,1.278799092246497
4.2095,1.5394559491321815
4.21,1.4246731482198287
4.2105,1.5102972372527526
4.211,1.4406496868809961
4.2115,1.2981370165115167
4.212,1.4738923823663812
4.2125,1.3135255804621626
4.213,1.3376977041133757
4.2135,1.2538945253440283
4.214,1.0728808321087038
4.2145,0.9928499769259401
4.215,0.9365445620477669
4.2155,1.047309221907099
4.216,0.996703899416342
4.2165,1.3703126838073016
4.217,1.274474607637541
4.2175,1.4921360884826016
4.218,1.5075249043886285
4.2185,1.4762125245316613
4.219,1.6789300251764232
4.2195,1.3396654877255465
4.22,1.2845646199925091
4.2205,1.2006918620220348
4.221,1.2354353695966322
4.2215,1.179041297203457
4.222,1.0153865070749057
4.2225,1.0074702551043142
4.223,1.0413736588290217
4.2235,1.0540774259622194
4.224,0.9899343797169029
4.2245,1.096902954778381
4.225,1.20098253214818
4.2255,1.3329149688055497
4.226,1.3946666015573426
4.2265,1.367107217134064
4.227,1.4234909848779467
4.2275,1.5146255283492152
4.228,1.304357868628146
4.2285,1.2503185548343305
4.229,1.2061905782012192
4.2295,1.3314110758022515
4.23,1.0661427376371333
4.2305,1.1181214243562905
4.231,1.0054114178184805
4.2315,0.9594176368137856
4.232,0.9678793864527794
4.2325,1.008862848617544
4.233,1.2040302761360642
4.2335,1.2730062796202293
4.234,1.5863874895698151
4.2345,1.4988852208149506
4.235,1.3369260187474508
4.2355,1.5250557508716354
4.236,1.424778151297535
4.2365,1.3148091547496068
4.237,1.230826697958174
4.2375,1.0073102291589056
4.238,0.9860752947710587
4.2385,1.2907385777481883
4.239,0.9934188708778579
4.2395,1.0728697424245062
4.24,0.7699497114464963
4.2405,0.8383945389222358
4.241,1.0934222083072351
4.2415,1.1513147355788986
4.242,1.3665228887002858
4.2425,1.4329605753817785
4.243,1.473243092758198
4.2435,1.416808267467653
4.244,1.3057607995378564
4.2445,1.487253149237202
4.245,1.4351275647260713
4.2455,1.1265441065265336
4.246,1.0841832905630113
4.2465,1.1176066754706881
4.247,1.1245209927711575
4.2475,0.9948461614034143
4.248,0.9934342771858152
4.2485,0.9094890954661431
4.249,0.9390658958845131
4.2495,1.2952669443073344
4.25,1.1474796748402487
4.2505,1.5100356186518915
4.251,1.5941572967385313
4.2515,1.5359953604311827
4.252,1.2639045456941584
4.2525,1.3900777668373434
4.253,1.2580530329757207
4.2535,1.249625079431233
4.254,1.099112119997606
4.2545,1.245211392904117
4.255,1.2201018485981185
4.2555,1.1700194099428671
4.256,0.9366210632308118
4.2565,0.8092448395102441
4.257,0.9411578524881493
4.2575,1.1412836002398448
4.258,1.094182791959769
4.2585,1.283664869462199
4.259,1.3509495417925483
4.2595,1.406572610951223
4.26,1.5355745550899402
4.2605,1.4130856235969365
4.261,1.3883831599652658
4.2615,1.3247640300294479
4.262,1.2539919829163368
4.2625,1.237013396133987
4.263,1.0579155972037744
4.2635,0.9970424127920093
4.264,1.0101693685678472
4.2645,0.9369191529168008
4.265,0.8404950103205918
4.2655,0.929662802723122
4.266,1.0788718928559702
4.2665,1.2428191749983941
4.267,1.416498099793333
4.2675,1.265373479103389
4.268,1.340255796887983
4.2685,1.4184105063515902
4.269,1.3957706229253621
4.2695,1.2857421090971357
4.27,1.1857550722915733
4.2705,1.162617866761348
4.271,1.2055922840706241
4.2715,0.9821173321171449
4.272,1.2875361543610504
4.2725,0.9778791127233943
4.273,1.0113490871343611
4.2735,0.8192273479455877
4.274,0.9708110547066978
4.2745,1.0268499682813037
4.275,1.2485988000638681
4.2755,1.2891318325043486
4.276,1.567622038288407
4.2765,1.2994156742312692
4.277,1.514532378469266
4.2775,1.3619647340143535
4.278,1.170855510017573
4.2785,1.4060346530670675
4.279,1.353538464629076
4.2795,0.9255077036500942
4.28,1.1026417006429259
4.2805,1.0869953336064064
4.281,0.9824751409019301
4.2815,1.0302611048576393
4.282,1.0003302851581974
4.2825,0.9558301543786639
4.283,1.278648823236147
4.2835,1.2958752626664805
4.284,1.3031181333284911
4.2845,1.3655662438600105
4.285,1.5580275845667495
4.2855,1.3084098752872686
4.286,1.271137983750591
4.2865,1.2142064613378343
4.287,1.2190267230937288
4.2875,1.1261753037351645
4.288,0.9758859573805583
4.2885,1.169095206221974
4.289,0.9385099595673159
4.2895,1.105364919017871
4.29,0.887801610576611
4.2905,0.9970394426008375
4.291,1.015974217866628
4.2915,1.2204949151406028
4.292,1.297311881149305
4.2925,1.3854627478858696
4.293,1.5310588107046323
4.2935,1.661240907241696
4.294,1.3261211990116863
4.2945,1.3545271738339435
4.295,1.2060380841210911
4.2955,1.2093035296572008
4.296,1.1272104167316874
4.2965,0.8651360224683193
4.297,0.9991109236120747
4.2975,1.041764193048235
4.298,0.7958737229857937
4.2985,0.9355549666972338
4.299,0.8980732772719453
4.2995,0.9641331827087848
4.3,1.220047308252967
4.3005,1.343755242582516
4.301,1.421285023909324
4.3015,1.517086297813925
4.302,1.4068915370278348
4.3025,1.1527258591531901
4.303,1.2020900897516205
4.3035,0.9977174085487869
4.304,1.201851636683872
4.3045,1.19007938663669
4.305,1.1468175536740113
4.3055,1.0331433343636252
4.306,1.0030239490832393
4.3065,0.689097842240262
4.307,0.8269848715574273
4.3075,0.7561201429034998
4.308,0.9835328489078127
4.3085,1.3323714037732026
4.309,1.4162684338264733
4.3095,1.4558454259529188
4.31,1.3844792736857068
4.3105,1.2574268879708799
4.311,1.300030075375423
4.3115,1.318582371111052
4.312,1.1939365222469598
4.3125,0.9565781073392108
4.313,1.0878094387496542
4.3135,0.831460164622831
4.314,1.0294155966296845
4.3145,0.8042608261490878
4.315,0.7054246754669617
4.3155,0.9225911339742544
4.316,0.9794515570696736
4.3165,1.083002384148151
4.317,1.430370622983418
4.3175,1.396517489646601
4.318,1.3284622868916733
4.3185,1.4359387338108067
4.319,1.296021012806479
4.3195,1.373392538550888
4.32,1.2064979233195081
4.3205,1.1686841393193015
4.321,0.9509095653746014
4.3215,1.059356080195854
4.322,0.985973472081523
4.3225,0.8120187441035603
4.323,0.8230376627311484
4.3235,0.8599920890752102
4.324,0.852398087124534
4.3245,0.8153581779105958
4.325,1.075596277355292
4.3255,1.202469128009357
4.326,1.3723695569733356
4.3265,1.3980068256089544
4.327,1.319548122865645
4.3275,1.246425295635228
4.328,1.2210960815306133
4.3285,1.2491004479504002
4.329,1.1387988048836821
4.3295,1.2177614047902423
4.33,1.141137955054472
4.3305,1.1092510801126
4.331,1.0186215788975534
4.3315,0.9787598829732538
4.332,0.6983143746368304
4.3325,0.9384227501736604
4.333,1.117448479503823
4.3335,1.2870827474099555
4.334,1.2064907207036997
4.3345,1.4321578486681994
4.335,1.3871504541469828
4.3355,1.518668089499945
4.336,1.1199615940828431
4.3365,1.1081379227058281
4.337,0.9496276133430724
4.3375,1.107540845800701
4.338,1.2818556863319794
4.3385,0.9966742755246574
4.339,0.9376089983700594
4.3395,0.9072877785162332
4.34,0.7950047559461885
4.3405,0.8564931802171187
4.341,0.9420237978848868
4.3415,0.9546928449378542
4.342,1.1814791538496265
4.3425,1.3870935719436477
4.343,1.4658979355451578
4.3435,1.494151213732003
4.344,1.3386561903256098
4.3445,1.2629809699025614
4.345,1.2343070999844772
4.3455,1.052306623010972
4.346,1.0128645042884485
4.3465,1.0222420433395654
4.347,0.8458048364904511
4.3475,0.9370430760051484
4.348,0.9322159985175629
4.3485,0.7277402439560177
4.349,0.8788842076327166
4.3495,0.8764004508613552
4.35,0.984215667844763
4.3505,1.4379934900392723
4.351,1.2361718557850758
4.3515,1.2451104445427212
4.352,1.3659822658156635
4.3525,1.3023582144553199
4.353,1.2653252241643806
4.3535,1.337368148441492
4.354,1.0178793392384493
4.3545,1.0024839598080992
4.355,1.1737887786257495
4.3555,1.0388013677936272
4.356,0.9472904773590806
4.3565,0.7492195322345396
4.357,0.9121774517340382
4.3575,0.940177436208581
4.358,1.0009687862642156
4.3585,1.0753060098218754
4.359,1.2810716017182224
4.3595,1.5183291175072768
4.36,1.2575157039093854
4.3605,1.2414866920162353
4.361,1.1836377400439724
4.3615,1.1319351711890486
4.362,1.1172913877398665
4.3625,1.1773345019488386
4.363,1.0902358323763433
4.3635,0.9960403326101328
4.364,0.944278272730096
4.3645,0.9039621568862044
4.365,0.6279886919621342
4.3655,0.9168012158748066
4.366,0.8101406958831746
4.3665,0.9851043686703039
4.367,1.2153621758517683
4.3675,1.2960228158238662
4.368,1.4126251565849168
4.3685,1.3696046573785297
4.369,1.2675295517300864
4.3695,1.3718581333525246
4.37,1.221905137559201
4.3705,1.134035724363603
4.371,1.1379654318753154
4.3715,0.9566909140826418
4.372,1.1835171068292656
4.3725,0.7805541837575232
4.373,0.8318214223231359
4.3735,0.763530867313959
4.374,0.7965891223962523
4.3745,0.8877817864202342
4.375,1.0028289999000768
4.3755,1.3456314958233455
4.376,1.2105181099936824
4.3765,1.466225530121251
4.377,1.4044250115503614
4.3775,1.2327114084786204
4.378,1.2473913222982003
4.3785,1.117218330554309
4.379,0.9814890487743173
4.3795,0.947516270656797
4.38,1.0749191524661206
4.3805,1.0019477144270759
4.381,0.8884202249332847
4.3815,0.7662266578049759
4.382,0.7779526679669001
4.3825,0.8249464141545104
4.383,0.8051986987250813
4.3835,1.1380377295419681
4.384,1.320996781424086
4.3845,1.3588262580816137
4.385,1.5426481023013938
4.3855,1.2200668932105754
4.386,1.179599960921539
4.3865,1.1858474035440802
4.387,1.1430058413476403
4.3875,0.8913565366259647
4.388,1.1046001169857969
4.3885,1.0152596943299166
4.389,0.7053472817788119
4.3895,0.8308356250901877
4.39,0.7164844284615368
4.3905,0.7657255207231661
4.391,0.7606226626803695
4.3915,1.0729606599838755
4.392,1.3596182289480672
4.3925,1.332423180361047
4.393,1.1505865106619901
4.3935,1.3868095593123808
4.394,1.280062161297826
4.3945,1.1121793721240794
4.395,1.1899941955732916
4.3955,1.1955684721443447
4.396,1.0058667377328634
4.3965,0.8670876930388147
4.397,0.7693441248197337
4.3975,0.8274549394699258
4.398,0.8098936975998321
4.3985,0.7457461749106233
4.399,0.7661091306076985
4.3995,0.9956375250850937
4.4,1.1321558226591677
4.4005,1.2528627095225107
4.401,1.4189758965914137
4.4015,1.3088095182374586
4.402,1.2369185529792353
4.4025,1.225602249193259
4.403,1.142266990549099
4.4035,0.9353772524708343
4.404,1.0447617803684264
4.4045,1.1750043441602314
4.405,1.0976503729857154
4.4055,1.0025291501173361
4.406,0.8860306910362562
4.4065,0.9591473469328367
4.407,0.7000872432564932
4.4075,0.77035589834473
4.408,1.1018878209349299
4.4085,1.1444659985594965
4.409,1.2116541053788303
4.4095,1.4175056224829636
4.41,1.3323610067924816
4.4105,1.247471398750586
4.411,1.1701018922198962
4.4115,1.2158526498962987
4.412,1.1505879484618429
4.4125,1.2447538937630664
4.413,1.027147331785386
4.4135,0.9717626595524445
4.414,1.0735227021861835
4.4145,0.9535666986829838
4.415,0.8245460795138484
4.4155,0.6678959424123857
4.416,0.8264078186456487
4.4165,0.9393135367571277
4.417,1.2006871333459126
4.4175,1.268907679682082
4.418,1.5408554361137463
4.4185,1.215364763715669
4.419,1.1978685389609127
4.4195,1.2614373433360446
4.42,1.2216860456857745
4.4205,0.8640052048977662
4.421,0.9145175018605317
4.4215,1.0206580341671414
4.422,1.1218875246094913
4.4225,1.0987851107184077
4.423,0.8001929984760963
4.4235,0.7966932266003335
4.424,0.7673737994290388
4.4245,1.0190024336110421
4.425,1.2557709191242727
4.4255,1.3757600340980543
4.426,1.351890815306357
4.4265,1.3082593192804144
4.427,1.3650741933855188
4.4275,1.4340013778487444
4.428,1.179639008944654
4.4285,0.9774623842813925
4.429,1.0820217158981127
4.4295,1.0555248795642957
4.43,0.854546802970519
4.4305,0.9925287552044727
4.431,0.9429855165368273
4.4315,1.0199640547503075
4.432,0.692783993054561
4.4325,0.960007980396471
4.433,1.1064579119471598
4.4335,1.214181579729177
4.434,1.198802915198104
4.4345,1.2767279811311951
4.435,1.4070303891950293
4.4355,1.3615394137841204
4.436,1.2221852382451168
4.4365,1.3345459615987592
4.437,1.1118079301825896
4.4375,0.9257771118457311
4.438,1.0560089824768497
4.4385,1.0729528463374562
4.439,0.9863920148142202
4.4395,0.9112485782856543
4.44,0.9824662994670549
4.4405,0.7357152466308257
4.441,0.8886045756246351
4.4415,1.2227946352521557
4.442,1.0240563529306395
4.4425,1.3383039658175204
4.443,1.5275699664060836
4.4435,1.51820335495427
4.444,1.4044867703638177
4.4445,1.3301694289733075
4.445,1.0902686006941489
4.4455,1.2850414668264583
4.446,0.9932327480987189
4.4465,0.9583319799188511
4.447,1.0505989289099096
4.4475,0.8864083950996401
4.448,0.8881846933884103
4.4485,0.8828773403867699
4.449,1.055083461214161
4.4495,1.0254347334916125
4.45,1.067612339308998
4.4505,1.344520844903666
4.451,1.2984947703374636
4.4515,1.51047151990482
4.452,1.397923858853969
4.4525,1.3633456851639687
4.453,1.0691548589456286
4.4535,0.9616201204917763
4.454,0.9957283725684727
4.4545,1.2860103574515367
4.455,0.9500235105483502
4.4555,1.070873820903998
4.456,0.8566664160462041
4.4565,0.8385971320666511
4.457,0.8503270848664782
4.4575,1.0802620385141664
4.458,1.0973030031633881
4.4585,1.22994960075529
4.459,1.4585272147907324
4.4595,1.3494215892890356
4.46,1.533810806060147
4.4605,1.472461698497787
4.461,1.397071168159016
4.4615,1.2199748385475013
4.462,1.138386296844621
4.4625,1.0585387755143187
4.463,1.028208407875719
4.4635,0.9638730589616344
4.464,1.019665180490115
4.4645,0.8859116197693917
4.465,0.9072595555230375
4.4655,0.9271666238035536
4.466,0.8563146722862484
4.4665,0.9907567584563033
4.467,1.2294979551160952
4.4675,1.297861015139125
4.468,1.3484620915996528
4.4685,1.5983203987311974
4.469,1.2172128798170376
4.4695,1.4961271552175601
4.47,1.2555744837833662
4.4705,1.2787829621603455
4.471,1.2326257388695578
4.4715,1.166739614818453
4.472,1.2107806984977219
4.4725,0.8603684718325715
4.473,0.8848904760872291
4.4735,0.7876409226527604
4.474,0.7408998989634366
4.4745,0.9492825991398973
4.475,1.3501727384972086
4.4755,1.293084004547634
4.476,1.6136854963004903
4.4765,1.6615061988634916
4.477,1.7248440656654425
4.4775,1.547811678075619
4.478,1.5171042849070357
4.4785,1.2533806998723829
4.479,1.2029699600317938
4.4795,1.1752792711765199
4.48,1.0993016422317687
4.4805,1.0471585886430947
4.481,1.0307165284051816
4.4815,0.8507497063722912
4.482,0.7518569393323989
4.4825,0.9871538564127698
4.483,1.0045658976572969
4.4835,1.1675976365647227
4.484,1.3497441318723116
4.4845,1.4107710326326455
4.485,1.5733054407585836
4.4855,1.4010611778343685
4.486,1.4596079004052012
4.4865,1.2916362497366074
4.487,1.2088980096799713
4.4875,1.1970499128238832
4.488,1.0155425732065937
4.4885,1.1252317868329242
4.489,1.1038183910550192
4.4895,1.043817296171713
4.49,0.7649556541773328
4.4905,0.7625990298120291
4.491,0.9447907287412841
4.4915,1.274444397921911
4.492,1.3107668992950072
4.4925,1.3342683128035608
4.493,1.3276320552936605
4.4935,1.3968319730634422
4.494,1.3319275189528814
4.4945,1.4239703859570612
4.495,1.3645813543647127
4.4955,1.1118597665061918
4.496,1.2578491705586987
4.4965,1.2069073311841791
4.497,0.9634637659677153
4.4975,0.9971075301375805
4.498,0.9715330465703487
4.4985,0.9262139065673184
4.499,0.776459052776628
4.4995,1.0655693615302113
4.5,1.2636264891430589
4.5005,1.5055083008078598
4.501,1.385607719527704
4.5015,1.435564319651532
4.502,1.4416622756582196
4.5025,1.4236321921114419
4.503,1.3282699293183924
4.5035,1.3185991574802192
4.504,1.1049487813780132
4.5045,1.2228354152044423
4.505,1.06245153255153
4.5055,1.0552579957021329
4.506,1.163718730921655
4.5065,0.7949448156147292
4.507,0.8991272511693653
4.5075,0.8607975859904617
4.508,1.1266374375178616
4.5085,1.3688451294160335
4.509,1.4184929306348228
4.5095,1.473831364630117
4.51,1.6326671701902329
4.5105,1.4883179899903307
4.511,1.4630571442079967
4.5115,1.3801016707989042
4.512,0.9676703999759494
4.5125,1.2111052552429564
4.513,1.0744416432386823
4.5135,1.0460336857422956
4.514,1.203895674115534
4.5145,0.9447841136815125
4.515,1.1269556280741795
4.5155,0.8112458033872636
4.516,0.9276134670688241
4.5165,1.249710079783811
4.517,1.2920164669349647
4.5175,1.4799407570052683
4.518,1.499149954250772
4.5185,1.4884108843028128
4.519,1.4140781212385167
4.5195,1.3857570609162324
4.52,1.3648684069841674
4.5205,1.4156468800446305
4.521,1.199611609805265
4.5215,1.1397722246727096
4.522,1.0664627459840454
4.5225,1.1897160093417267
4.523,1.0437014604203159
4.5235,0.7571731748424247
4.524,0.790354004759378
4.5245,1.0065635377676572
4.525,1.260096583738718
4.5255,1.381246275091671
4.526,1.5409700031286664
4.5265,1.5095300418916016
4.527,1.6392135632876097
4.5275,1.5086009972142937
4.528,1.3631601421477604
4.5285,1.409490245984059
4.529,1.0893169204577837
4.5295,1.211333394904674
4.53,1.1870643851995621
4.5305,1.1663829375447337
4.531,0.8579350427573953
4.5315,0.9452076115404623
4.532,1.0035427741419165
4.5325,1.0723431252068163
4.533,1.2662489907893724
4.5335,1.376416921662329
4.534,1.4316251174494616
4.5345,1.5891189531733712
4.535,1.5157441008232675
4.5355,1.5059321443329445
4.536,1.4964998308823487
4.5365,1.3398955468137326
4.537,1.3272723238093536
4.5375,1.3506097371613732
4.538,1.289098699949487
4.5385,1.2878706770894486
4.539,1.324763598348523
4.5395,1.0879613387960034
4.54,0.9268942369984013
4.5405,1.0384410296907234
4.541,1.1180244707229583
4.5415,1.2699047833715238
4.542,1.5106491754858693
4.5425,1.3157046543314665
4.543,1.6965846898545909
4.5435,1.7224415460618325
4.544,1.5359498718037945
4.5445,1.4615706690229513
4.545,1.310996528263549
4.5455,1.2891991291679117
4.546,1.3239244224504128
4.5465,1.2766605619262414
4.547,1.2248507193566955
4.5475,1.1393755570257895
4.548,1.0983779343825433
4.5485,1.0595089039063574
4.549,0.9158949480781632
4.5495,1.2063547608635574
4.55,1.4563928982452434
4.5505,1.415275057020911
4.551,1.6726755155997828
4.5515,1.4684698466713078
4.552,1.5295087248492452
4.5525,1.4001743517620557
4.553,1.526110622546695
4.5535,1.4916743883494847
4.554,1.2768414854009515
4.5545,1.3693824125716367
4.555,1.3706917708886839
4.5555,1.1350826391510027
4.556,1.0745000548121875
4.5565,1.0765598371392444
4.557,0.9110683807289792
4.5575,1.067336386919864
4.558,1.3934874116003164
4.5585,1.2817094643580949
4.559,1.5544072672912852
4.5595,1.6051862010293338
4.56,1.5505560786194748
4.5605,1.5443392653999743
4.561,1.623066177637537
4.5615,1.4304342981056013
4.562,1.3925673347044871
4.5625,1.4449391623251444
4.563,1.219176000929489
4.5635,1.089926397546715
4.564,1.2987062847298505
4.5645,1.0611307162271861
4.565,1.0920495784980424
4.5655,0.9405466638041057
4.566,1.1393698104346248
4.5665,1.128087523080834
4.567,1.3966000084638948
4.5675,1.4482522023127498
4.568,1.486213276692139
4.5685,1.5357133840140686
4.569,1.2782763799492116
4.5695,1.3146852843701078
4.57,1.4415654083998737
4.5705,1.351339864278028
4.571,1.1745594200051686
4.5715,1.295782909436999
4.572,1.0924889063910803
4.5725,1.1762747145071515
4.573,1.0241827478520804
4.5735,0.9753764684817924
4.574,1.0361041726003701
4.5745,1.405796449449054
4.575,1.221203619902877
4.5755,1.466975991265973
4.576,1.627078618829878
4.5765,1.490003139464287
4.577,1.3989340660889256
4.5775,1.4298840345777144
4.578,1.4896663310261409
4.5785,1.3187847552179184
4.579,1.2888347575148016
4.5795,1.3683624063127633
4.58,1.1498279608467163
4.5805,1.154155197174787
4.581,0.9346191093140539
4.5815,1.0595697277498812
4.582,1.04239270654646
4.5825,1.1598194854000279
4.583,1.0884408459680563
4.5835,1.3360974816597897
4.584,1.3645698447400667
4.5845,1.551403302959231
4.585,1.7381348481687082
4.5855,1.5129362016776287
4.586,1.3338634844076231
4.5865,1.3295507267027857
4.587,1.182766392513664
4.5875,1.1773630465272014
4.588,1.3371137236606645
4.5885,1.0716974368457344
4.589,1.1746214915630013
4.5895,1.0713784576546197
4.59,0.9706702604037647
4.5905,1.060455512189105
4.591,1.0274987281310766
4.5915,1.3424191641012562
4.592,1.3407516265612318
4.5925,1.4945726915006914
4.593,1.5434132486889052
4.5935,1.6547470136053815
4.594,1.5816378344630062
4.5945,1.1878870686073593
4.595,1.4079333095864244
4.5955,1.1611020843320836
4.596,1.266637005153018
4.5965,1.2487719823749237
4.597,1.1635008974609877
4.5975,1.1723593922421727
4.598,1.1257561111828502
4.5985,0.9483467451152272
4.599,0.9818382692363208
4.5995,1.163657200185889
4.6,1.15992453219191
4.6005,1.413640091773112
4.601,1.7005715568002553
4.6015,1.4522412091067458
4.602,1.5407804209673823
4.6025,1.44700229161321
4.603,1.6302923981230395
4.6035,1.3150526250614478
4.604,1.2796270446765174
4.6045,1.1896820857734831
4.605,1.246679292808673
4.6055,1.2051454767346435
4.606,1.012334113454088
4.6065,1.141099628835665
4.607,1.0610964941767271
4.6075,1.1798246719561492
4.608,1.1843448776379664
4.6085,1.3936222506702336
4.609,1.484953146868473
4.6095,1.7354593284547009
4.61,1.6150941203056683
4.6105,1.5592364207844096
4.611,1.4378223706938562
4.6115,1.3589788880715594
4.612,1.3805200948166074
4.6125,1.401639619290465
4.613,1.2141588086557948
4.6135,1.2414474760479837
4.614,1.1741390555614055
4.6145,1.116849546566017
4.615,0.8651641994531803
4.6155,0.957226357922405
4.616,0.9965549196434346
4.6165,1.2734004860094494
4.617,1.332176361084208
4.6175,1.4951923958037792
4.618,1.486055361324818
4.6185,1.5569483661257744
4.619,1.4262026359912774
4.6195,1.5372252183007389
4.62,1.4417776596056409
4.6205,1.3619104216766489
4.621,1.2818936339836378
4.6215,1.0671447763736195
4.622,1.1642291105370113
4.6225,1.0575081173434384
4.623,1.0899004160793235
4.6235,1.0991525588124889
4.624,1.1068502479021176
4.6245,1.3052248143449858
4.625,1.2692491129902304
4.6255,1.4122780772830337
4.626,1.6816242508922883
4.6265,1.6317412512760268
4.627,1.5625380767355754
4.6275,1.7035504559247996
4.628,1.5004485338106968
4.6285,1.3629628508848104
4.629,1.2724866355952296
4.6295,1.4392041808554836
4.63,1.2805905010641732
4.6305,1.195102637795197
4.631,1.1834747035456394
4.6315,1.1456073739747916
4.632,1.1048213539385163
4.6325,1.1993834446458576
4.633,1.2791891349901525
4.6335,1.4422647606745582
4.634,1.4511873076018669
4.6345,1.7894703931094544
4.635,1.4995398753663864
4.6355,1.6094764572393403
4.636,1.3709285809300147
4.6365,1.4225467444021431
4.637,1.3222745523381016
4.6375,1.3568315778179743
4.638,1.3413334439472326
4.6385,1.1587174575042976
4.639,1.1794118787885683
4.6395,1.2481349247863873
4.64,0.9336193122397768
4.6405,0.9944599219916039
4.641,1.2506716314809037
4.6415,1.310674289806868
4.642,1.471606169107456
4.6425,1.6827355555547598
4.643,1.5633001718407384
4.6435,1.58416125408
4.644,1.514836314036496
4.6445,1.4688332116161928
4.645,1.57182597650352
4.6455,1.2226674718381683
4.646,1.2404934838347548
4.6465,1.1841838001170122
4.647,1.402141546914852
4.6475,1.1262934746581055
4.648,1.088817155763971
4.6485,0.9343371414669984
4.649,1.1091504236201772
4.6495,1.3290353619084332
4.65,1.4173760517656664
4.6505,1.5310846388798949
4.651,1.4926572113631558
4.6515,1.6564064100663443
4.652,1.678863037432154
4.6525,1.4995801084771683
4.653,1.5910385195630417
4.6535,1.5564866171615948
4.654,1.37734594815414
4.6545,1.4715112894049591
4.655,1.3446151665959594
4.6555,1.4064632866624873
4.656,1.421837108693472
4.6565,1.0543587121568652
4.657,1.2365352786926185
4.6575,1.3549334657217713
4.658,1.2542047961691147
4.6585,1.4503245167105323
4.659,1.5906819523287816
4.6595,1.7240990944869055
4.66,1.7202506420133508
4.6605,1.6957887724917937
4.661,1.7296404503413099
4.6615,1.3882287580915036
4.662,1.4317321356738666
4.6625,1.5642837665445761
4.663,1.5208345148701732
4.6635,1.3113034338034333
4.664,1.4055775894948277
4.6645,1.4131912573044194
4.665,1.2361948656044006
4.6655,1.1598628808061633
4.666,1.4374501286533727
4.6665,1.66516491916557
4.667,1.56241454729936
4.6675,1.783573000273403
4.668,1.9554726327157945
4.6685,1.855985779931
4.669,1.617323038159134
4.6695,1.765530646024669
4.67,1.5620916404955343
4.6705,1.4923394082241275
4.671,1.4182820001368823
4.6715,1.675400890339724
4.672,1.4185304997920203
4.6725,1.465466097260685
4.673,1.4280897860880561
4.6735,1.3649374315356773
4.674,1.4221735208763178
4.6745,1.5417080049616978
4.675,1.6711156327083658
4.6755,1.7349917380098607
4.676,1.8371580746140828
4.6765,1.9553497116103995
4.677,1.931785011048592
4.6775,1.925383941452647
4.678,1.9227317291455872
4.6785,1.7925765043849946
4.679,1.6423710173368666
4.6795,1.4769494672793892
4.68,1.5775594509886033
4.6805,1.4587228982101852
4.681,1.4491897567306413
4.6815,1.4939573165491005
4.682,1.4760395597724079
4.6825,1.7200807255155195
4.683,1.7110154160131954
4.6835,2.011585787911508
4.684,2.034847243986707
4.6845,2.1609195583980614
4.685,2.0356974577998757
4.6855,1.924360587785781
4.686,1.9173930709807618
4.6865,1.8930775931538424
4.687,1.7825163110735307
4.6875,1.7128876737256729
4.688,1.8221914850762662
4.6885,1.6305440364751693
4.689,1.508891134697494
4.6895,1.4793637333576313
4.69,1.52688942300657
4.6905,1.4686761937731225
4.691,1.631856039901151
4.6915,1.854933805308012
4.692,2.0075363384616156
4.6925,2.009377624095757
4.693,2.0083379410506033
4.6935,2.075338396086816
4.694,2.141956964311181
4.6945,2.090050871658247
4.695,1.9705208669549357
4.6955,2.009847363530909
4.696,2.0290192797876037
4.6965,1.7675494566098489
4.697,1.9043621387371925
4.6975,1.6536991569611832
4.698,1.713447176172224
4.6985,1.654259939974009
4.699,1.4225742452290575
4.6995,1.6276027617952327
4.7,1.748405438643923
4.7005,1.8383906245573665
4.701,2.2077295414504956
4.7015,2.362315833764544
4.702,2.0998823757326384
4.7025,2.140553552261709
4.703,2.124940926786664
4.7035,1.9339527592284913
4.704,1.8666883544231831
4.7045,1.8068967407566072
4.705,1.8350725161607682
4.7055,1.797800043136164
4.706,1.6757035172088797
4.7065,1.609761530467895
4.707,1.5496179718515541
4.7075,1.451830639795164
4.708,1.8189515013163065
4.7085,1.7481838050036
4.709,2.070660243583908
4.7095,2.1626399606937254
4.71,1.9815204480789899
4.7105,1.9842072399644002
4.711,2.176765267199474
4.7115,1.8777630848138802
4.712,1.7038526745832114
4.7125,1.8627158863704063
4.713,1.6619516441886717
4.7135,1.4868414773224679
4.714,1.6511514164880468
4.7145,1.426006037555844
4.715,1.4977499003670691
4.7155,1.3910769446155213
4.716,1.6193079135198127
4.7165,1.6965907695516391
4.717,1.564047768182594
4.7175,1.9761703051661028
4.718,1.9620183416231756
4.7185,2.1167115849142353
4.719,1.9480718489442812
4.7195,1.8990752969660862
4.72,1.6768360322025082
4.7205,1.6138553061774716
4.721,1.6473721705642967
4.7215,1.5645172078318763
4.722,1.6652795053032612
4.7225,1.4314673935012239
4.723,1.247512056775703
4.7235,1.2508853603959658
4.724,1.4589642647701384
4.7245,1.4418535777974455
4.725,1.575234687248811
4.7255,1.842052699058426
4.726,1.740682233208363
4.7265,1.6374636346889113
4.727,1.7393527597598575
4.7275,1.7720532696831306
4.728,1.6382238652898766
4.7285,1.4380403946700477
4.729,1.6463366031561493
4.7295,1.5181561442120262
4.73,1.4856738254596287
4.7305,1.4131488211331849
4.731,1.1562170917676777
4.7315,1.249827685681023
4.732,1.294275448972392
4.7325,1.3705052928890855
4.733,1.443499421833266
4.7335,1.5672853695689335
4.734,1.4717250287772974
4.7345,1.720022540828218
4.735,1.632342936766693
4.7355,1.803908131073336
4.736,1.7069045709958923
4.7365,1.4187263045561753
4.737,1.4484339069970076
4.7375,1.4339932561765314
4.738,1.4554319639894233
4.7385,1.1373431983696154
4.739,1.004354183434946
4.7395,1.1480036835044836
4.74,0.8396323536152736
4.7405,1.116205406083636
4.741,1.236901184081481
4.7415,1.432257923661211
4.742,1.3926560015850507
4.7425,1.5877792849885608
4.743,1.6917884353517623
4.7435,1.4952669579064548
4.744,1.640230471240808
4.7445,1.4935691400693152
4.745,1.332729760849715
4.7455,1.3552641736193471
4.746,1.2873109807525467
4.7465,1.3330929763396946
4.747,1.1532874924811536
4.7475,1.1308526245525958
4.748,0.9728684647858603
4.7485,0.9085759335951037
4.749,1.0521973417730652
4.7495,1.0454669038940185
4.75,1.3580115941277286
4.7505,1.480084758074913
4.751,1.4447437409596573
4.7515,1.575806988570637
4.752,1.445542985788229
4.7525,1.2897802719579827
4.753,1.310374153862182
4.7535,1.3005817772966075
4.754,1.313057357411369
4.7545,1.2376367160421449
4.755,1.2631528042936297
4.7555,1.0034428701871003
4.756,0.983551940344104
4.7565,1.1239251987664756
4.757,0.755177377259413
4.7575,0.960845212308646
4.758,1.0186001692994924
4.7585,1.2556129197532842
4.759,1.3659953506060731
4.7595,1.550480902916707
4.76,1.5270573283300874
4.7605,1.3233646445030285
4.761,1.3179859693290596
4.7615,1.3013697539828522
4.762,1.319201119609715
4.7625,1.449256882475333
4.763,1.23699408643471
4.7635,1.0095112022171682
4.764,1.0262312156583662
4.7645,0.9769746610855986
4.765,0.8598550338086991
4.7655,0.9706663553221752
4.766,0.77804552419087
4.7665,1.195614057835685
4.767,1.243003513067275
4.7675,1.4004324079465182
4.768,1.6168944161265566
4.7685,1.334243781957083
4.769,1.4273237379211767
4.7695,1.4006093296396056
4.77,1.2690420344716886
4.7705,1.0420173657761427
4.771,1.3020951293067886
4.7715,1.1031853033872412
4.772,1.0091617638143597
4.7725,0.952947715466703
4.773,0.8757922158944353
4.7735,0.7655029771650103
4.774,0.936738142003147
4.7745,0.96358068767423
4.775,1.2360873243187558
4.7755,1.3664743324233188
4.776,1.5804079938607198
4.7765,1.4325089268276314
4.777,1.344014252775993
4.7775,1.2075728183042864
4.778,1.496202885467543
4.7785,1.2809605510416855
4.779,1.1031042094312287
4.7795,1.3056574167121455
4.78,1.2238093637420866
4.7805,0.8843263840436193
4.781,0.8657892521761477
4.7815,0.8681259910952306
4.782,0.7650377398524558
4.7825,0.9219717099733836
4.783,1.1243014669552063
4.7835,1.0668889724245416
4.784,1.369450304602627
4.7845,1.5394158069834933
4.785,1.4753624829351346
4.7855,1.3816799650842253
4.786,1.2467340748090903
4.7865,1.3225828899991534
4.787,1.06701315133644
4.7875,1.1709585936225653
4.788,1.1112128246662407
4.7885,1.1664515965368167
4.789,0.9216080950967834
4.7895,0.854465388880171
4.79,0.7340224100113948
4.7905,0.914796142280874
4.791,0.911202019649688
4.7915,1.00342749996564
4.792,1.1641953761685473
4.7925,1.4162119821567858
4.793,1.3119544081329764
4.7935,1.3117044036270291
4.794,1.443179174157479
4.7945,1.2588318143101347
4.795,1.3024860098565092
4.7955,1.1231126239621831
4.796,1.1232061901688153
4.7965,1.0968399580813162
4.797,1.158135180858742
4.7975,1.0726517901229604
4.798,0.9879542905562674
4.7985,0.780796432298734
4.799,0.7812305172300772
4.7995,1.0595468437646711
4.8,1.2673126982480667
4.8005,1.3920914862359712
4.801,1.3806803301659505
4.8015,1.4884107099374502
4.802,1.4612434014373905
4.8025,1.3321998282380885
4.803,1.2592435276699685
4.8035,1.1880727671320415
4.804,1.0573933214301192
4.8045,1.0319348151083394
4.805,0.9825723391922538
4.8055,0.8243781363836451
4.806,0.920579758703793
4.8065,0.8427579902664282
4.807,0.9139903592771729
4.8075,1.0237314609848998
4.808,1.151839196657833
4.8085,1.3126330089053289
4.809,1.2312734280113424
4.8095,1.2464546314974854
4.81,1.4957464426266602
4.8105,1.4950278485996424
4.811,1.4369522577520126
4.8115,1.2560378832735943
4.812,0.9533004062704503
4.8125,1.1517276841063244
4.813,1.1329102681298093
4.8135,1.1480167435877997
4.814,1.091974898682789
4.8145,0.9645384379244368
4.815,0.7690212153847739
4.8155,0.7378975224911173
4.816,0.9769200661930906
4.8165,0.9805302330973561
4.817,1.3587219537441317
4.8175,1.1625692590055117
4.818,1.4496535870430836
4.8185,1.4159781513068703
4.819,1.3039578044907172
4.8195,1.154210222068047
4.82,0.9722272818975551
4.8205,1.0775532112028314
4.821,1.0437619566986351
4.8215,1.1643980880022722
4.822,0.913317666056082
4.8225,0.9597200220514153
4.823,0.7159664283477483
4.8235,0.8644440128407196
4.824,0.6290651348787321
4.8245,1.1660996831240502
4.825,1.088812940525261
4.8255,0.969823098616351
4.826,1.281244668659363
4.8265,1.3018886194258925
4.827,1.2951287640429763
4.8275,1.2550285352686534
4.828,1.148113039785072
4.8285,1.07116240445144
4.829,0.9950672133442531
4.8295,1.1576340948907562
4.83,1.1479330305651925
4.8305,0.9341259983204333
4.831,0.8799956431712196
4.8315,0.709832289498952
4.832,0.8207311244399039
4.8325,0.8966768566963241
4.833,0.9736768845669461
4.8335,1.1867878012041544
4.834,1.314433738602912
4.8345,1.2610060888375665
4.835,1.4989351064745935
4.8355,1.3131976259809532
4.836,1.4262480829925734
4.8365,1.227109088565786
4.837,1.3277844419374674
4.8375,1.2106062529856265
4.838,1.0781907285246708
4.8385,0.9287978456764746
4.839,0.8573490034321709
4.8395,0.9055674056328312
4.84,0.8209464803471105
4.8405,0.7609880149203532
4.841,0.9861086793937733
4.8415,1.043125691017117
4.842,1.2747848491422678
4.8425,1.2153533105608292
4.843,1.4729875244531243
4.8435,1.4144006350846507
4.844,1.4248695768049826
4.8445,1.325145472593934
4.845,1.150793294490142
4.8455,1.0952462090426998
4.846,1.2547455253833653
4.8465,1.005664996931455
4.847,1.0481499894274655
4.8475,0.8582143112304574
4.848,0.6411194971816068
4.8485,0.6760107077804751
4.849,0.8759613852085609
4.8495,1.0094267330677043
4.85,1.1267945652949907
4.8505,1.347032341400853
4.851,1.375521189860097
4.8515,1.2955189100931113
4.852,1.4039409481227705
4.8525,1.292466866115753
4.853,1.1410462125638554
4.8535,1.184497275896179
4.854,1.1035293397050556
4.8545,0.9998275905846229
4.855,0.9951216533612294
4.8555,1.0862457064027895
4.856,1.005371126603799
4.8565,0.8270208169568594
4.857,0.8053153465766044
4.8575,0.7165545564272481
4.858,1.1539515716355226
4.8585,1.2374329803260118
4.859,1.3455972040035293
4.8595,1.1260073575239034
4.86,1.371004744739158
4.8605,1.3087537284327098
4.861,1.31469952776877
4.8615,1.1279142057753795
4.862,1.0956940350444386
4.8625,1.1434186932849952
4.863,0.9667365844541478
4.8635,0.9325519594188507
4.864,0.935911589373054
4.8645,0.9754116313377944
4.865,0.8770062604411392
4.8655,0.917183203709387
4.866,0.8991136708954194
4.8665,1.178963208255481
4.867,1.0072004013090685
4.8675,1.5057873205321348
4.868,1.5791080100527481
4.8685,1.4010835005381361
4.869,1.3796890442247154
4.8695,1.2151823300534859
4.87,1.130141748084911
4.8705,1.0427369543432476
4.871,1.063812246188762
4.8715,1.0828172109363776
4.872,1.0080283173834177
4.8725,1.0879782110518812
4.873,0.8305320110888135
4.8735,0.6432906390539984
4.874,0.9934616220723917
4.8745,0.8111120342353683
4.875,1.0240609074575595
4.8755,1.2539715894848704
4.876,1.3727058976845639
4.8765,1.2233253083652325
4.877,1.2649240144456464
4.8775,1.1227222755233455
4.878,1.256301900254654
4.8785,1.2513462207972808
4.879,0.9694058782032172
4.8795,1.1561256314309325
4.88,1.1024528752536331
4.8805,0.8756836030690979
4.881,0.6659611799160234
4.8815,0.6982527098208031
4.882,0.7374700626401812
4.8825,1.0116688145526693
4.883,0.9680628547419773
4.8835,1.031229606918031
4.884,1.2835361507989478
4.8845,1.222530611117757
4.885,1.417167190120546
4.8855,1.2227567017668433
4.886,1.1624579585921646
4.8865,1.2100947088191703
4.887,1.2936525286088514
4.8875,1.3012561551524227
4.888,0.940343766420451
4.8885,0.9307673777029645
4.889,0.9688398046659722
4.8895,0.9593854868097289
4.89,0.5809302116967231
4.8905,0.8197915290452659
4.891,0.8457184434918575
4.8915,0.838939672213392
4.892,1.0497238128918855
4.8925,1.2491433769799856
4.893,1.3724064228366422
4.8935,1.4590602416055403
4.894,1.3349608520259495
4.8945,1.317034569316264
4.895,1.1573042460189236
4.8955,1.037097404637919
4.896,1.0543410905351278
4.8965,1.1010127088669277
4.897,1.0737675657067822
4.8975,0.8792359803840675
4.898,0.7325325182875067
4.8985,0.8309125472231017
4.899,0.8822354362580902
4.8995,1.0621194809776193
4.9,1.0179969307486478
4.9005,1.1661236438199507
4.901,1.4129431379108897
4.9015,1.3336968964160822
4.902,1.3014060582171736
4.9025,1.4032496036300075
4.903,1.0642967070892329
4.9035,1.3461265120530799
4.904,1.0380551030123777
4.9045,1.1511921289220737
4.905,1.0066850637313816
4.9055,0.9771469929089283
4.906,0.8465902367364576
4.9065,0.8999151595219705
4.907,0.7713716453413377
4.9075,0.8095439633565246
4.908,1.170792476153103
4.9085,1.1446437785770234
4.909,1.2112023799813159
4.9095,1.2132845008160775
4.91,1.5627655060648746
4.9105,1.2760314106523225
4.911,1.4628208973567052
4.9115,1.2235831489350515
4.912,1.1442949188290132
4.9125,1.1100635983302645
4.913,1.2777513503731976
4.9135,0.7832557474902156
4.914,0.9509935010842276
4.9145,0.8284816586022067
4.915,0.7887469106292644
4.9155,0.8389283998846574
4.916,0.8809678819243807
4.9165,1.0635360832147605
4.917,1.1946842094404972
4.9175,1.1883859733177893
4.918,1.418701550610609
4.9185,1.444113930263021
4.919,1.2597959489013617
4.9195,1.4237640726704521
4.92,1.3030996152757561
4.9205,1.2071140579044604
4.921,1.1712405921798932
4.9215,1.0500280987421824
4.922,1.100420371934423
4.9225,1.067084483402906
4.923,0.9224451487736488
4.9235,0.7567295901611388
4.924,0.8470922313288566
4.9245,1.0130487969200634
4.925,1.1866924510793364
4.9255,1.2424102389057188
4.926,1.2981100218612052
4.9265,1.5505331885317202
4.927,1.2570225215026962
4.9275,1.2017895318420804
4.928,1.086977937829247
4.9285,1.0646502052537261
4.929,1.2427571289417532
4.9295,1.211510730564443
4.93,1.0292720656510104
4.9305,1.0189564615603963
4.931,0.8913345924488821
4.9315,0.7147771106731738
4.932,1.0478323895063202
4.9325,1.0244298337744957
4.933,1.0452162373625702
4.9335,1.0766304943962643
4.934,1.27698964076556
4.9345,1.313978094063459
4.935,1.407068938059491
4.9355,1.3835139652594932
4.936,1.2440160713269366
4.9365,1.0599409849547212
4.937,1.3650889870033756
4.9375,1.1388998609408043
4.938,1.124073833946768
4.9385,0.9826845729053747
4.939,0.7959947880751796
4.9395,0.8694962664819431
4.94,0.8007451971326931
4.9405,0.918147741873005
4.941,1.021583167797341
4.9415,1.1447921794218978
4.942,1.3196185752188097
4.9425,1.524039991285475
4.943,1.4436630288359404
4.9435,1.5067233119418402
4.944,1.3878611904627416
4.9445,1.071621958799332
4.945,1.17891888473095
4.9455,1.0609526077431541
4.946,1.1363822522977274
4.9465,0.9932722659248154
4.947,1.0723796047966412
4.9475,1.033812654485305
4.948,0.9878720280864404
4.9485,1.0017267886111743
4.949,0.709670078869443
4.9495,0.8621622714403143
4.95,1.4222472883481847
4.9505,1.3778244210710315
4.951,1.4041149874503025
4.9515,1.4223597184984056
4.952,1.3857750521876067
4.9525,1.1299166477947171
4.953,1.169987346194734
4.9535,1.1755099205594497
4.954,1.074284808263813
4.9545,1.0529196728267876
4.955,1.32071213503111
4.9555,0.9724775365484506
4.956,0.948669196763934
4.9565,0.8868537704889864
4.957,0.9137450602357172
4.9575,0.8681559191460243
4.958,1.1635505748881412
4.9585,1.2358025060839566
4.959,1.2001409342071678
4.9595,1.4019908757421813
4.96,1.409761676297821
4.9605,1.3605148934488391
4.961,1.3590109120569565
4.9615,1.2989490277566405
4.962,1.233783094703754
4.9625,1.1794126758390102
4.963,1.117490415137982
4.9635,0.8404536736563191
4.964,1.0607696672013098
4.9645,0.9575806606070341
4.965,0.7656434080879078
4.9655,0.9064366496778875
4.966,1.0270841258231256
4.9665,1.2168583181897608
4.967,1.303394137750842
4.9675,1.4075332681821575
4.968,1.5311805373023604
4.9685,1.3980976958042914
4.969,1.4117486789643592
4.9695,1.2317093930693628
4.97,1.3377165162095768
4.9705,1.0191880224328784
4.971,1.227466174551603
4.9715,1.1068145932766407
4.972,1.1411362516560193
4.9725,0.8905557036411051
4.973,0.9095266717467546
4.9735,0.8789886228759634
4.974,0.9538962080717337
4.9745,0.9106505159309463
4.975,1.2265394694831044
4.9755,1.1258412614821944
4.976,1.3485497192553242
4.9765,1.2966504818052518
4.977,1.5081529692643867
4.9775,1.3972754539166774
4.978,1.3268949630636013
4.9785,1.3681828853917173
4.979,1.1485429697469394
4.9795,1.2067539031962435
4.98,1.105897656488369
4.9805,1.0235688196595571
4.981,1.0861608550977155
4.9815,1.1055194282421419
4.982,0.8464726968269333
4.9825,1.0341639358075232
4.983,1.1057580723544864
4.9835,1.259636228556746
4.984,1.388737227807099
4.9845,1.4146775554399265
4.985,1.1038031354147404
4.9855,1.5712162642466185
4.986,1.2740896778502748
4.9865,1.246878910347319
4.987,1.1957216198717213
4.9875,1.1028475248699008
4.988,1.168729573808221
4.9885,1.0869928243436342
4.989,0.9472458635405545
4.9895,0.9596624551522926
4.99,0.8968683934192792
4.9905,1.007280907165146
4.991,0.8644343024812158
4.9915,1.055439230033473
4.992,1.3611991210207501
4.9925,1.3477635424335763
4.993,1.3825857757321645
4.9935,1.406201809407935
4.994,1.3969847601352363
4.9945,1.3206907204858165
4.995,1.242331085815833
4.9955,1.1139934388804122
4.996,1.2598484571258841
4.9965,1.2744536175423933
4.997,0.8903889788054065
4.9975,0.8501353382780016
4.998,1.0377367452320936
4.9985,1.0668699987581545
4.999,0.7345952632869333
4.9995,1.1339947662064542
5.0,1.3637879886447943
5.0005,1.2613076573378463
5.001,1.6104536222317476
5.0015,1.4723102072164145
5.002,1.49401266130284
5.0025,1.3225872685251145
5.003,1.4186710051582216
5.0035,1.3416135704450354
5.004,1.3899383711725308
5.0045,1.3272107831858324
5.005,1.1357580661523412
5.0055,1.3804292474258428
5.006,1.1279966330433633
5.0065,0.9888206999958569
5.007,0.8273585582479084
5.0075,0.8352588902986203
5.008,0.9668278543549941
5.0085,1.1706552891845459
5.009,1.5392576843393704
5.0095,1.5342118412973043
5.01,1.4384896189480827
5.0105,1.4416808454233216
5.011,1.3553258982838823
5.0115,1.3885809991666718
5.012,1.1674146641478573
5.0125,1.253740774416463
5.013,1.2122576677212389
5.0135,1.0440785741424767
5.014,1.2152376663036992
5.0145,0.9527075475610673
5.015,0.8384237960375103
5.0155,1.0373026433658648
5.016,1.0414301028114508
5.0165,1.2143178449538554
5.017,1.2076856388907105
5.0175,1.5304496485084447
5.018,1.7276234733391234
5.0185,1.3763851351197034
5.019,1.4799226087092947
5.0195,1.2892767553387545
5.02,1.5696651841891558
5.0205,1.378167912760135
5.021,1.2480735976399566
5.0215,1.0563493066463108
5.022,1.0201032941488093
5.0225,1.1173650744025823
5.023,0.8384197509325496
5.0235,0.813965133006617
5.024,0.9855492015495608
5.0245,1.1029109926646254
5.025,1.275085180044406
5.0255,1.3406407592222427
5.026,1.5815068025462535
5.0265,1.4408929147995173
5.027,1.562136121490642
5.0275,1.4528019271867552
5.028,1.4154673899796262
5.0285,1.4131561081008284
5.029,1.208674308353021
5.0295,1.1537331129595987
5.03,1.0044737789375264
5.0305,0.904279077918145
5.031,1.0118542271883662
5.0315,0.9604960140894229
5.032,0.8548883820532738
5.0325,0.9375169425124174
5.033,1.299981392295809
5.0335,1.3878503663626782
5.034,1.311549034812471
5.0345,1.4773867730497738
5.035,1.5764807334106528
5.0355,1.4286096464677092
5.036,1.3361500641521433
5.0365,1.3106010475543448
5.037,1.400139444160982
5.0375,1.3726189902206969
5.038,1.144337531798517
5.0385,1.210578600624861
5.039,1.0912775928777563
5.0395,0.9168450117696431
5.04,0.9433160403100403
5.0405,0.8608353055349798
5.041,1.1874481521354119
5.0415,1.3638009175418992
5.042,1.3200902417579878
5.0425,1.4192078730123165
5.043,1.6506603333913914
5.0435,1.659014752109475
5.044,1.3677016638736559
5.0445,1.3875526924198178
5.045,1.3292671683799593
5.0455,1.2114891007528665
5.046,1.2927273735989726
5.0465,1.1433107864818037
5.047,1.098753668807442
5.0475,1.0665744234684142
5.048,0.8596327048804884
5.0485,0.7751987055351152
5.049,1.1101570463180652
5.0495,1.0490956420034367
5.05,1.484020638577277
5.0505,1.6151215175730684
5.051,1.4720796505513958
5.0515,1.7941046670995107
5.052,1.626242429454456
5.0525,1.3997587750345244
5.053,1.1300045102253273
5.0535,1.3964422319039678
5.054,1.2898906682609028
5.0545,1.2954124001409246
5.055,1.182745469349965
5.0555,1.0239888081431636
5.056,1.0188222004788823
5.0565,1.0738619987337346
5.057,0.9598846083801368
5.0575,1.0202848037277066
5.058,1.02726994956681
5.0585,1.3408308167265188
5.059,1.3578313953912595
5.0595,1.6446583161686523
5.06,1.4935225119456432
5.0605,1.4926032713788477
5.061,1.6642024569665155
5.0615,1.344417066217216
5.062,1.2775278844594664
5.0625,1.3434150123323008
5.063,1.069590731345747
5.0635,1.3196986719325792
5.064,1.221265383637766
5.0645,1.0999235266880643
5.065,0.6649795366857693
5.0655,0.9908381809468546
5.066,0.9732302989166652
5.0665,1.3501911917601146
5.067,1.4954818118956716
5.0675,1.551845151715362
5.068,1.4536671915470647
5.0685,1.7154546277841114
5.069,1.4813888358869456
5.0695,1.6112120846855118
5.07,1.3898620875888685
5.0705,1.3672533469786299
5.071,1.2359469203139737
5.0715,1.381690270562137
5.072,1.2411526696501352
5.0725,1.2483664618462678
5.073,1.0534996269002352
5.0735,1.003183644280479
5.074,1.1047221397178026
5.0745,1.2940960905487453
5.075,1.3987554700488412
5.0755,1.4581405870926714
5.076,1.3632177740795273
5.0765,1.6672806795947528
5.077,1.4144867727622699
5.0775,1.4934915534187156
5.078,1.4021402198021242
5.0785,1.2112047482123596
5.079,1.3491917912103715
5.0795,1.4927129460334718
5.08,1.1991970061727926
5.0805,1.2396135013934415
5.081,1.3215664732222092
5.0815,1.1137528368079121
5.082,0.9549507224046488
5.0825,1.1039596884758034
5.083,1.2510360626545989
5.0835,1.4986582968311186
5.084,1.6138117371895522
5.0845,1.2990144234809642
5.085,1.5043232956428563
5.0855,1.5379953083835776
5.086,1.3689119446129328
5.0865,1.0275132396587823
5.087,1.2712818947795035
5.0875,1.3065597221538463
5.088,1.2174651329201873
5.0885,1.116607960698751
5.089,1.1475093889720718
5.0895,1.1030848692275157
5.09,0.9769325856422211
5.0905,1.1748612224399884
5.091,1.1269995055044146
5.0915,1.1711431241605101
5.092,1.298087974198583
5.0925,1.511864409132882
5.093,1.7052380326103949
5.0935,1.5033736347671016
5.094,1.5867190616872047
5.0945,1.4594449265798912
5.095,1.5817582670266812
5.0955,1.374505857724143
5.096,1.2308587317343347
5.0965,1.3331307548010558
5.097,1.2756049313724116
5.0975,1.0824632821546152
5.098,0.9372259530820399
5.0985,1.0791632656056622
5.099,1.0690243995194046
5.0995,1.0154416215794273
5.1,1.3395788818541032
5.1005,1.3974531378252757
5.101,1.414002455939723
5.1015,1.5674416343867943
5.102,1.7028478288950064
5.1025,1.6267827011805402
5.103,1.5241638614268065
5.1035,1.3954623148893324
5.104,1.3868636344134193
5.1045,1.3022724588162857
5.105,1.134863104944507
5.1055,1.0871691845154552
5.106,1.0397558669266824
5.1065,1.181885952084627
5.107,1.141144152273628
5.1075,0.9860914207230635
5.108,1.2218985206502186
5.1085,1.3283974936080163
5.109,1.4900572049214913
5.1095,1.5353378709501113
5.11,1.7432305816252724
5.1105,1.5556027943340398
5.111,1.5043291042982003
5.1115,1.4319978102391362
5.112,1.2528926655057693
5.1125,1.3293779706555036
5.113,1.3876025218503947
5.1135,1.3747235945725178
5.114,1.0395081706173386
5.1145,0.927616768567637
5.115,1.040480272904727
5.1155,1.1588533793695892
5.116,1.1672083501249484
5.1165,1.3361172030912638
5.117,1.2840819856662224
5.1175,1.485299521701967
5.118,1.3833929480906755
5.1185,1.5803728833364725
5.119,1.3193589724144925
5.1195,1.5916754881256627
5.12,1.546107145971815
5.1205,1.3575047130823836
5.121,1.1571530066070412
5.1215,1.3045630330674753
5.122,1.3917826619273694
5.1225,1.1767730283223303
5.123,1.178927160970897
5.1235,0.9836143285775046
5.124,0.9818906057645114
5.1245,1.1661165237408757
5.125,1.1273294645058038
5.1255,1.6932013940793587
5.126,1.5849344447089126
5.1265,1.6945038002609634
5.127,1.533344590666652
5.1275,1.3563734591485268
5.128,1.576541550420667
5.1285,1.2603661085190696
5.129,1.36617042856759
5.1295,1.3404844892819991
5.13,1.2562965460098434
5.1305,1.1025592599670722
5.131,1.0885739958613108
5.1315,0.9495730518629683
5.132,1.1169856567802496
5.1325,1.1535912941254431
5.133,1.216541113008444
5.1335,1.3137094470420683
5.134,1.7179497998061024
5.1345,1.460150804685258
5.135,1.4493794037288705
5.1355,1.5502363410874738
5.136,1.4576163421210422
5.1365,1.5198020179157306
5.137,1.420517224560178
5.1375,1.3214751595696401
5.138,1.3311687218900863
5.1385,1.275199288035025
5.139,1.363937688467351
5.1395,1.1038697402271236
5.14,0.9649798075623465
5.1405,1.0663696813237504
5.141,0.867730012393314
5.1415,1.2629364550125464
5.142,1.527283187658137
5.1425,1.6003592576963297
5.143,1.6302669746716931
5.1435,1.6567175137718724
5.144,1.6430433109049576
5.1445,1.5976343494869585
5.145,1.431837361134025
5.1455,1.308061212943337
5.146,1.073055480186155
5.1465,1.360571999610396
5.147,1.2529182413150945
5.1475,1.1397598821425299
5.148,0.9866841243705773
5.1485,1.1234728239825458
5.149,1.0378811880302943
5.1495,1.1641204032317705
5.15,1.3085279230385376
5.1505,1.5056716158606696
5.151,1.4497675102527057
5.1515,1.6575105777508794
5.152,1.5006033694185945
5.1525,1.43506663047512
5.153,1.515217398310004
5.1535,1.265775324785562
5.154,1.411901830613769
5.1545,1.2983530281028828
5.155,1.0758837116501208
5.1555,1.3090451863867214
5.156,1.1259127890792022
5.1565,1.0751115384764598
5.157,1.1276839071695666
5.1575,1.2370217951612714
5.158,1.2292188646166629
5.1585,1.4224802221022068
5.159,1.5343159621093532
5.1595,1.5458226510270012
5.16,1.4350225652636168
5.1605,1.5692283044565918
5.161,1.610388116947016
5.1615,1.4572248589579404
5.162,1.2377860214974499
5.1625,1.4166729334671413
5.163,1.238362018975167
5.1635,1.0057305319025456
5.164,1.2430996249961586
5.1645,0.971499871391668
5.165,1.1984426896598988
5.1655,1.1483575438846243
5.166,1.0936574706284437
5.1665,1.2987559693507769
5.167,1.64677543234772
5.1675,1.6263205814008503
5.168,1.6101913467944744
5.1685,1.8664504681215406
5.169,1.5299992873785841
5.1695,1.4985986513963876
5.17,1.2785598239238651
5.1705,1.1570736411794353
5.171,1.260285018192346
5.1715,1.251038035985232
5.172,1.2185525357089995
5.1725,0.9665312553452048
5.173,1.1053580031350339
5.1735,0.9275078781761155
5.174,1.1078552312690448
5.1745,1.2442210413706958
5.175,1.257531130319555
5.1755,1.3470499597040748
5.176,1.7015318846792484
5.1765,1.670874364713114
5.177,1.5700098220147765
5.1775,1.6324026867435633
5.178,1.4167261148896788
5.1785,1.2847283607351012
5.179,1.2046833871686797
5.1795,1.2585282758254743
5.18,1.2987718451618364
5.1805,1.2922592651496911
5.181,1.0777222744575075
5.1815,1.1372941457313506
5.182,0.9856150769653261
5.1825,0.9888226921132891
5.183,1.058168848351292
5.1835,1.2896135158587074
5.184,1.3496204839034762
5.1845,1.7601530954179245
5.185,1.6161928271787294
5.1855,1.5168769141279719
5.186,1.6232029629156686
5.1865,1.2469802792734657
5.187,1.3089373673724634
5.1875,1.4848201929526028
5.188,1.2326465760066054
5.1885,1.4371665899117931
5.189,1.1972331769473685
5.1895,1.1738062244478695
5.19,1.1308481857997412
5.1905,1.0105433607192074
5.191,1.0442341179491543
5.1915,1.2177097378318402
5.192,1.2819409394800527
5.1925,1.4957919698924649
5.193,1.5618178313385869
5.1935,1.7221653234650076
5.194,1.5530961349285313
5.1945,1.6520278913382314
5.195,1.1313982607749724
5.1955,1.1778362272897078
5.196,1.228350313170541
5.1965,1.371091795574772
5.197,1.1491401029069046
5.1975,0.9360248539829754
5.198,0.9889058513162607
5.1985,0.8647438966886212
5.199,0.8814071063954082
5.1995,1.3242306935389747
5.2,1.2353733436069225
5.2005,1.4340330504857197
5.201,1.5109920044501888
5.2015,1.5313901151490712
5.202,1.4435395114587197
5.2025,1.427127853815646
5.203,1.4145939524666993
5.2035,1.4609532201671613
5.204,1.371749002681461
5.2045,1.1193956826466445
5.205,1.2922906654516975
5.2055,1.1725093260914843
5.206,0.9844270070666588
5.2065,1.0055660138362152
5.207,1.0354933168459481
5.2075,1.0427594302953649
5.208,1.2077463518924532
5.2085,1.2247156103124874
5.209,1.646395137975818
5.2095,1.3367528329414355
5.21,1.600382512482235
5.2105,1.5333049541631945
5.211,1.4853445148995394
5.2115,1.2762757324124374
5.212,1.4093366558048426
5.2125,1.2436807918009305
5.213,1.097917122327002
5.2135,1.0523553106892463
5.214,1.1003586951874198
5.2145,0.8526425497137005
5.215,1.1463571640749028
5.2155,1.0840911247113558
5.216,1.2444248492386711
5.2165,1.369951738514791
5.217,1.3138708915245012
5.2175,1.3837556349878029
5.218,1.2626557173768143
5.2185,1.4806684434810038
5.219,1.6382606255136298
5.2195,1.3007858561171368
5.22,1.2940446386054243
5.2205,1.2116481969593675
5.221,1.2688308233884977
5.2215,1.3177804023592001
5.222,0.973390758393857
5.2225,0.9151296433760854
5.223,1.12906700847804
5.2235,1.0246854284652036
5.224,0.9615962622855367
5.2245,1.2617117519055918
5.225,1.1005791506857743
5.2255,1.4762804881203317
5.226,1.479800093659201
5.2265,1.583426546159247
5.227,1.2550204410761188
5.2275,1.3981499056257938
5.228,1.420479234501475
5.2285,1.2785874013642327
5.229,1.3682688754527987
5.2295,1.3291208099330878
5.23,1.0631246321682557
5.2305,1.1728153556506298
5.231,0.9129917654527344
5.2315,0.9580264984198157
5.232,1.0090571706718758
5.2325,0.9196180614647151
5.233,1.2034207060274644
5.2335,1.2253964378013895
5.234,1.353880097485915
5.2345,1.5651023252722567
5.235,1.4236754126391518
5.2355,1.372541168120928
5.236,1.4896840747746303
5.2365,1.3224103667659617
5.237,1.1113718799899945
5.2375,1.3043362736436923
5.238,1.1400995777732663
5.2385,0.9856853217422692
5.239,0.8012376300716972
5.2395,1.066649129372502
5.24,0.8442612321593789
5.2405,0.8186958913292305
5.241,1.0894983966575678
5.2415,1.242143998779521
5.242,1.2340458716419398
5.2425,1.5255878979353927
5.243,1.699499581270181
5.2435,1.6194789773822833
5.244,1.5442667746505245
5.2445,1.378395932477268
5.245,1.2340248335601691
5.2455,1.2248257967113074
5.246,1.2386653611299692
5.2465,1.02663279384745
5.247,1.0135393005241695
5.2475,0.8702529679008868
5.248,0.9670009328901644
5.2485,0.9227193824668329
5.249,0.8852581434826025
5.2495,1.1360089911683708
5.25,1.0955399634070067
5.2505,1.2770574553516043
5.251,1.5275236384616342
5.2515,1.5784675877853305
5.252,1.3769451090682054
5.2525,1.4101762782753422
5.253,1.231641784637431
5.2535,1.2278820569294973
5.254,1.2197925386515367
5.2545,1.2256222178806908
5.255,1.1533592472363718
5.2555,1.0803332137902608
5.256,0.8669891011586268
5.2565,0.9540150136456568
5.257,0.961096245960711
5.2575,1.0345696210337187
5.258,1.015291810551207
5.2585,1.3299937225094056
5.259,1.2427184002029699
5.2595,1.4138378161364118
5.26,1.4421950530000904
5.2605,1.2974513940805488
5.261,1.3189597676619176
5.2615,1.296161435736202
5.262,1.0366630808191488
5.2625,1.1417590258181165
5.263,0.9683760772534878
5.2635,1.292599226858364
5.264,1.035680650921941
5.2645,0.9513582133260027
5.265,0.9159346341584852
5.2655,0.9660148361416971
5.266,1.0858656347560613
5.2665,0.9677125947016363
5.267,1.406289672271348
5.2675,1.5214361748107545
5.268,1.4499209931730799
5.2685,1.435502176627467
5.269,1.0774658891621904
5.2695,1.185184793262739
5.27,1.2929039329361927
5.2705,1.3131214374121067
5.271,1.2301445940390414
5.2715,1.107508070218561
5.272,1.2457877071591579
5.2725,1.0762973140217424
5.273,0.866881705836978
5.2735,1.0954389026373796
5.274,0.8037593719835882
5.2745,0.8696568389445902
5.275,1.120807421962518
5.2755,1.2331325064845569
5.276,1.3759725201307764
5.2765,1.5284303286200864
5.277,1.4161970382890408
5.2775,1.349263081699136
5.278,1.2785696614757314
5.2785,0.9795955167648589
5.279,1.0171426411805404
5.2795,1.0943636515895303
5.28,1.0006703817736164
5.2805,0.9932503294186925
5.281,1.0787174980309293
5.2815,0.8712631942904618
5.282,0.7373501926344161
5.2825,0.8500014400205139
5.283,1.2219960528940896
5.2835,1.355440007541681
5.284,1.3978473264110767
5.2845,1.264552696273272
5.285,1.4643739277798207
5.2855,1.4260750078553583
5.286,1.3146658325355292
5.2865,1.1811625449223582
5.287,1.147198279379176
5.2875,1.081549649312602
5.288,0.9930756511926535
5.2885,1.1894860159696972
5.289,1.0671812039488624
5.2895,0.8748784478796459
5.29,0.892620440687397
5.2905,0.9092887831996926
5.291,1.187176422256198
5.2915,1.176246156086385
5.292,1.323754943395726
5.2925,1.3657439657935435
5.293,1.3782930056779719
5.2935,1.550914721048685
5.294,1.4183281046288536
5.2945,1.1920802796560654
5.295,1.2519492318060677
5.2955,1.2424362364500106
5.296,0.913411465344734
5.2965,0.9886716317809346
5.297,1.0554060779898555
5.2975,0.7493625553844769
5.298,0.6957812687241018
5.2985,0.816414148350652
5.299,0.9288667867423455
5.2995,1.037060606484208
5.3,1.2877057249938348
5.3005,1.2838784770150886
5.301,1.341965031443408
5.3015,1.2847603189203567
5.302,1.348118943426254
5.3025,1.3879453932517356
5.303,1.3151743974136236
5.3035,1.2046195514996638
5.304,1.1908266475925098
5.3045,1.2280977586148387
5.305,1.0601745137727507
5.3055,1.1209657482156405
5.306,0.8335667522144362
5.3065,0.8394290716129454
5.307,0.789658240750793
5.3075,0.9768822549582583
5.308,0.9179173655291368
5.3085,1.1385696826294514
5.309,1.1209770665086425
5.3095,1.4490544938624812
5.31,1.527320324118335
5.3105,1.4478571615455025
5.311,1.3625900683440226
5.3115,1.2914548275267919
5.312,1.2229187561646708
5.3125,1.1765867485082622
5.313,1.1452396948009704
5.3135,0.9572247708387639
5.314,0.9289778689670702
5.3145,0.8805859270265861
5.315,0.7941663015822964
5.3155,0.6841671040975088
5.316,0.8000128746619243
5.3165,1.0827600994091342
5.317,1.301777419140559
5.3175,1.3339516969368965
5.318,1.6694401660698093
5.3185,1.2920421040468182
5.319,1.3691229613526656
5.3195,1.3758369174261948
5.32,1.2849679147530015
5.3205,1.1961984968167512
5.321,1.2021718037783289
5.3215,1.0587603530113099
5.322,1.1578882319900774
5.3225,1.042756000260107
5.323,0.7599650512990225
5.3235,0.8485736384802398
5.324,0.6981033841062765
5.3245,1.1087470443924607
5.325,1.1253411047780308
5.3255,1.3841488913199362
5.326,1.3420824541934608
5.3265,1.2038268195429818
5.327,1.624446183183874
5.3275,1.3046004946963519
5.328,1.1143529603920432
5.3285,1.267379001290814
5.329,1.3145204807373227
5.3295,1.0552106548154552
5.33,1.0178946160976334
5.3305,0.983387453962814
5.331,0.7706617505620993
5.3315,0.7533981863410298
5.332,0.9918212421204353
5.3325,0.8604594785926973
5.333,0.9118607264147925
5.3335,1.1019758255880228
5.334,1.390844970738013
5.3345,1.1688301076625218
5.335,1.4050951373873422
5.3355,1.5801839407034057
5.336,1.4617970192511613
5.3365,1.2423871589299582
5.337,1.2623352568437414
5.3375,1.2237618455770485
5.338,1.0428864590560878
5.3385,1.093587817714393
5.339,1.10636396799634
5.3395,0.7258876771415543
5.34,0.8642988921950694
5.3405,0.8560381231115842
5.341,0.9131190794495697
5.3415,1.0407118407136189
5.342,1.2140508222576905
5.3425,1.3444574990794929
5.343,1.4849018531751759
5.3435,1.4119525144353253
5.344,1.2873249241796656
5.3445,1.1434102530290773
5.345,1.1120443616802898
5.3455,1.1379002546559913
5.346,1.0058353356991192
5.3465,1.129309537976509
5.347,1.0163121205132064
5.3475,1.0107057408409237
5.348,0.7634258728040137
5.3485,0.7156378419750267
5.349,0.9489750112708956
5.3495,0.9523089516222009
5.35,1.0656215051541242
5.3505,1.3023034352285947
5.351,1.402540093251313
5.3515,1.2474660026781754
5.352,1.482975238418786
5.3525,1.2344653722676768
5.353,1.368603814819636
5.3535,1.0038904817341163
5.354,1.1273322090059723
5.3545,1.0417655235116272
5.355,0.8153847612516933
5.3555,1.0107097890481866
5.356,0.6748886409084682
5.3565,0.7790397156885547
5.357,0.9100161774644113
5.3575,0.8068555564610093
5.358,0.8916416443006073
5.3585,1.213834437901299
5.359,1.2454502412263422
5.3595,1.312974459189986
5.36,1.4944117268866781
5.3605,1.2047387253071
5.361,1.200457258004062
5.3615,1.2596619878970545
5.362,0.9956703208410012
5.3625,1.2590121151022542
5.363,1.0224096724279033
5.3635,1.0774089657010806
5.364,1.0038224430242864
5.3645,0.8263342684536193
5.365,0.7482580754004304
5.3655,0.8053463405038863
5.366,0.9640504149208954
5.3665,0.9308129213918406
5.367,1.060992784808353
5.3675,1.4519836707995413
5.368,1.290446605432302
5.3685,1.3908302537357613
5.369,1.2762423595463106
5.3695,1.2031957552925268
5.37,1.2941375564969304
5.3705,1.0953070730743206
5.371,1.0330308349676203
5.3715,1.0002522997258834
5.372,0.9156940907398198
5.3725,0.8223088346033974
5.373,0.7705598702022527
5.3735,0.9584945064645933
5.374,0.9001794426450268
5.3745,0.8986878071657922
5.375,1.1781655634616808
5.3755,1.0680778952036871
5.376,1.4685562246234776
5.3765,1.4973847172355623
5.377,1.5632046394806722
5.3775,1.3719556655543916
5.378,1.2378540483053917
5.3785,1.2621222708107627
5.379,1.0290087394878795
5.3795,1.0170179869536582
5.38,1.0029505189738555
5.3805,1.0784788351485841
5.381,0.7786312482232007
5.3815,0.7091721419820461
5.382,0.8206496291506836
5.3825,0.9292547795784206
5.383,0.9095850546486408
5.3835,1.1989541997935904
5.384,1.4055912295082191
5.3845,1.472111547552164
5.385,1.401062461952314
5.3855,1.3114633328047303
5.386,1.4192726961756232
5.3865,1.1740859034248343
5.387,1.212664622289954
5.3875,1.2773055470471781
5.388,1.1278571249612133
5.3885,0.8907188870836312
5.389,0.7933842980312629
5.3895,0.8127436099724248
5.39,0.8682884930012188
5.3905,0.8555364338389057
5.391,1.1151409476945662
5.3915,1.0748474208925327
5.392,1.150696469216035
5.3925,1.1925866126329505
5.393,1.4845686586280986
5.3935,1.3576438326582612
5.394,1.1489120636944286
5.3945,1.2245066858910798
5.395,1.0550580013214663
5.3955,1.065028248296613
5.396,1.073335283566431
5.3965,0.9409431692865464
5.397,0.9217489318784446
5.3975,0.8196114654171909
5.398,0.7537151248937696
5.3985,0.6965446795612158
5.399,0.7861608834135637
5.3995,0.8493777281947734
5.4,1.144531629642031
5.4005,1.2529833745995698
5.401,1.4567986406560214
5.4015,1.5631105925607516
5.402,1.4141069778773139
5.4025,1.3227943190792977
5.403,1.2754309949468243
5.4035,1.187165079775734
5.404,1.1043385788658118
5.4045,1.0615867080072547
5.405,0.9153980335177739
5.4055,1.0339027198521837
5.406,0.8697394057267865
5.4065,0.9592093917477292
5.407,0.8976176231018004
5.4075,0.804243448313454
5.408,1.114127398256006
5.4085,0.8856313132253246
5.409,1.4717945105789338
5.4095,1.2284686320323097
5.41,1.42571892087836
5.4105,1.3739655649125877
5.411,1.369008759690846
5.4115,1.1508280330633098
5.412,0.9154545516125547
5.4125,1.060350425959403
5.413,1.034240026195554
5.4135,0.7975584027705592
5.414,0.9340965100295366
5.4145,0.7474168704888248
5.415,0.8749647594469119
5.4155,0.7993892410878247
5.416,1.1037027854259882
5.4165,1.0191051508117273
5.417,1.2400810822901487
5.4175,1.298434640490322
5.418,1.2182381279834846
5.4185,1.3520371845793528
5.419,1.3893438547693042
5.4195,1.2971734454145276
5.42,1.1402156669265493
5.4205,0.9770432162957863
5.421,1.1525043765504137
5.4215,1.0889670620275933
5.422,1.0706242468462275
5.4225,0.8825978026732185
5.423,0.673205268211488
5.4235,0.8671339426500426
5.424,0.8501460986500948
5.4245,1.0948501709624905
5.425,1.1057912639193932
5.4255,1.2456112714411482
5.426,1.3965163237584368
5.4265,1.3324193829138242
5.427,1.2997409208422253
5.4275,1.2861331807715635
5.428,1.1276500879523774
5.4285,1.1360957406695524
5.429,1.3119787769747582
5.4295,1.187690827585752
5.43,1.0674804132374813
5.4305,1.1244927481001965
5.431,0.8098954404106843
5.4315,1.0830187802564617
5.432,0.7799714369829086
5.4325,1.0873364268185486
5.433,1.2097146016074172
5.4335,0.986896505955982
5.434,1.4461922927966024
5.4345,1.3548297351601977
5.435,1.3405138682348334
5.4355,1.4049854598160438
5.436,1.177337088232482
5.4365,1.2555819690371148
5.437,1.0578036402020223
5.4375,1.1328551141838032
5.438,1.2119508918363846
5.4385,1.0635773050561064
5.439,0.9162167408800671
5.4395,0.9319674306555064
5.44,0.6924193738309139
5.4405,0.7633082253813939
5.441,0.8879484044090444
5.4415,1.1469742560629848
5.442,1.2613712170092641
5.4425,1.397190055987967
5.443,1.401939599991317
5.4435,1.317991765260593
5.444,1.4872868267361765
5.4445,1.1918461533504354
5.445,1.2362748079702228
5.4455,1.1365132931181965
5.446,1.1695382359307498
5.4465,1.0118245833345374
5.447,1.1170792318822993
5.4475,1.0735376362549254
5.448,0.9666473317341165
5.4485,0.8555631650561134
5.449,0.833759962666265
5.4495,1.2642734533208186
5.45,1.0303033152487049
5.4505,1.3649950042569554
5.451,1.4149486791532773
5.4515,1.4129022232493416
5.452,1.40997736087049
5.4525,1.2722697732121135
5.453,1.2899258109816814
5.4535,1.218377128605913
5.454,1.413636118102321
5.4545,1.2185154933900981
5.455,1.116427270045679
5.4555,1.0551987340361308
5.456,1.104810961486821
5.4565,0.7655574855145335
5.457,0.8365258359972072
5.4575,0.7251703129651792
5.458,1.0947298343003156
5.4585,1.2762636617777416
5.459,1.2292973663561715
5.4595,1.5562492774652241
5.46,1.3550885091025167
5.4605,1.3480846280803123
5.461,1.3200378233966363
5.4615,1.39489614511461
5.462,1.0962980046143103
5.4625,1.1746458525678167
5.463,1.1864104198516512
5.4635,1.1124213904354872
5.464,1.043520507614243
5.4645,0.9848952733138467
5.465,0.8086472632945161
5.4655,1.0471564005213232
5.466,0.9511753378978821
5.4665,1.075348791369042
5.467,1.3871265435646818
5.4675,1.3123164008128416
5.468,1.4685311246221637
5.4685,1.3564682354242186
5.469,1.6224719385492536
5.4695,1.5246861641625014
5.47,1.2156627473037818
5.4705,1.2321448512086381
5.471,1.146312437641301
5.4715,1.0701837482509904
5.472,1.0565606684940483
5.4725,0.9645499971579743
5.473,0.7484615731218527
5.4735,0.8992279460593928
5.474,0.9062785648154374
5.4745,1.0466267566589638
5.475,1.155166182898249
5.4755,1.2743967379414425
5.476,1.5028249309946438
5.4765,1.5062369228900134
5.477,1.5649357592894477
5.4775,1.4067353526129933
5.478,1.2615304431921148
5.4785,1.2825407983852948
5.479,0.9820758207392162
5.4795,1.3561633239280946
5.48,1.1267334361484673
5.4805,1.2506378645388863
5.481,0.8685637659218379
5.4815,0.7855669536405233
5.482,0.9262026923796818
5.4825,0.9870454509322185
5.483,1.1076708585335269
5.4835,1.2451076066367783
5.484,1.3012077388111336
5.4845,1.2994497751781404
5.485,1.4906162471719746
5.4855,1.2894761317568397
5.486,1.205862306843723
5.4865,1.232971444995544
5.487,1.2608168084064122
5.4875,1.3800037879208613
5.488,1.2426314899340827
5.4885,1.2347458265988167
5.489,1.0842656301778
5.4895,0.9814176253814387
5.49,1.1507520942007214
5.4905,0.7822114886471064
5.491,0.9571495496098473
5.4915,1.1024601851644393
5.492,1.3780250620726948
5.4925,1.3138601610096938
5.493,1.5492689627443674
5.4935,1.5231958866857747
5.494,1.4884173752988406
5.4945,1.409930918777107
5.495,1.4171588930893153
5.4955,1.2119290074315316
5.496,1.2355483553497237
5.4965,1.0681767127603254
5.497,0.9849523464172243
5.4975,1.1819722784807931
5.498,0.8562391690188779
5.4985,0.9740215723908675
5.499,1.0006174404081694
5.4995,1.1699492055121639
5.5,1.03417993513985
5.5005,1.4366695831757703
5.501,1.4466836389008324
5.5015,1.430118723458175
5.502,1.437467201069413
5.5025,1.49818767868391
5.503,1.391692204288576
5.5035,1.2453760128829896
5.504,1.1035566891926132
5.5045,1.076295586583593
5.505,1.2119760865665896
5.5055,0.9418171433422005
5.506,0.9811019193716376
5.5065,1.202876309229275
5.507,0.9730300818502838
5.5075,1.062487083620901
5.508,1.0052271128760542
5.5085,1.1412916722596005
5.509,1.4811096224541742
5.5095,1.4572677510741332
5.51,1.617189085441316
5.5105,1.469581070275432
5.511,1.736736817131765
5.5115,1.2613439505829582
5.512,1.294207593310375
5.5125,1.139357569546126
5.513,1.2954570911918046
5.5135,1.183016614545106
5.514,0.9703180780412157
5.5145,0.9605361788020251
5.515,1.0848822858432072
5.5155,1.0871855559511001
5.516,0.9045409811693037
5.5165,1.1368780493145743
5.517,1.5182932945397618
5.5175,1.4424902432746785
5.518,1.5387228883415978
5.5185,1.6153616997641973
5.519,1.3212855574804858
5.5195,1.2838379751308024
5.52,1.2783346699078044
5.5205,1.3846670269306283
5.521,1.3318393981621406
5.5215,1.2611126909520147
5.522,1.114792906759345
5.5225,1.1656945976024518
5.523,0.9694044476204573
5.5235,1.0148733187180619
5.524,1.0858699725721597
5.5245,1.2692513324613568
5.525,1.2414495808666375
5.5255,1.358332266909337
5.526,1.6289996842120829
5.5265,1.6742596439654118
5.527,1.4551342368959568
5.5275,1.3308864861335956
5.528,1.4873059280333714
5.5285,1.1407835655486671
5.529,1.0949274000093803
5.5295,1.2030113546606633
5.53,1.183557126125658
5.5305,1.0001840708826943
5.531,1.0516380768330174
5.5315,0.997895311040025
5.532,0.9154579050422325
5.5325,1.2279733304159506
5.533,1.1906121275669737
5.5335,1.413115291984788
5.534,1.292088423417584
5.5345,1.3751373969166196
5.535,1.581886725309925
5.5355,1.676740517845779
5.536,1.3160260177954337
5.5365,1.3587632905827915
5.537,1.1675637311580946
5.5375,1.1826166000473095
5.538,1.2371933454585566
5.5385,1.1152623698251405
5.539,0.9613663778486436
5.5395,0.8848767919567773
5.54,0.7844226816886414
5.5405,1.0349171046561523
5.541,1.130900730963377
5.5415,1.2678090569309526
5.542,1.2702299701289004
5.5425,1.5847109333240694
5.543,1.6158787563776238
5.5435,1.5381292986759656
5.544,1.463459929737058
5.5445,1.3374456123914715
5.545,1.3543771905598743
5.5455,1.4502915086501973
5.546,1.3679148657518723
5.5465,1.1876842776273422
5.547,1.206641889520501
5.5475,0.9665656914998227
5.548,1.081545650843599
5.5485,0.8977583182662442
5.549,1.087355365781926
5.5495,1.420035169962087
5.55,1.2135329870422755
5.5505,1.7102180559885294
5.551,1.5717910615016129
5.5515,1.4852368042150508
5.552,1.4529393598422469
5.5525,1.700785716113562
5.553,1.4374873526769376
5.5535,1.2710114325273414
5.554,1.266415019668534
5.5545,1.2953538193374428
5.555,1.2047570194790962
5.5555,1.1729644158304526
5.556,1.238885956586414
5.5565,0.890401203683002
5.557,1.0597851778939529
5.5575,1.0490368289938863
5.558,1.1293041237665569
5.5585,1.4389281853277138
5.559,1.3228820260714238
5.5595,1.3161623603840231
5.56,1.5893859034448719
5.5605,1.5083557064412005
5.561,1.312519375344067
5.5615,1.2040192388686808
5.562,1.5146487038396463
5.5625,1.33115429853837
5.563,1.2500814838755345
5.5635,1.414142230650659
5.564,1.2240776285988433
5.5645,1.2244060292546797
5.565,0.8846938932217208
5.5655,0.8950400917819137
5.566,1.1622244450288217
5.5665,1.2792304351737687
5.567,1.515191906736085
5.5675,1.3499652752010358
5.568,1.6443380528582052
5.5685,1.6649520700736407
5.569,1.6012321564699306
5.5695,1.3900055398747804
5.57,1.4151848980622013
5.5705,1.2390068358904687
5.571,1.2526827505855078
5.5715,1.136701078854214
5.572,1.1044427082869726
5.5725,1.079981059756879
5.573,0.9866518322817982
5.5735,0.932008365900495
5.574,0.9152494182101998
5.5745,1.3459516184853915
5.575,1.2470257450025266
5.5755,1.477314763730233
5.576,1.373042429217895
5.5765,1.722006988948565
5.577,1.5750733175564084
5.5775,1.445603523510955
5.578,1.3702027314728595
5.5785,1.4399225822955173
5.579,1.0166319393485024
5.5795,1.194861838141829
5.58,1.2185491755306546
5.5805,1.1499644270290792
5.581,1.3365286857158258
5.5815,0.9937321678621576
5.582,1.1184577523765618
5.5825,1.2614239275171408
5.583,1.2700194529223638
5.5835,1.2878953763756165
5.584,1.3639579445270704
5.5845,1.6505448136007916
5.585,1.7544462732281156
5.5855,1.599594290197758
5.586,1.5937854662603022
5.5865,1.656717100341643
5.587,1.427581171993678
5.5875,1.1968574963232144
5.588,1.2750996777518206
5.5885,1.3533238055585664
5.589,1.1184849473986778
5.5895,1.2193466111836655
5.59,1.0170986072399248
5.5905,1.0711215822873137
5.591,1.0861539598821037
5.5915,1.2742481251561344
5.592,1.4317864492103736
5.5925,1.3723071968170946
5.593,1.549736637998576
5.5935,1.4624216969961101
5.594,1.4864202525486854
5.5945,1.3704728586120176
5.595,1.48361708769976
5.5955,1.4378207050666763
5.596,1.3567107711103041
5.5965,1.132728878803094
5.597,1.188789254561533
5.5975,0.9874451522061694
5.598,1.0388961849198561
5.5985,1.0903018632059303
5.599,1.1618833141344287
5.5995,1.2143811087389527
5.6,1.4399739383564754
5.6005,1.4871280663213249
5.601,1.5422066329248676
5.6015,1.6900193196955657
5.602,1.6652035654920423
5.6025,1.4535593813393486
5.603,1.467386877083063
5.6035,1.3391076884464481
5.604,1.126424433857862
5.6045,1.336418649879857
5.605,1.1159159693868914
5.6055,1.2105417953339688
5.606,0.946943329266407
5.6065,0.9697833367189127
5.607,0.9901151989879898
5.6075,1.2142516540868986
5.608,1.1632079031100329
5.6085,1.2611611125222633
5.609,1.5420017670509407
5.6095,1.5672447939720164
5.61,1.6817174754095752
5.6105,1.456305453104937
5.611,1.5037988120521313
5.6115,1.6565286692985102
5.612,1.3317417870984816
5.6125,1.337195641841548
5.613,1.1152668138678878
5.6135,1.142156567225298
5.614,1.2002617375935454
5.6145,1.0464871180562756
5.615,1.095710110960649
5.6155,1.0904284903757544
5.616,0.9994457611086864
5.6165,1.3696182237457937
5.617,1.2958383934148356
5.6175,1.4660060795481271
5.618,1.625952670223392
5.6185,1.7513239890617656
5.619,1.4353932812860568
5.6195,1.4731777632836478
5.62,1.4062270460640143
5.6205,1.409176361653444
5.621,1.4268133723427787
5.6215,1.2265842412759542
5.622,1.307054330207557
5.6225,1.262231650236355
5.623,1.2388246798089524
5.6235,1.0823231897192869
5.624,1.0847553015831266
5.6245,1.125744277295837
5.625,1.1741013267847586
5.6255,1.438997184682139
5.626,1.5822032136834403
5.6265,1.5968772745809723
5.627,1.6392672427877455
5.6275,1.3652647686936883
5.628,1.4157626403235855
5.6285,1.572253087559815
5.629,1.4308464281609239
5.6295,1.3577950210712726
5.63,1.287969653144263
5.6305,1.1444744978454113
5.631,0.9281301943883377
5.6315,1.0902909935083986
5.632,0.7912250558953939
5.6325,1.063881015114247
5.633,1.2183154373680276
5.6335,1.3258255506710814
5.634,1.7243563158414452
5.6345,1.7727914818106068
5.635,1.7071218867826512
5.6355,1.4659042625430256
5.636,1.6755626074747585
5.6365,1.4719406863227287
5.637,1.2617076130902016
5.6375,1.321794292001095
5.638,1.3769924289619442
5.6385,1.167094829145816
5.639,1.16763527191642
5.6395,1.1101810388955842
5.64,0.9230021006763157
5.6405,1.0195102865651484
5.641,1.0270516962161793
5.6415,1.3530680107251
5.642,1.3271793979898436
5.6425,1.56932121622233
5.643,1.4613957884677704
5.6435,1.4784499099007318
5.644,1.414529535500193
5.6445,1.4261534933691178
5.645,1.4051299331020446
5.6455,1.3761478859137617
5.646,1.1271841660710966
5.6465,1.2458907185067074
5.647,1.126340778983681
5.6475,1.177911782668055
5.648,1.028725640782065
5.6485,1.0188745230866436
5.649,0.989109936762728
5.6495,1.3400273852954432
5.65,1.1857688396318844
5.6505,1.4207130450052547
5.651,1.575390556683029
5.6515,1.5761193453386204
5.652,1.4962986068286999
5.6525,1.3224786475237857
5.653,1.357542498465126
5.6535,1.2693396867449298
5.654,1.4914800497840615
5.6545,1.5146859484917907
5.655,1.2356322187376263
5.6555,1.0321219471921452
5.656,1.1686918269240758
5.6565,0.9375913027557226
5.657,0.9720425707516283
5.6575,1.0242147645869455
5.658,1.159065608974681
5.6585,1.3252794647035542
5.659,1.3658471741145666
5.6595,1.5099080555312019
5.66,1.6953606203394953
5.6605,1.5443804045088223
5.661,1.4850257180314232
5.6615,1.1756667495871107
5.662,1.4393067064474703
5.6625,1.2383687938863321
5.663,1.3817058595975626
5.6635,1.2303605995718034
5.664,1.0851039005734542
5.6645,0.8982589742458484
5.665,1.2378544480908882
5.6655,1.1139049311295708
5.666,1.2027448379636811
5.6665,1.4347027553204386
5.667,1.4267922770051231
5.6675,1.6615598827552307
5.668,1.5385138185413068
5.6685,1.6512929219842276
5.669,1.4552315155403615
5.6695,1.3900312899600589
5.67,1.3818812003752075
5.6705,1.1978056367429915
5.671,1.3220076696246423
5.6715,1.216001406561005
5.672,0.9868701139892314
5.6725,1.0627421714466292
5.673,1.0047851006079542
5.6735,1.0958300770643081
5.674,1.0755015905789076
5.6745,1.2954756297886698
5.675,1.3490929988873301
5.6755,1.3880357459072716
5.676,1.5413310168932466
5.6765,1.548778351592042
5.677,1.6036094742414082
5.6775,1.4915421251217913
5.678,1.3455439790963084
5.6785,1.347639128860808
5.679,1.3509716601614679
5.6795,1.168666035530653
5.68,1.2533006735281373
5.6805,0.9954150340238048
5.681,1.1859283871682065
5.6815,1.068699734014926
5.682,1.169970323677713
5.6825,0.9553228500013502
5.683,1.3021453446128295
5.6835,1.4338155184497359
5.684,1.4582630219275348
5.6845,1.5215375969933649
5.685,1.4637485788987867
5.6855,1.3918574292722212
5.686,1.3758793547337929
5.6865,1.2516294519303093
5.687,1.4822238993210906
5.6875,1.1346476214155168
5.688,1.2619401744897256
5.6885,1.2360557247598378
5.689,1.1544226161979012
5.6895,1.0877424946246106
5.69,1.0919987351992186
5.6905,0.9657908984506861
5.691,1.1018103489777555
5.6915,1.1998976185233363
5.692,1.5108867489362872
5.6925,1.712374850562949
5.693,1.4428650602469806
5.6935,1.3501317396726469
5.694,1.5506817207576726
5.6945,1.5228034239831918
5.695,1.5430504018642013
5.6955,1.3733296324144064
5.696,1.4034629418057925
5.6965,1.387848422460913
5.697,1.3065756000983981
5.6975,1.1709235885644016
5.698,0.8851973386368591
5.6985,0.9836675368802779
5.699,1.0507735451163185
5.6995,1.1143669484540892
5.7,1.266723634490135
5.7005,1.5734405705744428
5.701,1.4446044707980867
5.7015,1.6364449138965842
5.702,1.5592497771754603
5.7025,1.372438075308964
5.703,1.2732102547890003
5.7035,1.1489581816127392
5.704,1.3255631420209246
5.7045,1.2349778910520874
5.705,1.1108596806303495
5.7055,0.937355012495035
5.706,1.0901701973128846
5.7065,0.9699835748575187
5.707,0.9068952512958657
5.7075,0.9416501430480115
5.708,1.1358645021343086
5.7085,1.3580103605786378
5.709,1.4141136351090542
5.7095,1.4108286731095616
5.71,1.5367848946458695
5.7105,1.601183354587411
5.711,1.425076934678774
5.7115,1.353955121806681
5.712,1.2598500572937636
5.7125,1.1655124789122955
5.713,1.1242488745985622
5.7135,0.9956509428417175
5.714,1.206010771942361
5.7145,1.0585401196647022
5.715,0.9745552496559456
5.7155,1.0087572733348409
5.716,1.0956933567759424
5.7165,1.124354760578438
5.717,1.3165353050755302
5.7175,1.423267713514576
5.718,1.7815753872807387
5.7185,1.6233120601159472
5.719,1.4784835684125606
5.7195,1.5201693493799024
5.72,1.4390055625426315
5.7205,1.1290527911111012
5.721,1.2090459799202669
5.7215,1.1875394942569006
5.722,1.188464615043589
5.7225,1.027507967009886
5.723,0.9705518930418073
5.7235,0.9052438582908863
5.724,1.0924278346789065
5.7245,0.946669431440328
5.725,1.1943465621678742
5.7255,1.1987915395618027
5.726,1.3836599602307007
5.7265,1.5544899091951492
5.727,1.5273510812847646
5.7275,1.3929010724111495
5.728,1.4591980775116016
5.7285,1.4203247119336964
5.729,1.2358163646447087
5.7295,1.2319835948583777
5.73,1.1137265504679634
5.7305,1.153104862662401
5.731,0.8928519831731679
5.7315,1.1322084352422612
5.732,1.0574428720139117
5.7325,0.8832537191965653
5.733,1.0458262399209841
5.7335,1.3180568888209068
5.734,1.3781247398588103
5.7345,1.5488971817904584
5.735,1.4713330723058802
5.7355,1.6137058908692303
5.736,1.3863991700418334
5.7365,1.5536101646743299
5.737,1.317051359231547
5.7375,1.0838317019800918
5.738,1.3894093593449264
5.7385,1.2358545511855326
5.739,1.0899838936959454
5.7395,1.0409710452890906
5.74,0.8113483623088364
5.7405,0.7626427574254643
5.741,1.0213831428689926
5.7415,1.299441873063582
5.742,1.3523270558282894
5.7425,1.6052409817156135
5.743,1.626132367478091
5.7435,1.4868735209637587
5.744,1.5435367572636258
5.7445,1.4992425588493827
5.745,1.2703784570048315
5.7455,1.2090368459464944
5.746,1.2086362494970537
5.7465,0.9111932069403982
5.747,1.1185206814423874
5.7475,1.085071780507707
5.748,0.957933379802564
5.7485,0.948881432263418
5.749,0.9461813724694403
5.7495,0.8542568816349898
5.75,1.3662594760900173
5.7505,1.3092580446291802
5.751,1.3876939772172934
5.7515,1.6213842876178988
5.752,1.554387776185202
5.7525,1.4142786033986763
5.753,1.3864594810252813
5.7535,1.1321171767181084
5.754,1.1973193618344622
5.7545,1.2990640089448162
5.755,1.053889163974102
5.7555,0.9531836492368481
5.756,0.9826993301530706
5.7565,0.9253930508247266
5.757,0.9707469208250866
5.7575,0.8278609243009453
5.758,0.832306151458259
5.7585,1.3305583535949612
5.759,1.2661436890601985
5.7595,1.3959205954227079
5.76,1.2514234130341304
5.7605,1.5259835685334213
5.761,1.3830646912195428
5.7615,1.3050327987068822
5.762,1.249585807421427
5.7625,0.9752116487920864
5.763,1.0446995716390222
5.7635,1.0432726373820367
5.764,0.9395572521149902
5.7645,0.9116241299782684
5.765,0.9173472632604242
5.7655,1.0062066047071412
5.766,0.8400297470685608
5.7665,1.123184448903099
5.767,1.3464262804210763
5.7675,1.3044453284117494
5.768,1.4372723768820217
5.7685,1.4940302572444688
5.769,1.3888628547726236
5.7695,1.377003685539491
5.77,1.2504888200147555
5.7705,1.1618734368146866
5.771,1.0399899263409667
5.7715,1.1397964324378085
5.772,1.0631977148515364
5.7725,0.8764965556043608
5.773,0.9644699301960492
5.7735,1.0040201880760418
5.774,0.8473667886577725
5.7745,0.9440776465705656
5.775,1.086503104982622
5.7755,1.1411303690679133
5.776,1.6129138502669884
5.7765,1.4037327209283958
5.777,1.3337495777080755
5.7775,1.2374152537620704
5.778,1.2338914332155162
5.7785,1.1413071293959958
5.779,1.3124760106484392
5.7795,1.0080209965260838
5.78,0.9311098387794772
5.7805,1.0716074863621223
5.781,0.9275840104391763
5.7815,0.8564136604019086
5.782,0.9255306390371666
5.7825,0.9429825824764517
5.783,1.0462567033088617
5.7835,1.0616260002034446
5.784,1.171450067878888
5.7845,1.3507581652137604
5.785,1.3252569401794847
5.7855,1.4146258777926746
5.786,1.1322403206255136
5.7865,1.1934476411898376
5.787,1.1661538979329635
5.7875,1.1415556120781418
5.788,1.1474794732995537
5.7885,1.0202332130737652
5.789,0.9122006240497388
5.7895,1.027819407182943
5.79,0.8253993409960336
5.7905,1.0122317309160203
5.791,0.9203753415041791
5.7915,1.0873623216676793
5.792,1.2264032467725967
5.7925,1.3850677253499741
5.793,1.3797505820293696
5.7935,1.4222571931570906
5.794,1.506182295531696
5.7945,1.3799196540339467
5.795,1.312136410734027
5.7955,1.0245045704252176
5.796,1.004982566803903
5.7965,1.1026854033150297
5.797,1.0962033879315318
5.7975,0.8898951305231936
5.798,0.8026358989370653
5.7985,0.9828446226573756
5.799,0.9483000275081407
5.7995,1.0890809038670721
5.8,1.0853207638813944
5.8005,1.2236500294944208
5.801,1.4741193772557888
5.8015,1.389223691510295
5.802,1.325496002129808
5.8025,1.2258728188135273
5.803,1.1887726631010256
5.8035,1.2656660059726736
5.804,0.9851486683901947
5.8045,1.1633646495418108
5.805,0.9818254535861286
5.8055,0.9632038249619995
5.806,0.8916068780826222
5.8065,0.8246836889032557
5.807,0.8090288007452934
5.8075,0.8531761484002549
5.808,0.962223292793995
5.8085,1.3027235848763754
5.809,1.3094496471980612
5.8095,1.37702205598295
5.81,1.3381760243105751
5.8105,1.315991984302491
5.811,1.217210186160894
5.8115,1.2840492051202343
5.812,1.0775894646739717
5.8125,0.8905225990928272
5.813,1.083179152784535
5.8135,0.9948539010724873
5.814,0.8904183916383095
5.8145,0.964717212950572
5.815,0.5543848551474317
5.8155,0.9984224741979327
5.816,1.0289815493959493
5.8165,0.9969571615873339
5.817,1.1661214010999195
5.8175,1.3834562011672131
5.818,1.4460795788685235
5.8185,1.3206301613051814
5.819,1.1629510717596556
5.8195,1.4580859284815293
5.82,1.2740126076299885
5.8205,1.1463771134686702
5.821,1.1127239313181585
5.8215,1.1153526210951823
5.822,1.0657063861125966
5.8225,0.7058034218758689
5.823,0.8101006134336001
5.8235,0.7709338490963682
5.824,0.8366895812087778
5.8245,1.0336475413829365
5.825,0.9239099409291556
5.8255,1.1143573683570798
5.826,1.284843701016608
5.8265,1.40488808206617
5.827,1.4439219904109668
5.8275,1.4546239819337294
5.828,1.1857384027436884
5.8285,1.2358508634142753
5.829,1.181951000439461
5.8295,1.129621387368209
5.83,1.0253907631864996
5.8305,0.9196296366475918
5.831,0.7752188806570338
5.8315,0.7093056446869876
5.832,0.848336838033708
5.8325,0.8682378713543611
5.833,0.9540656864334962
5.8335,1.2136608778538767
5.834,1.263513685296143
5.8345,1.2751018807964427
5.835,1.3529803407489356
5.8355,1.4160250509199463
5.836,1.156339431304747
5.8365,1.2059945626018325
5.837,1.1251484213998943
5.8375,1.016998227960469
5.838,1.0261364407010407
5.8385,0.8439401365001624
5.839,0.9384696855333232
5.8395,0.7157906031142982
5.84,0.9138775261692094
5.8405,0.8106933359993188
5.841,0.8456212652951038
5.8415,1.1553044429527548
5.842,1.0876989405821977
5.8425,1.2381319887110287
5.843,1.1901156576856977
5.8435,1.4952516785459247
5.844,1.492399153306608
5.8445,1.0600430009588686
5.845,1.0777113694013851
5.8455,1.1187650025188864
5.846,1.024872995786522
5.8465,1.031590328490748
5.847,0.9615468122749631
5.8475,0.937108184853038
5.848,0.7312112455053112
5.8485,0.8180105734642743
5.849,0.7237565463532231
5.8495,0.8981277643524711
5.85,0.912198085293154
5.8505,1.1919825665182227
5.851,1.279121411095869
5.8515,1.467400312025371
5.852,1.3385847188781421
5.8525,1.2877563899196751
5.853,1.1963568071957142
5.8535,0.9243344586499453
5.854,0.895897694740768
5.8545,1.028459880267387
5.855,1.0407642277124813
5.8555,0.921402471970995
5.856,0.780876446089699
5.8565,0.7841750898487263
5.857,0.7668800762883875
5.8575,0.9377594790786536
5.858,1.0543170576387666
5.8585,1.0784573380805798
5.859,1.2654096208943826
5.8595,1.3811003572782183
5.86,1.4093769187138339
5.8605,1.4867264079015896
5.861,1.243603220416833
5.8615,1.2898917672107169
5.862,1.0028567486275843
5.8625,1.0177100166735986
5.863,0.8305119792334364
5.8635,1.0050868815608835
5.864,0.9813313207079956
5.8645,0.5860245498752064
5.865,0.8149879233441906
5.8655,0.8700638314224997
5.866,0.9475057498057233
5.8665,0.9098692937844901
5.867,1.2586306409907153
5.8675,1.3044938483626223
5.868,1.4230358743672482
5.8685,1.3428360764481646
5.869,1.3345665171418422
5.8695,1.3299058964189314
5.87,1.130696378947983
5.8705,1.1322344727397367
5.871,1.1936903173151225
5.8715,1.013900846872448
5.872,0.8535003161057721
5.8725,0.9569222162813926
5.873,0.9639923175547678
5.8735,0.9210518464574902
5.874,0.9005293365717978
5.8745,0.6987917036426089
5.875,1.0164167273000098
5.8755,1.1683372265765686
5.876,1.3354752286348235
5.8765,1.536695623696935
5.877,1.2315170747225785
5.8775,1.4950207305062482
5.878,1.1558977975914366
5.8785,1.0563181009765938
5.879,1.1761101538564538
5.8795,1.1489900628062786
5.88,1.0743696919216315
5.8805,0.8646451353780221
5.881,0.9144218962752285
5.8815,0.7020225373489855
5.882,0.7172712349319654
5.8825,0.8480147134603118
5.883,0.8978967522525649
5.8835,1.237187229304289
5.884,1.2109345421121023
5.8845,1.3300197563757103
5.885,1.2777133569320611
5.8855,1.4242840888357822
5.886,1.179097635175898
5.8865,1.2867466142502304
5.887,1.2254835188566504
5.8875,1.0368833040341299
5.888,1.0472970978243663
5.8885,0.943057112717525
5.889,0.9718587756878695
5.8895,0.8230594208458322
5.89,0.7555905142781161
5.8905,0.8156757634785183
5.891,0.7362111647956325
5.8915,1.023756967635729
5.892,1.2484017879050633
5.8925,1.319726260970189
5.893,1.461690577410825
5.8935,1.320520146793002
5.894,1.2535969692851514
5.8945,1.1105487252019224
5.895,1.1140573220792833
5.8955,1.304181261828071
5.896,1.1002704224408029
5.8965,0.9729073525401538
5.897,0.8698971549673601
5.8975,0.7341703762518222
5.898,0.742404687585116
5.8985,0.8732660821282362
5.899,0.7917341625496062
5.8995,0.8430303975579361
5.9,1.001054839641238
5.9005,1.2978514492403996
5.901,1.3292008106187936
5.9015,1.3117198120959783
5.902,1.31553563952967
5.9025,1.498423929170695
5.903,1.3233595751379723
5.9035,1.2873687310424935
5.904,0.9241082497602171
5.9045,1.0494090608583393
5.905,0.953086120008808
5.9055,1.004394784005162
5.906,0.978849574557826
5.9065,0.8469001156107085
5.907,0.7188570284773272
5.9075,0.8007372767413463
5.908,1.051515380179269
5.9085,1.2137128261966537
5.909,1.292867173327053
5.9095,1.3752922517462427
5.91,1.3812199565381242
5.9105,1.3581336040726255
5.911,1.328233171023837
5.9115,1.2467142845174704
5.912,1.132364942187146
5.9125,1.088174275364719
5.913,1.047426425538589
5.9135,0.9244445400123006
5.914,0.8502565342002729
5.9145,0.9093976468355776
5.915,0.7387693604981067
5.9155,0.9053906014617285
5.916,0.902459025770474
5.9165,1.1266825423395028
5.917,1.2607378360113635
5.9175,1.4040347836134974
5.918,1.3329283711793136
5.9185,1.413398430140999
5.919,1.3877913096069794
5.9195,1.0818417949081653
5.92,1.3397117854642115
5.9205,1.3493141325987361
5.921,1.1827873472268595
5.9215,1.1276064796941738
5.922,1.0451590212069917
5.9225,0.877665688027994
5.923,0.8306257263656466
5.9235,0.9101984138784269
5.924,0.7537386556709016
5.9245,0.849610102309433
5.925,1.06318504180053
5.9255,1.3157832778495158
5.926,1.2681972607444318
5.9265,1.3695708831022022
5.927,1.3535869325494359
5.9275,1.1947357835418966
5.928,0.9757139271008759
5.9285,1.0563540332743202
5.929,1.144111292961509
5.9295,1.1320418017409013
5.93,1.0861129174836464
5.9305,1.0302822614890956
5.931,0.829745560157591
5.9315,0.7499138807697355
5.932,0.8635274892239424
5.9325,0.8657808302438392
5.933,1.1004821590842642
5.9335,1.200356843069303
5.934,1.4278651347658702
5.9345,1.3366670187728555
5.935,1.5040641389774456
5.9355,1.5559892375134448
5.936,1.2835028768688
5.9365,1.255312927939474
5.937,1.0588302595619743
5.9375,1.2045528388458904
5.938,1.1913204508797381
5.9385,0.9754801931062668
5.939,1.0108118567155553
5.9395,0.9058735934562424
5.94,0.872145927058961
5.9405,0.9283962778775932
5.941,0.9828653613595764
5.9415,1.054390448833734
5.942,1.3041209771699886
5.9425,1.454859019490197
5.943,1.3492584114803945
5.9435,1.3966218171562306
5.944,1.1616058525570505
5.9445,1.3199853035502156
5.945,1.316682670626127
5.9455,1.1219942356845913
5.946,1.12658253501079
5.9465,1.0503537083617664
5.947,0.9734218934060812
5.9475,0.9589269733560697
5.948,0.7890907695816252
5.9485,0.8162729388144029
5.949,0.786817394465972
5.9495,1.0409699335200129
5.95,1.1533895817515136
5.9505,1.2337482573466338
5.951,1.3853780649077796
5.9515,1.3970834418895817
5.952,1.5058505839544063
5.9525,1.279190072013981
5.953,1.3107247532002448
5.9535,1.1161739514791287
5.954,1.2272946358478287
5.9545,1.2151638318821225
5.955,1.1732896220925504
5.9555,1.1447445298189325
5.956,0.9501016959452249
5.9565,0.9863948121549232
5.957,1.0172171056054604
5.9575,0.8036789593445058
5.958,0.9785286359080065
5.9585,1.0418762157714438
5.959,1.4349717840520158
5.9595,1.261888048926269
5.96,1.2489922743169466
5.9605,1.27259217089236
5.961,1.1342500307822707
5.9615,1.262692311821237
5.962,1.0736635218837431
5.9625,0.9764928488309035
5.963,1.1047393123618316
5.9635,1.0572855769123086
5.964,0.7960020945588523
5.9645,0.8373751337493094
5.965,0.8566556605577474
5.9655,0.8426960944912528
5.966,0.9293419550097329
5.9665,1.2176623095407395
5.967,1.4670184726658642
5.9675,1.3440432389022625
5.968,1.30431515229432
5.9685,1.405293387962308
5.969,1.3899776673467785
5.9695,1.2884928580127328
5.97,1.2877559572699337
5.9705,1.4013500588781516
5.971,0.9744803714285674
5.9715,1.054335730388502
5.972,1.1987118363195135
5.9725,0.9164055846537155
5.973,0.9794776644225469
5.9735,0.936015683637601
5.974,1.034195837748009
5.9745,1.2067406854117455
5.975,1.196225231384593
5.9755,1.135847695747489
5.976,1.345293207340589
5.9765,1.6715287691785317
5.977,1.2839112483573072
5.9775,1.406943033084896
5.978,1.029840175966883
5.9785,1.0857412275779523
5.979,1.2688308648031394
5.9795,1.1493914270879386
5.98,1.0616512392319406
5.9805,0.9507566726908981
5.981,0.7558440179262883
5.9815,0.9666720805246333
5.982,0.8613046261475268
5.9825,0.7986054592040914
5.983,1.076865295040713
5.9835,1.284649787852589
5.984,1.3439520858911171
5.9845,1.4595846229173035
5.985,1.466113873055671
5.9855,1.3470558509239268
5.986,1.3489888979474685
5.9865,1.3445563179748272
5.987,1.321215277206072
5.9875,1.2603007980542003
5.988,1.077195756485052
5.9885,1.1550453230427957
5.989,1.0654461041572278
5.9895,0.8737613742426121
5.99,0.8537417889611894
5.9905,0.9824663603010493
5.991,1.136163396530077
5.9915,0.954810972324475
5.992,1.4526754837739937
5.9925,1.5281538043692513
5.993,1.4928378520032846
5.9935,1.4411592411729819
5.994,1.4461259767261494
5.9945,1.2663520780265947
5.995,1.2455574274314463
5.9955,1.0693472585814112
5.996,1.0083802686936818
5.9965,1.3750623047872566
5.997,1.0877393692848818
5.9975,1.0258583021205618
5.998,0.934377768443552
5.9985,0.8271129627474928
5.999,0.9168069494810196
5.9995,1.0615699854754543
