time_s,accelerometer_g
0.0,0.02437736638035451
0.002,-0.0206364029835103
0.004,0.143474466156616
0.006,0.14392354247390604
0.008,-0.09109891045301195
0.01,0.0017645831990801275
0.012,0.183535625795099
0.014,0.19255209446444838
0.016,0.21440383729442286
0.018,0.12759179372140417
0.02,0.2767301571932258
0.022,0.3217571676357897
0.024,0.32257365435323326
0.026,0.42521468543813895
0.028,0.35010411899403737
0.03,0.22604119472947828
0.032,0.34866520231499726
0.034,0.29685495315029087
0.036,0.47987722632403024
0.038,0.3943237411458982
0.04,0.3486341755090246
0.042,0.2995757841796999
0.044,0.4861346440511807
0.046,0.42022383773448974
0.048,0.40575680600245667
0.05,0.3763378131484152
0.052,0.41023792457457714
0.054,0.4003110599381576
0.056,0.44168422274221236
0.058,0.4681362698277469
0.06,0.5837957376397
0.062,0.3307337636602662
0.064,0.29425618386804175
0.066,0.2871324559345019
0.068,0.43467670256738233
0.07,0.4767827283938953
0.072,0.3341718616625495
0.074,0.2266834241771169
0.076,0.21697338764128707
0.078,0.36254071894150686
0.08,0.3915932663952748
0.082,0.3534662095372133
0.084,0.2032304122866586
0.086,0.23852402406168507
0.088,0.23880970085216205
0.09,0.27890134917687537
0.092,0.3364026079172638
0.094,0.24515530171673375
0.096,0.23121997788961282
0.098,0.1678881514107201
0.1,0.21334085515422968
0.102,0.2690739594265934
0.104,0.0894558726601409
0.106,0.13320525345366757
0.108,0.08602977518428276
0.11,0.08326849486701435
0.112,0.15080287799848321
0.114,0.3094215063386357
0.116,0.09241564957777353
0.118,0.19475655633488173
0.12,-0.029641396234846712
0.122,0.11017670935985424
0.124,0.1882745533355224
0.126,0.22214963934515086
0.128,0.19379940598865347
0.13,0.16814989532937985
0.132,0.08855873508286619
0.134,0.1229204205637453
0.136,0.25524092375814217
0.138,0.15221857130875838
0.14,0.024247484942221953
0.142,0.02132613108159509
0.144,0.06906432270789138
0.146,0.22418461627065853
0.148,0.20185277823777426
0.15,0.20974732551289543
0.152,0.08386593365108078
0.154,0.13524288435820903
0.156,0.2118524721941637
0.158,0.16414571663328792
0.16,0.2066021267331017
0.162,0.07041486835698679
0.164,0.0688551822312142
0.166,0.08678327260112363
0.168,0.05699539280754577
0.17,0.19448985016263073
0.172,0.07611281028103617
0.174,0.06597806859614844
0.176,0.09247024162904663
0.178,0.11648596334474313
0.18,0.15393561812617057
0.182,0.06804406532258957
0.184,-0.015174350566241245
0.186,-0.02897793781006877
0.188,-0.15395150918059397
0.19,-0.1098343377433438
0.192,-0.10278804529735353
0.194,-0.12551737502837312
0.196,-0.07460335832642435
0.198,-0.20505000893536776
0.2,-0.14781005478164533
0.202,0.0010464114071351838
0.204,-0.1585828095255478
0.206,-0.13385105104459785
0.208,-0.3189656035319359
0.21,-0.2669782371307445
0.212,-0.3056653434587317
0.214,-0.2577784765008691
0.216,-0.20989783243001792
0.218,-0.47819950204171763
0.22,-0.3361066261685709
0.222,-0.3382906088519301
0.224,-0.3847171458368891
0.226,-0.4706124506114693
0.228,-0.40466772151179675
0.23,-0.5014370459001016
0.232,-0.44421197036110144
0.234,-0.43209581356377996
0.236,-0.29227108075641917
0.238,-0.4705512212880003
0.24,-0.5849158051263919
0.242,-0.5117876285389933
0.244,-0.4849190652758471
0.246,-0.35713472954032927
0.248,-0.39616937502387495
0.25,-0.47145031526803916
0.252,-0.41830020759675784
0.254,-0.6226118393274553
0.256,-0.5338037316403796
0.258,-0.5216727745896454
0.26,-0.4871979697857065
0.262,-0.6000779568228007
0.264,-0.44944345459120183
0.266,-0.4810717651883311
0.268,-0.5257268023553949
0.27,-0.4642394343679886
0.272,-0.3753303156477471
0.274,-0.3554239308690038
0.276,-0.24499291208596352
0.278,-0.11417380107278138
0.28,-0.2616232416865474
0.282,-0.3644131493145834
0.284,-0.47713615009988825
0.286,-0.28908105171557963
0.288,-0.3332391606188497
0.29,-0.2367489931323122
0.292,-0.2146609529976358
0.294,-0.18422037646208728
0.296,-0.10644433279968576
0.298,-0.1627141312174047
0.3,-0.13024783742159035
0.302,-0.14307782053534698
0.304,-0.17891887261858436
0.306,-0.10453745251930888
0.308,-0.07985766043276228
0.31,0.10034623295349526
0.312,0.029997501182015825
0.314,0.13586081821854948
0.316,0.008195830728932929
0.318,-0.07363636570431385
0.32,-0.052589052873854306
0.322,0.012718725414343102
0.324,0.2918343215515483
0.326,0.06681383880014369
0.328,0.1707174751110167
0.33,0.007213356149209815
0.332,0.17242463701031344
0.334,0.17756834562423318
0.336,0.16521059641803448
0.338,0.1586482354796215
0.34,0.0706542719107596
0.342,0.14599623587117838
0.344,0.10551137127632497
0.346,0.0861523073927545
0.348,0.088197303609716
0.35,0.1683155306052445
0.352,0.2443998556676824
0.354,0.1355700264101689
0.356,0.15302463047241766
0.358,0.21343817942837184
0.36,0.2778053503292004
0.362,0.14653322348025988
0.364,0.07388653651660906
0.366,0.21896169656692663
0.368,0.20552102441396497
0.37,0.3036271171766775
0.372,0.16158669326812278
0.374,0.009748096258607841
0.376,-0.0017446618526925084
0.378,0.2790684050223611
0.38,0.3189659644606939
0.382,0.15769651937924975
0.384,0.10157718892757892
0.386,0.22689960654499852
0.388,0.04571030960500208
0.39,0.10982338139341391
0.392,0.2537087111611249
0.394,0.14710573190667214
0.396,0.14397752948892487
0.398,0.13310930528026793
0.4,0.2172172671629461
0.402,0.34746653895398805
0.404,0.24579474481806352
0.406,0.25888757030371884
0.408,0.024091557540631525
0.41,0.21048596910074663
0.412,0.20055670842561119
0.414,0.2022882116567189
0.416,0.21566896373022823
0.418,0.2285202243424377
0.42,0.3293206147838679
0.422,0.19435521981122122
0.424,0.3529286383443005
0.426,0.32270862170759385
0.428,0.3070471520408377
0.43,0.39060104969697984
0.432,0.37368381524736183
0.434,0.4886760870045258
0.436,0.4027172861280345
0.438,0.346111849965516
0.44,0.3475324040362252
0.442,0.3744873528305187
0.444,0.402896291517642
0.446,0.3459655484324256
0.448,0.44727853645782056
0.45,0.42276676359858595
0.452,0.5690347905809373
0.454,0.521092705780464
0.456,0.33996705988574044
0.458,0.40964245886637624
0.46,0.29337062462908337
0.462,0.3125209589795829
0.464,0.3550074642324141
0.466,0.4405838866728945
0.468,0.3156022010432034
0.47,0.31853739785832624
0.472,0.15094690791992674
0.474,0.25447588119694287
0.476,0.16475181155940982
0.478,0.22720531729733234
0.48,0.2123139782544049
0.482,0.24305807206138172
0.484,0.04567969437146194
0.486,0.02064574394639415
0.488,0.30510786857584266
0.49,0.04996795742954134
0.492,0.05582403842121894
0.494,0.23552663840150315
0.496,0.2542026846092694
0.498,-0.10354916898757933
0.5,-0.029459916543042343
0.502,0.03714828275679315
0.504,0.11649850048241124
0.506,-0.1675221224100562
0.508,-0.16318911237295836
0.51,-0.09077475784652408
0.512,-0.09998681365624915
0.514,-0.16810184927608085
0.516,-0.197003802841275
0.518,-0.36059074107118416
0.52,-0.3015167400257848
0.522,-0.29087147068733454
0.524,-0.23117137333807425
0.526,-0.3119153323460563
0.528,-0.28500694849540736
0.53,-0.28985184763816335
0.532,-0.36149456184921486
0.534,-0.3159750843299002
0.536,-0.3255066361389573
0.538,-0.35977076864934815
0.54,-0.4681706274594715
0.542,-0.40731358685644553
0.544,-0.41600945580352555
0.546,-0.20349167216348302
0.548,-0.24176847538020454
0.55,-0.37364077298295395
0.552,-0.5010839307031723
0.554,-0.5217095119697676
0.556,-0.2934789865942347
0.558,-0.3340676715170502
0.56,-0.3270296371153366
0.562,-0.5413541378571087
0.564,-0.3408826619433723
0.566,-0.34533061135195914
0.568,-0.41946903504020705
0.57,-0.3481024082686078
0.572,-0.31216362324127217
0.574,-0.3572448325057805
0.576,-0.373851813801033
0.578,-0.3087456986756648
0.58,-0.27620660165193883
0.582,-0.24304509863030435
0.584,-0.16820179524507506
0.586,-0.5051259317651131
0.588,-0.28696315120981747
0.59,-0.20026244754536204
0.592,-0.1644258064481457
0.594,-0.2371256333472732
0.596,-0.37908569486421045
0.598,-0.20862835135176233
0.6,-0.05202328612589713
0.602,-0.2688936495555202
0.604,-0.07528103773067553
0.606,-0.20495615958527066
0.608,-0.20714851525230918
0.61,-0.2656334237661965
0.612,-0.1610304579569516
0.614,-0.005980495589705703
0.616,-0.08561975525944135
0.618,-0.03347312800906209
0.62,-0.08687975567981482
0.622,-0.11186723612949559
0.624,0.03180668800646244
0.626,-0.07258616609718321
0.628,-0.08068888414660391
0.63,-0.2044923140997743
0.632,-0.16589684406830058
0.634,-0.18625250562615875
0.636,-0.02759400021571988
0.638,-0.22324691322033907
0.64,-0.11073718359924004
0.642,-0.2058241728605817
0.644,-0.06881592908382407
0.646,-0.06270117822579396
0.648,0.027579137456897135
0.65,-0.09604652189638194
0.652,-0.31619553000754363
0.654,-0.18955702232599142
0.656,-0.23567062511117415
0.658,-0.15177284714191364
0.66,-0.002139012882972996
0.662,-0.1109065326986402
0.664,-0.23365606251698123
0.666,-0.2278696576509963
0.668,-0.09527622855027335
0.67,-0.1767723423466617
0.672,-0.1573295610038353
0.674,-0.10756401541399489
0.676,-0.029131780068199248
0.678,-0.022035892799248454
0.68,-0.20792344879258348
0.682,0.0031902027133732663
0.684,-0.04237679275345854
0.686,-0.024130434506889273
0.688,0.10972123506790826
0.69,-0.12397090201148692
0.692,0.028266782352007448
0.694,0.11290532561691272
0.696,-0.08158331491407896
0.698,0.17830144415356058
0.7,0.1470255794745445
0.702,0.24300473548050264
0.704,0.14604725834095417
0.706,0.23805820074607487
0.708,0.25117093355197384
0.71,0.2221506539289074
0.712,0.28695594440991634
0.714,0.3321254278456235
0.716,0.23750482646223425
0.718,0.2734478052928075
0.72,0.2825741937524375
0.722,0.37795430750164566
0.724,0.4847173231741291
0.726,0.33779116974228196
0.728,0.39041070101819725
0.73,0.5015095516841035
0.732,0.34857524049017596
0.734,0.39751394803720225
0.736,0.5164400256828493
0.738,0.5574938802571227
0.74,0.45692726997809885
0.742,0.5538635465121624
0.744,0.5511671276257204
0.746,0.5948564003328312
0.748,0.5796937590002509
0.75,0.6862122480276859
0.752,0.4465653395877573
0.754,0.30558795219424373
0.756,0.6308591489149605
0.758,0.4895137248589527
0.76,0.5116664412640846
0.762,0.5561668258790002
0.764,0.2922326287773788
0.766,0.33371220807716495
0.768,0.33472383229997
0.77,0.39554672597296314
0.772,0.44560901061026537
0.774,0.3968628496854142
0.776,0.3592870837274307
0.778,0.24428818632712412
0.78,0.186052242721629
0.782,0.34436215501755973
0.784,0.23938040073554134
0.786,0.2674066921661531
0.788,0.28581986916358804
0.79,0.2616025470660302
0.792,0.3050868359612141
0.794,0.2111892064511692
0.796,0.1724868682887499
0.798,0.046517991386160695
0.8,0.10318813735197982
0.802,0.14835377223912016
0.804,0.17222757449769133
0.806,0.014238335042286783
0.808,0.038665456767569946
0.81,-0.027201763403732017
0.812,0.009561381077702399
0.814,0.08896200429948337
0.816,-0.17813434408162204
0.818,-0.17964069032932278
0.82,-0.21927964120377308
0.822,-0.26745275885021236
0.824,-0.10827166412898773
0.826,-0.005023827119713414
0.828,-0.13645572280785848
0.83,-0.1397088451444355
0.832,-0.06552516471780576
0.834,-0.011107413539574645
0.836,-0.10343052473451049
0.838,-0.015082072476767183
0.84,-0.16268997505377983
0.842,-0.2558852977171036
0.844,-0.2093572688526758
0.846,-0.2410026300772728
0.848,-0.18909685365669562
0.85,-0.18314983223342765
0.852,-0.12617191780184064
0.854,-0.04675017025307897
0.856,-0.2531950268181839
0.858,-0.08056291074108025
0.86,-0.20954590594185896
0.862,-0.12954715022223104
0.864,-0.19708978531258745
0.866,-0.3063810300447135
0.868,-0.042192981537261975
0.87,-0.15308217353808418
0.872,-0.17961329867510967
0.874,-0.26083204573958396
0.876,-0.22759697026212633
0.878,-0.10273627650312278
0.88,-0.12012773276932967
0.882,-0.09100132778496463
0.884,-0.13272839051892596
0.886,-0.08417326899763039
0.888,-0.2002371501657677
0.89,-0.25252734807413985
0.892,-0.038281794201947494
0.894,-0.18529800453003245
0.896,-0.11686094268240443
0.898,-0.18790073230491203
0.9,-0.20070230567529773
0.902,-0.1345797543279047
0.904,-0.020825888033757484
0.906,-0.06110921549045753
0.908,-0.2611378148707861
0.91,-0.24859101397318986
0.912,-0.14337562352359418
0.914,-0.28760400083773496
0.916,-0.22982555906029256
0.918,-0.3120828959091055
0.92,-0.3070202757823952
0.922,-0.3771628003914845
0.924,-0.41009728436130455
0.926,-0.45973461721342185
0.928,-0.4326783873141073
0.93,-0.42315896777136996
0.932,-0.4088536756932443
0.934,-0.19725578119997217
0.936,-0.24675613260118145
0.938,-0.4402142542783646
0.94,-0.38464725337398564
0.942,-0.4662368484951418
0.944,-0.43141472085774174
0.946,-0.35624948283580127
0.948,-0.31811950037227715
0.95,-0.43164917589819385
0.952,-0.35491490915675594
0.954,-0.5239412543913866
0.956,-0.3878242119682784
0.958,-0.14623624960434906
0.96,-0.34557678518262247
0.962,-0.2836606534963044
0.964,-0.4022795879655921
0.966,-0.3271033935902278
0.968,-0.3237077951398139
0.97,-0.30841719825327396
0.972,-0.3750619633519068
0.974,-0.3006112801640925
0.976,-0.3854141736831981
0.978,-0.20628699389640054
0.98,-0.11955535884852797
0.982,-0.1665127953483123
0.984,-0.23864782857922082
0.986,-0.18153425550723978
0.988,-0.19800223798543046
0.99,-0.031095173710854268
0.992,-0.21149639137650567
0.994,-0.09552695461210045
0.996,-0.2427033301020196
0.998,-0.18216719193390707
1.0,0.10910897838511192
1.002,0.13417712407346424
1.004,0.025879951829315937
1.006,-0.051521911320663416
1.008,-0.17217840238803722
1.01,0.062459303113453934
1.012,0.3669415945215081
1.014,0.25264224356902637
1.016,0.170982147010806
1.018,0.23304172468731482
1.02,0.08150165096464432
1.022,0.23574794378566266
1.024,0.32524939638959466
1.026,0.3281473367350125
1.028,0.37596786134907967
1.03,0.32235620985902147
1.032,0.37263122103703744
1.034,0.31849577863814965
1.036,0.4814264348922922
1.038,0.5286327698347177
1.04,0.28581120302053176
1.042,0.2830344952748505
1.044,0.49519408386287767
1.046,0.417278677364389
1.048,0.5523287431408295
1.05,0.36910564023609854
1.052,0.48405683583196585
1.054,0.38159440013346774
1.056,0.4293239196803493
1.058,0.5588480313207081
1.06,0.38352229137452926
1.062,0.28795719729703856
1.064,0.2993504655514962
1.066,0.3884209902457833
1.068,0.26013762298690146
1.07,0.43746261718831364
1.072,0.30018595286551913
1.074,0.38572095519280347
1.076,0.09139106050454832
1.078,0.24756803390719834
1.08,0.19721548060027164
1.082,0.24391551076368073
1.084,0.27628446095846854
1.086,0.2056129881803664
1.088,0.20920463060506367
1.09,0.24867147172815018
1.092,0.28295936493100354
1.094,0.14658477445930956
1.096,0.23345486411578484
1.098,0.2154951034824477
1.1,0.2210143382715198
1.102,0.2630935767796115
1.104,0.22974177831328593
1.106,0.3215848149807361
1.108,0.11669205384350528
1.11,0.10981206525971618
1.112,0.11253205166802896
1.114,0.10724518779365716
1.116,0.0621243958251453
1.118,0.04619050290908902
1.12,0.09933375496225266
1.122,0.1637111220385348
1.124,0.17934567281129488
1.126,0.11400903064203344
1.128,0.20891604472682523
1.13,0.16383513029746244
1.132,0.10368487626897727
1.134,0.10767527240373043
1.136,0.2304770869239541
1.138,0.1825608042981791
1.14,0.010452210056053596
1.142,0.1065506877231208
1.144,0.1635833705539684
1.146,0.11243617382733545
1.148,0.20564619077912555
1.15,0.03812269836685325
1.152,0.22494103335897797
1.154,0.22239570787682544
1.156,0.14160385393253772
1.158,0.21796978683803184
1.16,-0.02273364953547849
1.162,0.030861130821094943
1.164,0.0743971763442496
1.166,0.03155166240683949
1.168,0.20981428306512015
1.17,0.31531577415962464
1.172,0.0195358199429128
1.174,-0.0020185332288801955
1.176,0.0728463783813674
1.178,0.2096527611423164
1.18,0.0029148644051554956
1.182,0.09584579386790054
1.184,0.164393422462343
1.186,-0.15474121279189718
1.188,-0.12145029101161983
1.19,-0.0279538684663646
1.192,-0.038619149337432934
1.194,0.019270474200040383
1.196,-0.087252518878629
1.198,-0.27460864927793327
1.2,-0.07632421822643146
1.202,-0.14909496340420225
1.204,-0.028125914485332165
1.206,-0.24305929943691582
1.208,-0.29520541177932325
1.21,-0.20725270363697282
1.212,-0.16862946047893118
1.214,-0.1948078813139266
1.216,-0.4119702688173915
1.218,-0.2969711129920678
1.22,-0.45360516178619154
1.222,-0.33848736811145225
1.224,-0.45108390421307076
1.226,-0.3192220504569462
1.228,-0.4749659944734944
1.23,-0.5616884011958381
1.232,-0.405720456350886
1.234,-0.4145124234715161
1.236,-0.4695315361735243
1.238,-0.33530846316847185
1.24,-0.5382881994422205
1.242,-0.5235610654178239
1.244,-0.48100572417930154
1.246,-0.5154430102898541
1.248,-0.4252873712250462
1.25,-0.5426761877731764
1.252,-0.568295504671619
1.254,-0.4184993837973609
1.256,-0.5658704932213958
1.258,-0.6405691257515632
1.26,-0.3271382259322926
1.262,-0.2859968288097345
1.264,-0.532677071572301
1.266,-0.6182409926700458
1.268,-0.432901016890859
1.27,-0.4058909438586388
1.272,-0.4156053307255418
1.274,-0.5115450996543011
1.276,-0.35836649202319004
1.278,-0.3053222083304828
1.28,-0.41432844593417206
1.282,-0.22931436117644285
1.284,-0.14235764908571116
1.286,-0.2967411421081214
1.288,-0.2951898859595045
1.29,-0.21488066947053883
1.292,-0.11647266771536519
1.294,-0.31141083398935404
1.296,-0.17857149502451258
1.298,-0.20651513257005666
1.3,0.030268950577988063
1.302,-0.07415933901367815
1.304,0.08848677184732637
1.306,-0.1539320756160029
1.308,-0.028574323023072716
1.31,-0.015536139029596455
1.312,-0.049948240364998245
1.314,0.07143334650766009
1.316,0.14514098555859406
1.318,-0.004744200733879891
1.32,-0.11073672382884565
1.322,0.06933178445900805
1.324,0.049362895373333715
1.326,0.10513749804498412
1.328,0.0971113172373003
1.33,-0.05700464688506941
1.332,-0.031353871165280434
1.334,0.1853376151778065
1.336,0.13592413253710683
1.338,-0.04327030977518917
1.34,0.18582481047376276
1.342,0.1321000401745508
1.344,0.08480006378066968
1.346,0.07885435160947585
1.348,0.25729694126043123
1.35,0.18245654699230862
1.352,0.3086807377695738
1.354,0.15638578522228888
1.356,0.19353194786216976
1.358,0.17721785385148422
1.36,0.2386672803687168
1.362,0.1789894394710027
1.364,0.20689871566852375
1.366,0.08875276627115278
1.368,0.13638791150151958
1.37,0.14243838414404
1.372,0.21019207598468803
1.374,0.22757557401998568
1.376,0.07100083463501387
1.378,0.11301227222040867
1.38,0.20619888470761255
1.382,0.1523971364408297
1.384,0.2083964668696535
1.386,-0.07015812008390135
1.388,0.06813756041512528
1.39,0.1188082361929599
1.392,0.01661408659511035
1.394,0.10158306618593954
1.396,0.07117478955885903
1.398,0.13009636480071995
1.4,0.27924857459184715
1.402,0.21526313795363158
1.404,0.15608285464423405
1.406,0.20281610354449203
1.408,0.2720392153384216
1.41,0.13630673596596
1.412,0.19516913933532112
1.414,0.34447717323254656
1.416,0.2681982638260675
1.418,0.30704887485526217
1.42,0.25495666805176137
1.422,0.3565997290775473
1.424,0.2676718698134936
1.426,0.3604754043112206
1.428,0.316405798440745
1.43,0.21310914974428152
1.432,0.2055563444575494
1.434,0.43654416123107564
1.436,0.3870015498905879
1.438,0.3200048363673888
1.44,0.35774679443280105
1.442,0.4453291181167644
1.444,0.2063113952115879
1.446,0.3129854990188256
1.448,0.36620843857597035
1.45,0.5214028065251036
1.452,0.39024382621176895
1.454,0.43233051611482687
1.456,0.3170136544003455
1.458,0.3430702577686678
1.46,0.44627108211386274
1.462,0.3644394665715004
1.464,0.373658169454317
1.466,0.3291019177275575
1.468,0.396180406179061
1.47,0.3835186398561601
1.472,0.3849514214258157
1.474,0.3320498173960956
1.476,0.12015520495683224
1.478,0.08977898705934698
1.48,0.36260247231993237
1.482,0.3456170838625432
1.484,0.1046481241189273
1.486,-0.01077746894597656
1.488,0.142690885294154
1.49,0.22742882203950446
1.492,0.28737444649233734
1.494,0.1298773619039171
1.496,-0.007940024656817202
1.498,-0.08127428840834153
1.5,0.0009161033336543957
1.502,-0.014117337629267944
1.504,-0.1030027435283426
1.506,0.07532689593326537
1.508,-0.0007534125318190699
1.51,-0.06207786924702613
1.512,-0.20843613143830664
1.514,-0.06960781763389086
1.516,-0.13512785292016077
1.518,-0.21519542646526277
1.52,-0.1824896191443094
1.522,-0.21873078005771368
1.524,-0.19054382560382593
1.526,-0.21653665217075924
1.528,-0.29546671765885096
1.53,-0.5135580034408846
1.532,-0.36723922186984637
1.534,-0.38861095370976395
1.536,-0.432146340556388
1.538,-0.22523219055259733
1.54,-0.2721263575051882
1.542,-0.3238954797666611
1.544,-0.387809454581975
1.546,-0.2628951272017166
1.548,-0.3666726131300787
1.55,-0.38828471503565404
1.552,-0.5275170635645501
1.554,-0.4009572898511853
1.556,-0.38393954856738866
1.558,-0.45929977887557694
1.56,-0.3695368783319959
1.562,-0.40816562400772044
1.564,-0.2712728471364555
1.566,-0.31014717212803133
1.568,-0.3297189451597285
1.57,-0.2904774388885256
1.572,-0.32972400934146134
1.574,-0.3776752951579249
1.576,-0.4370722947278079
1.578,-0.31255078743893894
1.58,-0.3157362719275881
1.582,-0.35527534271235683
1.584,-0.24502340792072855
1.586,-0.2684920836959505
1.588,-0.4109517309584847
1.59,-0.22419821225476402
1.592,-0.10844921475111963
1.594,-0.12263456772986778
1.596,-0.15648100483510777
1.598,-0.23175493349677231
1.6,-0.25781492949655993
1.602,-0.23288064335087208
1.604,-0.11681888644650429
1.606,-0.14833173898623023
1.608,-0.09925607865759688
1.61,-0.09340317088251002
1.612,-0.1448522566909719
1.614,-0.2095205334744924
1.616,-0.15776070237933298
1.618,-0.15467956085701876
1.62,-0.19723936642918127
1.622,-0.19322569909006945
1.624,-0.08747728888936657
1.626,-0.14802223810909543
1.628,-0.19717322498839784
1.63,-0.15585041107272288
1.632,-0.20337991574737355
1.634,-0.11093024864386918
1.636,-0.0849043931551393
1.638,-0.2201369434584765
1.64,-0.2118245009018846
1.642,-0.07554993306685147
1.644,-0.2554820575799524
1.646,-0.29210305324193697
1.648,-0.2670201674142484
1.65,-0.15217970146133977
1.652,-0.18795892731266894
1.654,-0.19360963692814642
1.656,-0.04477486338931018
1.658,-0.32413721440084614
1.66,-0.09136257759064471
1.662,-0.03699418142616975
1.664,-0.26796408942201877
1.666,-0.17715678927895737
1.668,-0.15813014935866465
1.67,-0.15099521408237446
1.672,-0.1297392992139531
1.674,-0.018325950443334682
1.676,0.025434191082265828
1.678,-0.09761194858041716
1.68,0.1277845290204211
1.682,-0.01831301745027835
1.684,0.09215580352402043
1.686,-0.06470554930898512
1.688,-0.009090913380494656
1.69,0.07032611794432017
1.692,0.32986335071669853
1.694,0.13373566578102453
1.696,-0.011636925353883207
1.698,0.1377453499313485
1.7,0.0886104474917451
1.702,0.13609800198093444
1.704,0.264410860054065
1.706,0.17544395257046752
1.708,0.18797928223379534
1.71,0.20463923006715953
1.712,0.2951305231224548
1.714,0.34449524049797664
1.716,0.1516150930249488
1.718,0.33857591320079533
1.72,0.21621444276220275
1.722,0.2318988675086147
1.724,0.4000584839126115
1.726,0.42919253656571055
1.728,0.34493093027797966
1.73,0.4494756564848214
1.732,0.3006882854855092
1.734,0.43073844951862406
1.736,0.4534655995417134
1.738,0.4862160833911481
1.74,0.47832232830502347
1.742,0.36691526330731966
1.744,0.5405662232168986
1.746,0.5325509844484035
1.748,0.38400873862936963
1.75,0.34331268476823695
1.752,0.46199273126269624
1.754,0.4481923501366564
1.756,0.4942451909076183
1.758,0.5238910828130814
1.76,0.521080792877457
1.762,0.5272147398780218
1.764,0.3315249999886879
1.766,0.3400862577735936
1.768,0.37536015863848826
1.77,0.4821909625484948
1.772,0.5100338724206227
1.774,0.32042066720123197
1.776,0.13704916184837423
1.778,0.22099002802968407
1.78,0.3042175798285585
1.782,0.2953955571867115
1.784,0.2444513932462305
1.786,0.23374232026729863
1.788,0.2047238726000919
1.79,0.33449040134480923
1.792,0.19019480467663635
1.794,0.12386685976392103
1.796,0.16839173492227102
1.798,-0.019959513178339328
1.8,0.14873238688409596
1.802,0.14081593920466542
1.804,0.09478989727084522
1.806,0.1727997173921949
1.808,-0.05280451931457496
1.81,0.15888919359142414
1.812,0.0009302385257015412
1.814,-0.07956083466005998
1.816,-0.013095947917702268
1.818,-0.16202252010884197
1.82,-0.1608452772334275
1.822,-0.04900080526111219
1.824,-0.00956394182456538
1.826,-0.1147519551182711
1.828,-0.03467258589353894
1.83,-0.06293143105809221
1.832,-0.037758423929606544
1.834,-0.07496923155093516
1.836,0.011174807010436522
1.838,-0.27383281788023917
1.84,-0.19549263161878463
1.842,-0.25825386031678177
1.844,-0.15226717178658752
1.846,-0.16827564660781333
1.848,-0.13133877271398053
1.85,-0.003934506771145763
1.852,-0.20403630306575807
1.854,-0.15130837137114114
1.856,-0.16120205198195994
1.858,-0.1059320451653287
1.86,-0.1258210563743684
1.862,-0.1316569920214322
1.864,-0.09337825041379642
1.866,-0.028117044168646146
1.868,-0.09168713431000838
1.87,-0.05751836563053678
1.872,-0.22897044034006728
1.874,-0.18228199222965732
1.876,-0.10003115093643525
1.878,-0.06769002068534646
1.88,-0.08805940687081401
1.882,-0.04638277120212522
1.884,-0.12242080211372591
1.886,-0.09380170077913812
1.888,-0.14966552554005022
1.89,-0.1628345879721662
1.892,-0.0967922869730637
1.894,-0.39322650083047095
1.896,-0.17539747933778885
1.898,-0.5104439273766933
1.9,-0.32808837585146494
1.902,-0.12634033777633003
1.904,-0.13870454586251546
1.906,-0.3202619602259508
1.908,-0.32365646903172257
1.91,-0.15176298234942465
1.912,-0.268197246646719
1.914,-0.04051749322410822
1.916,-0.2566247771238601
1.918,-0.2773709739222933
1.92,-0.20278298081910975
1.922,-0.30001112662005747
1.924,-0.3631194033518502
1.926,-0.3026741384696603
1.928,-0.34613651717014426
1.93,-0.4956442771523486
1.932,-0.4058649144686093
1.934,-0.41160964171412856
1.936,-0.26128698161877084
1.938,-0.3604780150362121
1.94,-0.4350875895018665
1.942,-0.44216514403692236
1.944,-0.39081585234204047
1.946,-0.3217303988138496
1.948,-0.4476301680238597
1.95,-0.487835507797174
1.952,-0.3516486945433027
1.954,-0.46557314607637434
1.956,-0.5016787043650089
1.958,-0.3185451309813671
1.96,-0.3263535801100304
1.962,-0.5207750346053337
1.964,-0.3912426649823605
1.966,-0.3147189138223431
1.968,-0.28921422345189707
1.97,-0.2442260730592259
1.972,-0.4250448994611339
1.974,-0.3085521764810006
1.976,-0.34150077930597333
1.978,-0.2981570254994483
1.98,-0.13673387045062196
1.982,-0.07749334707335251
1.984,-0.07219832552673808
1.986,-0.11266687213146226
1.988,-0.18208712807213198
1.99,-0.07772133070595974
1.992,-0.0036380748965564452
1.994,-0.05898412921865305
1.996,-0.07297723545917778
1.998,0.0033379250343644855
2.0,-0.004742611682076232
2.002,0.004219370605828575
2.004,0.050280525225231416
2.006,0.11939119538131285
2.008,0.06522336793529065
2.01,0.13315574189752147
2.012,0.22691473291788944
2.014,0.18786418482012474
2.016,0.2762477829851506
2.018,0.22614271620396445
2.02,0.10759327225127979
2.022,0.37491819609636096
2.024,0.27723161904778226
2.026,0.20262776142588484
2.028,0.22909987484696978
2.03,0.21310097890587174
2.032,0.3233390050809988
2.034,0.35165752077290136
2.036,0.3826546448082007
2.038,0.4478939712634041
2.04,0.39061319348806206
2.042,0.3793339773835549
2.044,0.42111761354355276
2.046,0.48187696974016647
2.048,0.2713867644333101
2.05,0.3753534370063257
2.052,0.1932363845711519
2.054,0.3739603289328495
2.056,0.4082949760365852
2.058,0.5173131715702898
2.06,0.5074746809877521
2.062,0.37946896883123354
2.064,0.29520671600201415
2.066,0.3910471631979829
2.068,0.34316493777539825
2.07,0.3863535328607609
2.072,0.4221785636318005
2.074,0.24927423465496684
2.076,0.34738617603598637
2.078,0.36468540541091665
2.08,0.25574958732853315
2.082,0.38792539833019035
2.084,0.3123564964994749
2.086,0.22810518920616057
2.088,0.16848895947869252
2.09,0.1926697799525112
2.092,0.2236752995291667
2.094,0.27067521487811685
2.096,0.1004568794517488
2.098,0.19748280574119934
2.1,0.09087086094875949
2.102,0.2022454146044036
2.104,0.21480015861451482
2.106,0.354389362366965
2.108,0.013474335086076816
2.11,0.25213988804569315
2.112,0.18480165121560077
2.114,0.22271995488116192
2.116,0.17114997190428913
2.118,0.15287243342318166
2.12,0.09269337714545633
2.122,0.2532915262753142
2.124,0.1387366165891439
2.126,0.2658306186107482
2.128,0.08535190998818298
2.13,0.09986196880128234
2.132,0.030699736679525053
2.134,0.19631046160471288
2.136,0.302212929811693
2.138,0.1613344229136176
2.14,0.11055153491294226
2.142,0.022819751156440915
2.144,0.1242770933038373
2.146,0.05698821596863518
2.148,0.11742848041462185
2.15,0.1726513808762018
2.152,0.22356720117731618
2.154,0.3472965779704339
2.156,0.11487843387110576
2.158,0.3037174523425429
2.16,0.1895603061606383
2.162,0.11126913190260594
2.164,0.13250704609451314
2.166,0.122275622815389
2.168,0.16149422250364792
2.17,0.12286539867365043
2.172,0.0018162247133430287
2.174,-0.058511477103834614
2.176,0.10627009957907374
2.178,0.058627462055494135
2.18,0.05301769743585473
2.182,0.07660335422119482
2.184,0.08228409463053804
2.186,-0.008171365495445032
2.188,-0.07144914939522748
2.19,0.1040380965024222
2.192,0.12936276392952897
2.194,-0.006173096394427299
2.196,-0.028692215556773974
2.198,-0.03325488476145616
2.2,-0.02714910514613142
2.202,-0.05376391824673718
2.204,-0.08221392807464578
2.206,-0.15127945065424572
2.208,-0.3320632030949121
2.21,-0.19448537995256546
2.212,-0.33812869675600743
2.214,-0.2942237868388282
2.216,-0.17283727800196513
2.218,-0.2727962551707937
2.22,-0.2518686544773713
2.222,-0.3790434077334927
2.224,-0.4293650566832867
2.226,-0.37416279802602065
2.228,-0.40227557834966476
2.23,-0.4527585318677973
2.232,-0.3721316289689401
2.234,-0.4627456192059287
2.236,-0.39225063431785867
2.238,-0.5304929430449286
2.24,-0.4670106234731405
2.242,-0.5258809953206468
2.244,-0.5625038670563476
2.246,-0.48473608453355066
2.248,-0.4777123344182602
2.25,-0.5216124103469704
2.252,-0.39365713951290565
2.254,-0.5353864751662561
2.256,-0.5021352978345933
2.258,-0.6153427758860145
2.26,-0.5275497736915998
2.262,-0.5109889389748071
2.264,-0.555123744430488
2.266,-0.3527573419502028
2.268,-0.42125732082688605
2.27,-0.27991756792592537
2.272,-0.39547505271972916
2.274,-0.4194958293868311
2.276,-0.41183509923831185
2.278,-0.3469790982236491
2.28,-0.15727239610464344
2.282,-0.4708189578521341
2.284,-0.46669610719647625
2.286,-0.3539516351875758
2.288,-0.2670416424390251
2.29,-0.1483120583368142
2.292,-0.1278462332306535
2.294,-0.20369677857922586
2.296,-0.11019925580335689
2.298,-0.09286238436081301
2.3,-0.10283242395677834
2.302,0.016787085489667217
2.304,-0.023132615967664
2.306,-0.11055146193607573
2.308,-0.019729709247297986
2.31,-0.03223911032659908
2.312,0.019682727204537544
2.314,0.17507794311187022
2.316,-0.14793029167113841
2.318,-0.09225559800371962
2.32,-0.07034534600521852
2.322,0.04167595877170199
2.324,0.10118808937544839
2.326,0.01193872131624868
2.328,0.024825696227247562
2.33,0.010580196114286095
2.332,0.29449272334643994
2.334,0.2909116241555388
2.336,0.14480167481590894
2.338,0.1328225743459085
2.34,0.031100967770051835
2.342,-0.04233997330540856
2.344,0.1325596347909002
2.346,0.10437260983461549
2.348,0.1836442670223253
2.35,0.026492029263991773
2.352,0.05711459849003028
2.354,0.13466086494852425
2.356,0.19181246438391872
2.358,0.22396984495952926
2.36,0.06768609226009448
2.362,0.19735748178199275
2.364,0.04274377925515983
2.366,0.18108723293072607
2.368,0.1703694152075775
2.37,0.07065563789076035
2.372,0.12163212192387947
2.374,0.13693471816134628
2.376,0.1567453045249266
2.378,0.13571513864831156
2.38,0.30361501804611185
2.382,0.25265891812077956
2.384,0.11169984530648194
2.386,0.16999380813657772
2.388,0.2889774429835317
2.39,0.3382403109725258
2.392,0.10400257712020154
2.394,0.10455149284286328
2.396,0.2631807817652413
2.398,0.06152225309521994
2.4,0.08440801259569158
2.402,0.1959724595929687
2.404,0.2721660890238935
2.406,0.19918073031267852
2.408,0.13606023599066552
2.41,0.16044644431720023
2.412,0.2110281648960198
2.414,0.22943248619789436
2.416,0.4684517832666165
2.418,0.27905098529334293
2.42,0.3269891357477648
2.422,0.2613404397808774
2.424,0.33560158476185953
2.426,0.3043578578646493
2.428,0.12112433279626175
2.43,0.2001396815247819
2.432,0.18578508588861253
2.434,0.20170153617298375
2.436,0.31944902252417773
2.438,0.5077837132496978
2.44,0.3618862159703209
2.442,0.4583327105145166
2.444,0.42164902899341056
2.446,0.4953213002683109
2.448,0.3679675943032258
2.45,0.44642457352288195
2.452,0.42593400630417383
2.454,0.3248133534992389
2.456,0.45298975757973736
2.458,0.4779281484762976
2.46,0.3664817750856394
2.462,0.2699560455149757
2.464,0.23502879739332624
2.466,0.35103604035555885
2.468,0.40008969756583623
2.47,0.3074670466271139
2.472,0.3248568576051098
2.474,0.31313211773160976
2.476,0.29920022168139876
2.478,0.39371088109642305
2.48,0.38462130708365627
2.482,0.17049576178105683
2.484,0.3209848624430376
2.486,0.09553124321321319
2.488,0.21835792460993264
2.49,0.15840069401555582
2.492,0.11059493442103435
2.494,-0.05604219264620387
2.496,0.008072150252732294
2.498,-0.1345744975060005
2.5,0.0773839388674218
2.502,0.13116725125269654
2.504,-0.08555019021376788
2.506,-0.06441589673424841
2.508,-0.20159820645822718
2.51,-0.20324054234240607
2.512,-0.07280852330435264
2.514,-0.14109242452514215
2.516,-0.0471261223255062
2.518,-0.2891776746978148
2.52,-0.20251593390985284
2.522,-0.2617673984499959
2.524,-0.18608272372863802
2.526,-0.3032617674269262
2.528,-0.3266947373031413
2.53,-0.3801090234076616
2.532,-0.4408134772503571
2.534,-0.2911490742352979
2.536,-0.2777391434989183
2.538,-0.31229314450421186
2.54,-0.28748873246262907
2.542,-0.31668554369140595
2.544,-0.43822210311838
2.546,-0.3411009514031984
2.548,-0.4175249227188799
2.55,-0.40264007189830625
2.552,-0.48801930985709924
2.554,-0.30311096948021166
2.556,-0.35967457081391063
2.558,-0.37252993977717724
2.56,-0.2699516236381538
2.562,-0.5754364916828045
2.564,-0.5762059480572492
2.566,-0.3180171459915274
2.568,-0.3257971044376589
2.57,-0.2903447196517511
2.572,-0.4393726878552778
2.574,-0.36330087324230864
2.576,-0.19019736610464152
2.578,-0.23453066764672148
2.58,-0.24247188778396275
2.582,-0.29037441240689776
2.584,-0.31748698123407765
2.586,-0.4701290876266116
2.588,-0.24740389637535087
2.59,-0.14674479257661055
2.592,-0.3141548717967626
2.594,-0.26028581822611596
2.596,-0.3311451228445969
2.598,-0.3120960856335935
2.6,-0.18593277311328052
2.602,-0.31293690956130804
2.604,-0.09524564375796468
2.606,-0.11836573614074422
2.608,-0.22233077462895368
2.61,-0.37985822370864514
2.612,-0.21398745424867344
2.614,-0.011351908437406633
2.616,-0.35447171707674296
2.618,-0.19985992941733827
2.62,-0.27547276907541096
2.622,-0.08262854631707595
2.624,-0.16171719025843817
2.626,-0.07538929713739832
2.628,-0.10169110475684005
2.63,-0.033868570638594525
2.632,-0.18745586483106597
2.634,-0.10037505019232876
2.636,-0.225565153313504
2.638,-0.03374953830764968
2.64,-0.23416591883836257
2.642,-0.23543242138718812
2.644,-0.16429552014914536
2.646,-0.24780144495148482
2.648,-0.09977095284053218
2.65,-0.07711119535347112
2.652,-0.1669976036755012
2.654,-0.31131257362843284
2.656,-0.1518147932499619
2.658,-0.050948147514254055
2.66,-0.2732763888223826
2.662,-0.24789051867587325
2.664,-0.10761813990415955
2.666,-0.12516463359998142
2.668,-0.06494106941023303
2.67,0.06931205421369187
2.672,-0.06615411653161261
2.674,-0.07989373230344053
2.676,0.09530289922073076
2.678,-0.08784117522444396
2.68,-0.088450909194214
2.682,0.013064576250721188
2.684,-0.013020196260953056
2.686,-0.09937888869240308
2.688,-0.10216730102857302
2.69,0.22587571390009967
2.692,0.10170253399834006
2.694,0.007049989281274843
2.696,0.1182186612246048
2.698,0.05149390818437337
2.7,0.09732653475306802
2.702,0.220259846366191
2.704,0.08837216980416349
2.706,0.20116728186214794
2.708,0.31872959369139175
2.71,0.24081462529371928
2.712,0.23810690469134704
2.714,0.26992954626882615
2.716,0.2737452497737758
2.718,0.26493308546821104
2.72,0.26455147372796556
2.722,0.42058771363933123
2.724,0.26607465516458906
2.726,0.49143406033352377
2.728,0.3700365014323591
2.73,0.4131489307270138
2.732,0.3179032659791144
2.734,0.5695844347683838
2.736,0.5999063271501044
2.738,0.5667103070783017
2.74,0.33483280346976224
2.742,0.513876384962487
2.744,0.515012016031257
2.746,0.39908909521102176
2.748,0.5334206481926577
2.75,0.5291627591226608
2.752,0.5074642966028975
2.754,0.4800506449154729
2.756,0.5258173133413708
2.758,0.644018590715747
2.76,0.6011187185095052
2.762,0.22203837478753935
2.764,0.3950183076750794
2.766,0.4206719030021403
2.768,0.32265818145131614
2.77,0.4666122738335827
2.772,0.5103387039217581
2.774,0.26800239349314514
2.776,0.3640972244763327
2.778,0.28404357885480014
2.78,0.31710755575786514
2.782,0.4582053589199332
2.784,0.23371785781767498
2.786,0.26763282954967466
2.788,0.07996612978100187
2.79,0.3995286374129262
2.792,0.29248838483567074
2.794,0.17825230910994527
2.796,0.17612541264063306
2.798,-0.00989370190007341
2.8,0.21215950979870196
2.802,0.10669290246685073
2.804,0.09025973526043307
2.806,0.006405179623015178
2.808,-0.049480035910641595
2.81,0.049638988879770155
2.812,0.03943730247228383
2.814,0.07474033224980185
2.816,-0.019393089556126588
2.818,-0.03486691919716868
2.82,-0.13421270892235163
2.822,0.09761507805041683
2.824,-0.17944494223101773
2.826,0.03589644678710646
2.828,-0.004232401439566144
2.83,-0.22370475617703198
2.832,0.025679324389804192
2.834,-0.03768308148536399
2.836,-0.020208369410588567
2.838,-0.1211271686802488
2.84,-0.1874382003859961
2.842,-0.20564614597407466
2.844,-0.13056279297122306
2.846,-0.010464807069359011
2.848,-0.10354100792908726
2.85,-0.2274239870384582
2.852,-0.12450455436132604
2.854,-0.11071969703477326
2.856,-0.09024774331220617
2.858,-0.05234919567987492
2.86,-0.14797664122187593
2.862,-0.24184205066973397
2.864,-0.2560583277088322
2.866,-0.2907456238535363
2.868,-0.09750085193907027
2.87,-0.1113580191715147
2.872,-0.17210029596759469
2.874,-0.4117013587840163
2.876,-0.2750397057026592
2.878,-0.047300259646460466
2.88,-0.15815826549947054
2.882,-0.0884469537550172
2.884,-0.27293697323124694
2.886,-0.0747297628511466
2.888,-0.18433647090099722
2.89,-0.11117549100779696
2.892,0.062402795822830176
2.894,-0.03746374271510167
2.896,-0.23055358795155406
2.898,-0.2660285161491385
2.9,-0.2162549041805991
2.902,-0.12168996597348519
2.904,-0.18532482358392607
2.906,-0.2588871894150392
2.908,-0.1493138056246837
2.91,-0.27054305278077956
2.912,-0.04550770867792267
2.914,-0.21269171311617407
2.916,-0.11364571733176859
2.918,-0.2814283142559502
2.92,-0.2550960868390447
2.922,-0.3684621800369474
2.924,-0.35123262270358246
2.926,-0.25711946593292334
2.928,-0.2642033988777079
2.93,-0.38324442481619003
2.932,-0.48830981556804365
2.934,-0.46105494349747383
2.936,-0.449406514368666
2.938,-0.5046567340061876
2.94,-0.4037051008142889
2.942,-0.3436670758504731
2.944,-0.4097388767685223
2.946,-0.5519087153760569
2.948,-0.38291402655707024
2.95,-0.4175324169180856
2.952,-0.2723431317574674
2.954,-0.5491572293335566
2.956,-0.41958554516519986
2.958,-0.2175819332884488
2.96,-0.32742489728491786
2.962,-0.3532527681434874
2.964,-0.40043444725753924
2.966,-0.3471700781240259
2.968,-0.2569563771661188
2.97,-0.3595434972715586
2.972,-0.24245868530121306
2.974,-0.44487563023154153
2.976,-0.29102176072181807
2.978,-0.24523453573856382
2.98,-0.25568176625957134
2.982,-0.19765012995334305
2.984,-0.2655511421080078
2.986,-0.30358760800087414
2.988,-0.20159757287081445
2.99,-0.19425803457779378
2.992,-0.0391601075118347
2.994,-0.16068520469479813
2.996,-0.0264802086528136
2.998,-0.1570806509500312
3.0,-0.045303593246477376
3.002,0.012594052858509529
3.004,0.18945010880208504
3.006,0.09510156081193726
3.008,0.04804520043574237
3.01,0.1458364990336362
3.012,0.004733005755341552
3.014,0.21440081468066108
3.016,0.375549064119142
3.018,0.20642302843950244
3.02,0.2118113727377452
3.022,0.3033840831728403
3.024,0.38893961801348453
3.026,0.17523805344950782
3.028,0.17811725307058762
3.03,0.31160789504702735
3.032,0.26197501463659834
3.034,0.4785275821941972
3.036,0.38438725102863025
3.038,0.24355535516775234
3.04,0.2619820512451223
3.042,0.1340760661615663
3.044,0.36960129397462804
3.046,0.41751546611883894
3.048,0.4060660149929524
3.05,0.49081882030985674
3.052,0.46353477665164416
3.054,0.3574444609205405
3.056,0.23789012041638932
3.058,0.4830531160264978
3.06,0.456892747850746
3.062,0.3879982905835971
3.064,0.41375398213841474
3.066,0.2590480264774459
3.068,0.5460987796561565
3.07,0.3097107247248773
3.072,0.4032254924510024
3.074,0.15890812678105432
3.076,0.2085107099149837
3.078,0.43180278765355373
3.08,0.3112609468589314
3.082,0.37720767648342496
3.084,0.27542761996729137
3.086,0.2115544657363338
3.088,0.3385828621155247
3.09,0.24247355546640176
3.092,0.12422925707633095
3.094,0.16300845045862913
3.096,0.22100223113999418
3.098,0.19412255436060896
3.1,0.06484664324020054
3.102,0.16062349980685378
3.104,0.1594906303124117
3.106,0.12954138323311853
3.108,0.013586500439581456
3.11,0.08410903407692055
3.112,0.11452541927586017
3.114,0.25154886222083916
3.116,0.2264118437124488
3.118,0.1056294513204618
3.12,0.07362500182475998
3.122,0.14816145672184244
3.124,0.10992829953067731
3.126,0.08350528626301487
3.128,0.06168358289116241
3.13,0.05389706339566935
3.132,0.023378836879363027
3.134,0.1728733287019357
3.136,0.2449801071602662
3.138,0.04055505323542974
3.14,0.1283126877065353
3.142,0.09439424458056618
3.144,0.16994120043097133
3.146,0.1833766552980683
3.148,0.0741707769575968
3.15,0.05351735327890361
3.152,0.12040003140480146
3.154,0.20486218265171224
3.156,-0.015329749006659177
3.158,0.21655156619503402
3.16,0.2652298681515138
3.162,0.11112687354582261
3.164,0.14191568963853596
3.166,0.06107677764916314
3.168,0.143113268512523
3.17,0.025858970235133102
3.172,-0.07388246717626315
3.174,0.14039980319595655
3.176,-0.024789085301377176
3.178,0.04432124166207218
3.18,-0.010210570853265918
3.182,-0.036874672163363834
3.184,0.004782498389714632
3.186,-0.08096665646840831
3.188,0.01127292537562942
3.19,0.042137733568869504
3.192,0.02869589539696714
3.194,-0.026649565545975664
3.196,0.01963615993024813
3.198,-0.21801918603015275
3.2,-0.12195183975472045
3.202,-0.012276666774180711
3.204,-0.028918507093594836
3.206,-0.3065933884695256
3.208,-0.26926462446361754
3.21,-0.14189354483195393
3.212,-0.18901725064995473
3.214,-0.2150347879104402
3.216,-0.29453725890138927
3.218,-0.37071794224294624
3.22,-0.34780299260501374
3.222,-0.3774993870372735
3.224,-0.3405914390646992
3.226,-0.34863992577118813
3.228,-0.4646838044083954
3.23,-0.41650727926448206
3.232,-0.22968649539623853
3.234,-0.5760029163517442
3.236,-0.3944923901268932
3.238,-0.5122179781796675
3.24,-0.4568437995151083
3.242,-0.5224050814692692
3.244,-0.44157041807018466
3.246,-0.3718292094388629
3.248,-0.4475845852755899
3.25,-0.4094358169268636
3.252,-0.7229082703974166
3.254,-0.40027461114834684
3.256,-0.4526186368690154
3.258,-0.3613192308175893
3.26,-0.5536032451205666
3.262,-0.5564046555467211
3.264,-0.488580466804774
3.266,-0.46465698056742777
3.268,-0.3854168117543858
3.27,-0.29623189499698627
3.272,-0.5416290486679902
3.274,-0.3445685305631712
3.276,-0.40406883062467475
3.278,-0.3635853472433358
3.28,-0.4124652150994236
3.282,-0.2450062062418854
3.284,-0.49970107572387035
3.286,-0.25862644780399086
3.288,-0.3875723398318678
3.29,-0.1992437793085406
3.292,-0.1752267160590874
3.294,-0.07939405376526425
3.296,-0.20601516478381124
3.298,-0.2308091015046863
3.3,-0.15808526613619514
3.302,0.041605101191091315
3.304,-0.002040479507765161
3.306,-0.09648321831529295
3.308,-0.09447076996446001
3.31,-0.16646232737973388
3.312,0.05065347553230567
3.314,-0.08354359927893332
3.316,0.10828319587890055
3.318,0.03144886300835034
3.32,0.21557643207064586
3.322,-0.017274033720743084
3.324,0.11334377567348233
3.326,0.2763877892119397
3.328,0.19894951003542274
3.33,0.0237505662697807
3.332,0.11581619025024692
3.334,0.14693221684896884
3.336,0.200298097622213
3.338,0.10601480269166946
3.34,0.11589165532905231
3.342,-0.01753373026952615
3.344,0.15271992585303182
3.346,0.22020242236788193
3.348,0.17223875654377258
3.35,0.025304425940692876
3.352,0.19715510418296717
3.354,0.15193270036371995
3.356,0.10443448874513078
3.358,0.16812405251312315
3.36,0.05327165877010798
3.362,0.04694981314891866
3.364,0.06373580727473803
3.366,0.2287322647445481
3.368,0.1200602380660371
3.37,0.23198373056329752
3.372,0.1038626420614431
3.374,0.1275414236643967
3.376,0.09639643391545599
3.378,0.216838698451279
3.38,0.13828779974054373
3.382,0.04625579644166357
3.384,0.021676252109367133
3.386,0.06743386365020208
3.388,0.03434916651423642
3.39,0.21421850416424387
3.392,0.16498111439735424
3.394,0.3686426657375544
3.396,0.005370111215559609
3.398,0.16247539145901252
3.4,0.0999750613785754
3.402,0.19539588281827566
3.404,0.24986151013316732
3.406,0.02134275685162887
3.408,0.20705141496615473
3.41,0.366616038237091
3.412,0.23174006617955314
3.414,0.32057788503505136
3.416,0.36791488853456034
3.418,0.2421338195963411
3.42,0.20957159631286915
3.422,0.11840772493264506
3.424,0.40175737648834264
3.426,0.35238870359596774
3.428,0.25224629147873895
3.43,0.3205081604948263
3.432,0.28394015174255144
3.434,0.3394101479198646
3.436,0.4635810329567226
3.438,0.29471666599326585
3.44,0.4492263322725643
3.442,0.243272716479349
3.444,0.33575431017292423
3.446,0.5865522897364219
3.448,0.5302277348589859
3.45,0.41231681658711056
3.452,0.29239445033812606
3.454,0.3286033523419377
3.456,0.4140885530973044
3.458,0.4356349863774778
3.46,0.40317631040596735
3.462,0.35731091896992684
3.464,0.31260905516877746
3.466,0.2287572981506347
3.468,0.33260804868982796
3.47,0.44403903738269684
3.472,0.21326328649493115
3.474,0.2523247139173934
3.476,0.18416465020650802
3.478,0.27846850583846555
3.48,0.25137218602246836
3.482,0.368790569599557
3.484,0.2268246180152142
3.486,0.03306511031549578
3.488,0.18846634054267514
3.49,0.09098961543049877
3.492,0.09740717498738778
3.494,0.11367907774436675
3.496,-0.01754248250836929
3.498,0.061604626624286625
3.5,-0.0619608049210683
3.502,-0.03969188552575287
3.504,-0.07430698255388252
3.506,-0.1338246560041845
3.508,-0.055631560253760946
3.51,-0.10265806044264114
3.512,0.0020274167073884575
3.514,0.043402172734272854
3.516,-0.2687553282345786
3.518,-0.24496554621539093
3.52,-0.3765588658392833
3.522,-0.33176894570648496
3.524,-0.30015156532862813
3.526,-0.3520615447715899
3.528,-0.406881012130892
3.53,-0.38241186334536365
3.532,-0.4712663815336011
3.534,-0.2767454402708319
3.536,-0.40317934693858815
3.538,-0.13501200248894152
3.54,-0.44655674085319574
3.542,-0.4268717164369453
3.544,-0.5118538226877265
3.546,-0.234457796227725
3.548,-0.2780768131139919
3.55,-0.3807552275285775
3.552,-0.5477835578299565
3.554,-0.4158632439931287
3.556,-0.47848490652272196
3.558,-0.23809918845095474
3.56,-0.30070553083841267
3.562,-0.39415213582014763
3.564,-0.6099877935278107
3.566,-0.46035751670183467
3.568,-0.2756136897590539
3.57,-0.21334972833475715
3.572,-0.24452741467042882
3.574,-0.4888032165535923
3.576,-0.3263539343917155
3.578,-0.21922541991176198
3.58,-0.3887152566419671
3.582,-0.2558824608283593
3.584,-0.2640137612198547
3.586,-0.32385442327834973
3.588,-0.4161880784811356
3.59,-0.24043929006106232
3.592,-0.21428976004351608
3.594,-0.2192182592053859
3.596,-0.283625666299931
3.598,-0.27030896230821166
3.6,-0.19338780584678636
3.602,-0.11078836876465609
3.604,-0.1687414198550668
3.606,-0.2114460560048743
3.608,-0.19485424452564487
3.61,-0.33507481698150055
3.612,-0.09611115399036174
3.614,-0.11002911093545982
3.616,-0.1290566924906572
3.618,-0.09519931183429563
3.62,-0.33729794920188827
3.622,-0.3049008800325751
3.624,-0.085803766461083
3.626,-0.10827496720653175
3.628,-0.1333137828350108
3.63,-0.2177368038307939
3.632,-0.11807221539784632
3.634,-0.05584749232284507
3.636,-0.06804213146718821
3.638,-0.14984890004351847
3.64,-0.3419403620018049
3.642,-0.12903319161719845
3.644,-0.06477740326380471
3.646,-0.07120602436557677
3.648,-0.18844394934424463
3.65,-0.10060494569405219
3.652,-0.12158993291836823
3.654,-0.059495468670204346
3.656,-0.21199884364182953
3.658,-0.12842682651614282
3.66,-0.06325552345363045
3.662,-0.15731643185540412
3.664,-0.26712783639478666
3.666,-0.11360296553362487
3.668,-0.051605865275164156
3.67,-0.07241049868969476
3.672,-0.08607154463770894
3.674,-0.1532212452729535
3.676,-0.0032944280994559594
3.678,-0.14279218527421494
3.68,-0.07160594912583854
3.682,-0.020280294526850564
3.684,0.022176843604010725
3.686,-0.17703151094426794
3.688,-0.12439927944542767
3.69,-0.12193012048588142
3.692,0.07817067438755985
3.694,-0.023831645583087743
3.696,0.014180228240805559
3.698,0.1131357755006194
3.7,0.06623363279586039
3.702,0.19378057843250115
3.704,0.16777571864256458
3.706,0.2267262507564856
3.708,0.20370345446069377
3.71,0.14816571662397132
3.712,0.2547117327219827
3.714,0.3939974405207254
3.716,0.3380425972617153
3.718,0.1734931350919406
3.72,0.347225441242335
3.722,0.260513948558471
3.724,0.5177324290181831
3.726,0.5044019634878315
3.728,0.4236022615172397
3.73,0.39557173534627715
3.732,0.3913397183129853
3.734,0.5175758655324348
3.736,0.47059327677938895
3.738,0.508788654669483
3.74,0.5257679348548058
3.742,0.40260217579515656
3.744,0.4333281898211402
3.746,0.43196155652367346
3.748,0.4502066192042314
3.75,0.3537283750846753
3.752,0.5213645778182859
3.754,0.6105828989261887
3.756,0.6165451154712086
3.758,0.39604292024537885
3.76,0.561024379441143
3.762,0.5651712790840404
3.764,0.3838685936030026
3.766,0.4419597796576652
3.768,0.30219462320510354
3.77,0.480416522613128
3.772,0.3253533037741372
3.774,0.3708986236933124
3.776,0.21228891560603724
3.778,0.40073811499672646
3.78,0.4528215316863759
3.782,0.27735947924911186
3.784,0.1861686769137816
3.786,0.05817398702482521
3.788,0.2083504963398714
3.79,0.20401571775881022
3.792,0.12019463614330332
3.794,0.2290937970269354
3.796,0.09408406129146636
3.798,0.016832975724135946
3.8,0.0731912580072611
3.802,0.21831604762093743
3.804,0.15482025196472193
3.806,0.03533554390036954
3.808,0.04650047778619358
3.81,-0.09880761656143737
3.812,0.021554362522115213
3.814,0.03438626737647602
3.816,-0.05627643507718477
3.818,-0.04108623720675508
3.82,-0.16313948577990317
3.822,-0.03997781264025309
3.824,-0.009861807194069441
3.826,-0.2983513295536995
3.828,-0.018440541216440592
3.83,-0.3993426569280088
3.832,-0.20194648649915997
3.834,-0.035294461380365544
3.836,-0.12328242797661451
3.838,-0.2406638222398866
3.84,-0.2575590726658422
3.842,-0.10674098010525887
3.844,-0.31552560312067224
3.846,-0.0322404209951075
3.848,-0.12245431328138437
3.85,-0.24990012362287287
3.852,-0.2371079251363449
3.854,-0.2657897040344865
3.856,-0.07332248951934159
3.858,-0.05339488342084467
3.86,-0.2638352815193352
3.862,-0.19981028678083707
3.864,-0.2556577062451128
3.866,-0.05642776650015516
3.868,-0.22446467031285594
3.87,0.023656211861411702
3.872,-0.13956485876657446
3.874,-0.268206605346819
3.876,-0.22943624284786807
3.878,-0.201097019020188
3.88,-0.2069576576556598
3.882,-0.10970813918913797
3.884,-0.25991538288857674
3.886,-0.3642554981389387
3.888,-0.20318837576447463
3.89,-0.2786072184399079
3.892,-0.1838324569731069
3.894,-0.23150718185052654
3.896,-0.27572562401065637
3.898,-0.05849385323229486
3.9,-0.18569837788546756
3.902,-0.1428521451319806
3.904,-0.3190187565512429
3.906,-0.2795847085057185
3.908,-0.24946409528608696
3.91,-0.3433685744715885
3.912,-0.15682980863946486
3.914,-0.3161668450884297
3.916,-0.2793804797389637
3.918,-0.3568979992708469
3.92,-0.318987279948445
3.922,-0.3617325016639583
3.924,-0.30460337506226065
3.926,-0.3127863496763617
3.928,-0.4020386788662401
3.93,-0.3476574354964581
3.932,-0.36632727877435023
3.934,-0.3593233898145809
3.936,-0.36967226887072113
3.938,-0.29952344252944285
3.94,-0.43133066907519657
3.942,-0.4582063726131883
3.944,-0.40029041142348704
3.946,-0.2353486001513585
3.948,-0.47488168637200245
3.95,-0.3429199457430508
3.952,-0.5914767246745521
3.954,-0.415204343641699
3.956,-0.26232471074856295
3.958,-0.31495666577463016
3.96,-0.3497731583094599
3.962,-0.44315377152904933
3.964,-0.40711742618036506
3.966,-0.39373058644887193
3.968,-0.38204326822290946
3.97,-0.3179746409981298
3.972,-0.29683287876375664
3.974,-0.3964127543631488
3.976,-0.3817937442031124
3.978,-0.3683532878088407
3.98,-0.17512031711709036
3.982,-0.15220944696993308
3.984,-0.19721509435584494
3.986,-0.1406378624336405
3.988,-0.1662789825752624
3.99,-0.07457806875879835
3.992,-0.04067691058829427
3.994,-0.07600156671607378
3.996,-0.12590411674247126
3.998,0.11456988374763002
4.0,-0.036156078388283996
4.002,0.0092921086260828
4.004,0.11815915636811296
4.006,0.08882671838620246
4.008,-0.04739941916953039
4.01,0.19575320411315206
4.012,0.1657728275136235
4.014,0.12897701423467622
4.016,0.3108506590430751
4.018,0.24588935365498865
4.02,0.10521495984835469
4.022,0.4017084400221018
4.024,0.36999498801762887
4.026,0.33421969963069253
4.028,0.4399208760636322
4.03,0.3075284144665054
4.032,0.3169184935800747
4.034,0.3207415519348402
4.036,0.45614923736400903
4.038,0.43644605141070986
4.04,0.3645975757838211
4.042,0.2908512394226051
4.044,0.3987257252905248
4.046,0.42700229343902885
4.048,0.3333450862767685
4.05,0.28676350908154685
4.052,0.41286546003509944
4.054,0.16292446958490175
4.056,0.4250984559714361
4.058,0.3954239449668077
4.06,0.5171236581204703
4.062,0.3237695082387179
4.064,0.3879943393339172
4.066,0.3204811668953032
4.068,0.3944982010402249
4.07,0.44541186744982497
4.072,0.30628320096897377
4.074,0.3736203330939982
4.076,0.2034360547280618
4.078,0.33406072332020786
4.08,0.4059441105220275
4.082,0.3628168674160326
4.084,0.40978677900860716
4.086,0.1588759728314949
4.088,0.1191428960130162
4.09,0.18185945275893803
4.092,0.3195237110052891
4.094,0.2671014925563004
4.096,0.18508742561565567
4.098,0.07264526192303708
4.1,0.2515606867253387
4.102,0.12059451914747088
4.104,0.29874430483874587
4.106,0.3873740246134506
4.108,0.15297567925343608
4.11,0.1810273735791083
4.112,0.13338547658497446
4.114,0.04500913575293897
4.116,0.1134645897908324
4.118,0.029862668679655924
4.12,-0.01077218061878249
4.122,0.2747563071183615
4.124,0.1970833095691738
4.126,0.2056268592855222
4.128,0.1121794903895219
4.13,0.09085242991791515
4.132,0.19362079544187755
4.134,0.15732159448130176
4.136,0.2290583682995489
4.138,0.15184257347169103
4.14,0.09893015955070436
4.142,-0.0005640250462747298
4.144,-0.015599419401348985
4.146,0.16348680466104135
4.148,0.1949784547115851
4.15,0.051618094250763275
4.152,0.11528815615523175
4.154,0.12685991411130765
4.156,-0.010675399807969999
4.158,0.11568346705255014
4.16,0.20264121922734862
4.162,0.15433364199398564
4.164,0.005605496644441488
4.166,0.12999814816097532
4.168,0.23445514248350705
4.17,0.2176978884190624
4.172,0.10604213453613918
4.174,0.027540434031984806
4.176,0.003662950169812884
4.178,0.11818905189511458
4.18,0.11631312725978452
4.182,0.12627522457150997
4.184,0.029239419446983515
4.186,0.04290063509023972
4.188,-0.01139735182732993
4.19,0.06870975734104216
4.192,0.0726937453203292
4.194,-0.11009975923822832
4.196,-0.2512368202139561
4.198,-0.00913225602539397
4.2,-0.0970243520015151
4.202,-0.24005072405544195
4.204,-0.18718725161812638
4.206,-0.13110235313239083
4.208,-0.26665033562177526
4.21,-0.29150814604686737
4.212,-0.11759303024084378
4.214,-0.31443880213953357
4.216,-0.34097475204699745
4.218,-0.32310295018245877
4.22,-0.3396241230879237
4.222,-0.3176020142912457
4.224,-0.2642861058156304
4.226,-0.3390415326058659
4.228,-0.3712873670138313
4.23,-0.479814369920211
4.232,-0.45781020301053965
4.234,-0.42524125080137093
4.236,-0.40320554119656754
4.238,-0.38959958648354837
4.24,-0.45862435116105726
4.242,-0.522592319103485
4.244,-0.567248878788869
4.246,-0.46045603491454046
4.248,-0.46521969748870173
4.25,-0.4845454736149371
4.252,-0.35884241432309216
4.254,-0.5694126172649311
4.256,-0.44884048749036903
4.258,-0.3620697338976614
4.26,-0.4481730324052982
4.262,-0.30291545548451965
4.264,-0.5304986736748715
4.266,-0.4373668116348331
4.268,-0.4719667583866215
4.27,-0.41111508668285174
4.272,-0.3804967106120295
4.274,-0.35476973131593253
4.276,-0.37920379669942084
4.278,-0.24655361040660062
4.28,-0.30237322119604204
4.282,-0.31182358209915284
4.284,-0.0902536390590376
4.286,-0.2789589567477265
4.288,-0.3257623966723041
4.29,-0.2590615132977911
4.292,-0.24110760223536326
4.294,-0.09803155708023625
4.296,-0.22087293469415586
4.298,-0.1650890185605176
4.3,-0.12263774441355542
4.302,-0.0017061276740155673
4.304,-0.11268376447295912
4.306,-0.15167860268487765
4.308,-0.05761127179277316
4.31,0.006988582643088846
4.312,0.04617812451199888
4.314,-0.007514640991083614
4.316,0.10233826597937208
4.318,-0.03834973855860335
4.32,-0.01710280347817253
4.322,-0.004779471400563853
4.324,0.22564941084890003
4.326,0.18319849642028274
4.328,0.15203780886641416
4.33,0.17922444408757043
4.332,0.3229107358394724
4.334,0.010034180022947578
4.336,0.11867150176051249
4.338,0.11261523083649636
4.34,0.054971717754492944
4.342,0.024103799944312276
4.344,0.11793780457916228
4.346,0.08687247127097705
4.348,0.21723569895827788
4.35,0.15864436290176856
4.352,0.1565548483359377
4.354,0.16338897345535391
4.356,0.210756244835344
4.358,0.16069937331425785
4.36,0.3430166832033441
4.362,0.14773711268972206
4.364,-0.04223806522667317
4.366,0.05026854010083502
4.368,0.03198027021481409
4.37,0.1821534081491038
4.372,0.13718352036610132
4.374,0.07023156296429481
4.376,0.2685821630790015
4.378,0.19091280037000824
4.38,0.23916057571373703
4.382,0.09757217740649464
4.384,0.052300583311974624
4.386,0.11292850309337972
4.388,0.14811453534066163
4.39,0.03289661754071686
4.392,0.18781800575803898
4.394,0.17979990836532478
4.396,0.1271753455648378
4.398,0.08111350417449104
4.4,0.1470484887053435
4.402,0.22071925456306424
4.404,0.24581195415472368
4.406,0.2557557934456184
4.408,0.2745738220191836
4.41,0.190835623372973
4.412,0.23152263435981488
4.414,0.3348057103733508
4.416,0.3347887463973953
4.418,0.22051406493779624
4.42,0.31927988955268155
4.422,0.37883346452285727
4.424,0.45381303618944346
4.426,0.5037078489118663
4.428,0.2639477084970361
4.43,0.3114922804192126
4.432,0.3315367960165441
4.434,0.3738383529264995
4.436,0.36313670689921324
4.438,0.282942298640688
4.44,0.37285546506898215
4.442,0.2936191567649876
4.444,0.39564990130115735
4.446,0.3691931108751818
4.448,0.3520666862600436
4.45,0.4232523660176299
4.452,0.3797105897227423
4.454,0.41728769458360193
4.456,0.5830956292438624
4.458,0.45481629028717596
4.46,0.4492525261411702
4.462,0.2735726137872817
4.464,0.2268064687022751
4.466,0.47074195274370023
4.468,0.3000505256680311
4.47,0.28735358734626193
4.472,0.31960211660168913
4.474,0.2602737617703458
4.476,0.17754444399271765
4.478,0.2451626139895695
4.48,0.38081289791981954
4.482,0.18611958769504205
4.484,0.07480416693069511
4.486,0.21341685324966356
4.488,0.17415185256862117
4.49,0.10332027427956697
4.492,0.01699352340743529
4.494,0.029003687620720656
4.496,0.01742095612208701
4.498,0.08342992850914852
4.5,-0.08292655798956519
4.502,0.0030622481606349602
4.504,0.032214261721570984
4.506,-0.27907494334554916
4.508,-0.060863991262475735
4.51,-0.24755780970797692
4.512,-0.10820846013703088
4.514,-0.11827471160881281
4.516,-0.09953105436288888
4.518,-0.2065251259300951
4.52,-0.4726460798462053
4.522,-0.33234281125910237
4.524,-0.23868855415990678
4.526,-0.28308754573011463
4.528,-0.2845211719184592
4.53,-0.3077197886101749
4.532,-0.3252527691483134
4.534,-0.3612575924061935
4.536,-0.4774660248348242
4.538,-0.3962160200050434
4.54,-0.3771365329249322
4.542,-0.5198689079943477
4.544,-0.3577245495207298
4.546,-0.2982736730965493
4.548,-0.35748750947455865
4.55,-0.6496108864924643
4.552,-0.5422864229445289
4.554,-0.2818214615266108
4.556,-0.4324934462836098
4.558,-0.5138190673791423
4.56,-0.26662131832183716
4.562,-0.40071881157567457
4.564,-0.32668250135140875
4.566,-0.3595275443915611
4.568,-0.29394984939008517
4.57,-0.2813396838554472
4.572,-0.27746193463612
4.574,-0.179247740489792
4.576,-0.2727976120600212
4.578,-0.4268937826580328
4.58,-0.22031549017307528
4.582,-0.1639316381502434
4.584,-0.18970508856162765
4.586,-0.3339216551353367
4.588,-0.1748195744339863
4.59,-0.1401640492910648
4.592,0.017696069334462966
4.594,-0.26737260574144855
4.596,-0.2791399983779635
4.598,-0.2593575139256887
4.6,-0.22942907526214665
4.602,-0.21738639714331626
4.604,-0.3654013192804349
4.606,-0.21345009963329015
4.608,-0.17269392281000776
4.61,-0.22085929055035416
4.612,0.020556530513854615
4.614,-0.10891399814835406
4.616,-0.0289498502037194
4.618,-0.15114442342345835
4.62,-0.11496012200656752
4.622,-0.12465484612917554
4.624,0.0017946964653168251
4.626,-0.10323047078565284
4.628,-0.10723828164327301
4.63,-0.15146000312499427
4.632,-0.1942833459872271
4.634,-0.09806001424816593
4.636,0.07199018471250812
4.638,-0.15061437873878394
4.64,-0.13976801956438573
4.642,-0.08994977219061512
4.644,-0.07129543408566222
4.646,-0.12183338390674567
4.648,-0.30874365139143223
4.65,-0.11317227169559135
4.652,-0.3679902502451304
4.654,-0.0666057900188411
4.656,-0.1283521400081384
4.658,-0.03033653816285363
4.66,-0.19520617859959857
4.662,-0.28610983543445867
4.664,-0.15688127749939101
4.666,-0.1494605435322563
4.668,-0.13722206207294316
4.67,-0.07267462793754963
4.672,0.11775653255047999
4.674,-0.06576272934856624
4.676,-0.03759685448766571
4.678,-0.0032218592529398016
4.68,0.09373668340343495
4.682,-0.03636486944110672
4.684,-0.21252038322609373
4.686,-0.07232854797718713
4.688,0.04536331733552029
4.69,-0.03649587147631038
4.692,0.06144578032814609
4.694,0.010291240353256535
4.696,0.16510657718968919
4.698,0.1201820815418099
4.7,0.16968030011001892
4.702,0.22500612166270434
4.704,0.18874281105852816
4.706,0.18876160815098003
4.708,0.07087844263026546
4.71,0.028605054017887682
4.712,0.28021036342160927
4.714,0.336417189204862
4.716,0.40331361311540664
4.718,0.410956964998624
4.72,0.4203758751485359
4.722,0.2674409108898589
4.724,0.3765501806253281
4.726,0.46090079997106387
4.728,0.6029637976631443
4.73,0.5014010441684995
4.732,0.49761407175505884
4.734,0.4322709129764832
4.736,0.4295995598439397
4.738,0.5530556956889568
4.74,0.36796028439448897
4.742,0.4284717911987785
4.744,0.47344137310023543
4.746,0.6549437621114524
4.748,0.5069886546575451
4.75,0.3048600289141911
4.752,0.5033338465100431
4.754,0.4099479873112393
4.756,0.5059292819486159
4.758,0.5191933032681288
4.76,0.4811396860512306
4.762,0.5146300176329537
4.764,0.29778420179387766
4.766,0.39248284720930815
4.768,0.5175491003188629
4.77,0.4099508471474582
4.772,0.28173354538730033
4.774,0.40841224972093515
4.776,0.42703271981646834
4.778,0.353709840427062
4.78,0.21399286977467818
4.782,0.3964914479222369
4.784,0.14433145291304877
4.786,0.25535977257668574
4.788,0.1586664730865201
4.79,0.15775608963997723
4.792,0.20892338776477665
4.794,0.17818849200781017
4.796,0.07854503180970956
4.798,0.14998811467296416
4.8,0.08187150018178115
4.802,0.21102695424030743
4.804,0.12907914971577006
4.806,-0.01006694770744801
4.808,-0.07230311439757581
4.81,-0.13773436397430885
4.812,0.04222340869330699
4.814,-0.005766522842551632
4.816,-0.20846515664236032
4.818,-0.11878009390487547
4.82,-0.17278753174874145
4.822,0.04529073811130811
4.824,-0.19023279786804254
4.826,-0.18028660307664449
4.828,-0.024867426048808622
4.83,-0.04699099910266612
4.832,-0.2122611995527227
4.834,-0.1678891699457182
4.836,-0.0486006582321539
4.838,-0.3095369273979441
4.84,-0.3189556024889443
4.842,-0.21135211187896313
4.844,-0.037813995386437954
4.846,-0.15741811612540965
4.848,-0.10997120201919014
4.85,-0.06380535538233281
4.852,-0.021907940689882804
4.854,-0.23055963459822204
4.856,-0.14396744348670154
4.858,0.03377530950554822
4.86,-0.2480783328245756
4.862,-0.08531643165498354
4.864,-0.2680680958464706
4.866,-0.15171077460867255
4.868,-0.1358662646547536
4.87,-0.18132304456948167
4.872,-0.21554943381787936
4.874,-0.15313870369609828
4.876,-0.09561116187410372
4.878,-0.14734640801379598
4.88,-0.09937913279576013
4.882,-0.07160036266426638
4.884,-0.23941164067427867
4.886,-0.13065080076685107
4.888,-0.10726681033184417
4.89,0.07391138117353743
4.892,-0.15374792277247523
4.894,-0.19542549489570232
4.896,-0.14451106852268913
4.898,-0.15304256784654371
4.9,-0.23301827552915844
4.902,-0.19473484000601193
4.904,-0.13361642578641172
4.906,-0.293474397073514
4.908,-0.2995310247226111
4.91,-0.2542388400490794
4.912,-0.14979974133512927
4.914,-0.2683190075107078
4.916,-0.40386194583221824
4.918,-0.4633416654742544
4.92,-0.43288597803548906
4.922,-0.41554671337154114
4.924,-0.2953007455861738
4.926,-0.3890063546219279
4.928,-0.3995080550606268
4.93,-0.4483918157747791
4.932,-0.42063897762917635
4.934,-0.2464339276724803
4.936,-0.28227979503932316
4.938,-0.36195661174893806
4.94,-0.4493460320165415
4.942,-0.46832920211695966
4.944,-0.3824458962183837
4.946,-0.32434200892085846
4.948,-0.4402625902183605
4.95,-0.40159003673833665
4.952,-0.602552597268547
4.954,-0.41564909356635704
4.956,-0.32735939760055316
4.958,-0.37645563788248376
4.96,-0.21810100490143267
4.962,-0.4688168898196686
4.964,-0.39220596899518595
4.966,-0.37643154094988673
4.968,-0.3271889529838756
4.97,-0.30393036520051653
4.972,-0.3041349692131244
4.974,-0.26719868940360186
4.976,-0.2070722996463638
4.978,-0.25971383236182555
4.98,-0.14115303343046604
4.982,-0.2519766636286328
4.984,-0.15447149367666357
4.986,-0.27881082375809524
4.988,-0.08605559865465362
4.99,0.07091232644339246
4.992,-0.07475061567700875
4.994,-0.2440818444271915
4.996,-0.1272842051516887
4.998,0.035987685227415245
5.0,0.04424614296200735
5.002,0.08247541340971892
5.004,0.164131838968479
5.006,0.10743464030248144
5.008,0.1624019196353837
5.01,0.1794928378798089
5.012,0.2950444297606596
5.014,0.24655518856443429
5.016,0.28816868201428714
5.018,0.17126514208043356
5.02,0.1582614542794727
5.022,0.3960752240349936
5.024,0.33458757265414935
5.026,0.39942583414969224
5.028,0.322602572766785
5.03,0.24786333968654004
5.032,0.3200437709949833
5.034,0.4884450826380136
5.036,0.45402040816179917
5.038,0.26139996124635706
5.04,0.34620360806655764
5.042,0.4966336511483878
5.044,0.37122758800925726
5.046,0.28854790096126115
5.048,0.5914669426093123
5.05,0.45909989797251205
5.052,0.36205216102528753
5.054,0.34136211590246734
5.056,0.4952537681978658
5.058,0.3903119175690195
5.06,0.504324443531348
5.062,0.40662258782897287
5.064,0.35481015623275525
5.066,0.3638754586211658
5.068,0.3714009058242066
5.07,0.4701161545929642
5.072,0.27406023170680005
5.074,0.16414193218770373
5.076,0.33208709472798653
5.078,0.36099236216090597
5.08,0.37055222489994016
5.082,0.3426321376422405
5.084,0.23082795860275912
5.086,0.28294973456718786
5.088,0.2258301859805365
5.09,0.22243717657334533
5.092,0.24173700070098014
5.094,0.3889188337168203
5.096,0.038108806280229
5.098,0.20246487419527534
5.1,0.05588246904913097
5.102,0.2099122342936737
5.104,0.1713381394362632
5.106,-0.008023312972142815
5.108,0.15478259476240974
5.11,0.10397567775111043
5.112,0.004877750691714033
5.114,0.25699164870182467
5.116,0.27648263307235077
5.118,0.23650423535128617
5.12,0.1337047007465328
5.122,0.14065216284488977
5.124,0.2815068377987839
5.126,0.30984253966361464
5.128,0.22758677583528106
5.13,0.029359108334999023
5.132,0.13256432911993146
5.134,0.19506985552022577
5.136,0.04183349574419254
5.138,0.20507177006894778
5.14,0.3081417368876095
5.142,0.16318400146593778
5.144,0.26049355210335373
5.146,0.199044935156655
5.148,0.18460125343342826
5.15,0.1850102083939461
5.152,0.05278001351925124
5.154,0.04545769409332155
5.156,0.2631096052503216
5.158,0.2986808272402276
5.16,0.09077160248152386
5.162,0.20080884800662546
5.164,0.09094269190793737
5.166,0.14450699008023074
5.168,0.1894800556094699
5.17,0.23508008914972922
5.172,0.12028245364631623
5.174,0.17779149872208322
5.176,0.07876353609736716
5.178,0.13069821105991575
5.18,0.034043802085369904
5.182,0.24861562493972228
5.184,0.05627550825369138
5.186,0.034439313090054435
5.188,-0.14761961936087503
5.19,-0.059881501795821655
5.192,0.10205861872449618
5.194,-0.02278633935684888
5.196,-0.25968767525060416
5.198,-0.04954849018785887
5.2,-0.16105967480671549
5.202,0.010013506454389809
5.204,-0.13710854612892287
5.206,-0.17647576164033038
5.208,-0.14995982284381545
5.21,-0.3223426701697004
5.212,-0.30909132369260073
5.214,-0.24637570406067402
5.216,-0.2109486594569085
5.218,-0.4464840483954091
5.22,-0.5043032856433649
5.222,-0.2914117828750056
5.224,-0.38542341438650657
5.226,-0.38630590329401693
5.228,-0.5589829142841123
5.23,-0.5133959743231612
5.232,-0.4634314509999721
5.234,-0.35941375659581626
5.236,-0.4821118053608616
5.238,-0.3188126814715661
5.24,-0.5578004876510256
5.242,-0.5807770234623111
5.244,-0.37953019584176567
5.246,-0.4489529233704469
5.248,-0.5071402530179661
5.25,-0.5124106504944538
5.252,-0.4271185526909572
5.254,-0.41021456941158124
5.256,-0.547967063362023
5.258,-0.4509414040835323
5.26,-0.44880063931983916
5.262,-0.5688422738596155
5.264,-0.5047103345483535
5.266,-0.4628681205842887
5.268,-0.3168455404802495
5.27,-0.28639910560649084
5.272,-0.4267481753124801
5.274,-0.4395903078094231
5.276,-0.351587999256861
5.278,-0.39409787426754783
5.28,-0.24768478420963352
5.282,-0.292282618701578
5.284,-0.3841243338604736
5.286,-0.3870449057334635
5.288,-0.15243917731153622
5.29,-0.2160341306493985
5.292,-0.03446488156098934
5.294,-0.21404800640596305
5.296,-0.16842633517217726
5.298,0.016136121228429168
5.3,-0.20214799003156442
5.302,-0.21205068030127783
5.304,0.0579829734607452
5.306,-0.13177754822489846
5.308,-0.07721156549579722
5.31,-0.08796161696903679
5.312,0.04102856194061187
5.314,-0.018801239238155958
5.316,0.0337442715813977
5.318,0.057144361733575615
5.32,-0.05604442279720706
5.322,0.014730088205540545
5.324,0.09376611626884941
5.326,0.0182195383999927
5.328,0.06983346018821199
5.33,0.08895125358840018
5.332,0.06593488065329953
5.334,0.12506214890121325
5.336,0.17614949455815704
5.338,0.10944976057586456
5.34,0.17832229281446071
5.342,0.2251887097367537
5.344,0.10475961832794936
5.346,0.22301662701235786
5.348,0.17126293712051374
5.35,0.18374748479056327
5.352,0.24333491765110693
5.354,0.16346346076574467
5.356,0.020642533456434076
5.358,0.22689173877592314
5.36,0.27195431045737867
5.362,0.11125492977129758
5.364,0.18641149947273167
5.366,0.07524935646997133
5.368,0.052377376575252904
5.37,0.19206015932360912
5.372,0.006409800630666679
5.374,0.08852393776476573
5.376,0.21065545509860042
5.378,-0.0057868620158349204
5.38,0.07871296312491902
5.382,0.08949547682893913
5.384,0.12716658584158347
5.386,0.08072672031392465
5.388,0.2462048747041652
5.39,0.2577494092372066
5.392,0.24186440327148911
5.394,0.19032456688294336
5.396,0.17584566098531684
5.398,0.07722614873715183
5.4,0.2587881315435592
5.402,0.14590444970015626
5.404,0.3053781117781033
5.406,0.30226386701108515
5.408,0.20497449379016142
5.41,0.20028639653820443
5.412,0.30003992271381186
5.414,0.07087178688255175
5.416,0.3101018105633672
5.418,0.24618177977131156
5.42,0.25199816235082584
5.422,0.35698923826219986
5.424,0.34449660521157144
5.426,0.270225627842184
5.428,0.32194878592376397
5.43,0.3157848623990785
5.432,0.33982929321352684
5.434,0.39463778779192166
5.436,0.4982272640615119
5.438,0.3149044946564479
5.44,0.3794971458798538
5.442,0.4582819854182803
5.444,0.25000150308636737
5.446,0.4470883286734948
5.448,0.3932090737697474
5.45,0.37485166642961715
5.452,0.29525226732106885
5.454,0.3573810796218899
5.456,0.555526977084598
5.458,0.3314786988961352
5.46,0.3168771845777394
5.462,0.25562275448358984
5.464,0.4679525268754351
5.466,0.307128420560141
5.468,0.37187778323488035
5.47,0.33864647777525825
5.472,0.24717620002676943
5.474,0.24867710311137786
5.476,0.44640445296709974
5.478,0.3809261451645539
5.48,0.21422781508442662
5.482,0.30240500464651454
5.484,0.11977614386668688
5.486,-0.004100047530018247
5.488,0.2163289730267482
5.49,0.24576919166295375
5.492,0.22725106478142554
5.494,0.0509843361982486
5.496,0.008455252349872766
5.498,0.05015740561110257
5.5,0.03131968298785018
5.502,-0.02166715902220872
5.504,-0.1513230566794669
5.506,-0.07946354060444752
5.508,-0.05724611355869781
5.51,-0.24876882705419945
5.512,-0.08366734907950792
5.514,-0.1114860279669788
5.516,-0.12628610462140163
5.518,-0.18084103642405366
5.52,-0.3380200598618406
5.522,-0.39891722349980224
5.524,-0.2924265265628035
5.526,-0.19635896943836545
5.528,-0.36609034258107515
5.53,-0.42639257897236416
5.532,-0.5196369354166599
5.534,-0.20390379263776734
5.536,-0.26370197263115913
5.538,-0.2981858415946899
5.54,-0.333027953833685
5.542,-0.38649645886683676
5.544,-0.4277728363448249
5.546,-0.3840462652077001
5.548,-0.40184201674559383
5.55,-0.1937292368342645
5.552,-0.3955663914236292
5.554,-0.4698206295192031
5.556,-0.35153068090804157
5.558,-0.435957122957331
5.56,-0.24508057189951316
5.562,-0.45467278656375343
5.564,-0.37499090585823003
5.566,-0.2964060280296645
5.568,-0.29985309675066474
5.57,-0.3028228243270423
5.572,-0.3323968328013158
5.574,-0.36595746412524666
5.576,-0.39661399805096065
5.578,-0.33642531161195
5.58,-0.13768118150331135
5.582,-0.26393303021331094
5.584,-0.3487848546351378
5.586,-0.34109706423953123
5.588,-0.17998547559326417
5.59,-0.1603349106020052
5.592,-0.14327899136453176
5.594,-0.22797416275436516
5.596,-0.19267895465209084
5.598,-0.2863528800449475
5.6,-0.2109804257667112
5.602,-0.06860037817088395
5.604,-0.07444506451300845
5.606,-0.2572269294114981
5.608,-0.27068468381868643
5.61,-0.17270537068479708
5.612,0.003816625805081214
5.614,-0.2632292763231434
5.616,-0.10996553945280355
5.618,-0.2821415229677185
5.62,-0.23181918628007345
5.622,-0.1761484438890083
5.624,-0.14134874156191965
5.626,-0.15040929396898967
5.628,-0.14635137346026247
5.63,-0.2235870831474397
5.632,-0.28821710012538215
5.634,-0.06806903076030249
5.636,-0.046530941611397356
5.638,-0.0615286785693276
5.64,-0.29658397069376496
5.642,-0.16665863605343711
5.644,-0.10843738809665211
5.646,-0.20526686279946604
5.648,-0.11733869530026754
5.65,-0.16380982881231662
5.652,-0.04306025686982837
5.654,-0.03024108553313351
5.656,-0.2750585611700216
5.658,0.08920370070563219
5.66,-0.1962553452373782
5.662,-0.08345537402425575
5.664,-0.10010178976158576
5.666,-0.22642748648309916
5.668,-0.058437372473242724
5.67,-0.08805022993745659
5.672,-0.05929193844150216
5.674,-0.11407098894765041
5.676,-0.025849584127116618
5.678,-0.0647048471255259
5.68,-0.038050213658849606
5.682,0.06652600303552017
5.684,-0.0017078014233803812
5.686,0.0013034142089666523
5.688,-0.07274247324489033
5.69,-0.04253286237897272
5.692,0.030137284907080897
5.694,0.015967108938998664
5.696,0.107840178534476
5.698,0.13830424433281133
5.7,0.10514662729590202
5.702,0.289751538118977
5.704,0.3012003027639123
5.706,0.19242901886081037
5.708,0.09994186734940534
5.71,0.3295505442727725
5.712,0.26332248491173055
5.714,0.3205911844175645
5.716,0.2794040455928555
5.718,0.2140668736082595
5.72,0.17728484192339522
5.722,0.3979122642379667
5.724,0.3420592991095787
5.726,0.6672365546203018
5.728,0.3135255368347746
5.73,0.2824025098728723
5.732,0.4488733960442614
5.734,0.5856390277378081
5.736,0.5054227028918095
5.738,0.5357224586332667
5.74,0.3085293921365448
5.742,0.3933457756218596
5.744,0.3967343506893802
5.746,0.3759071269858053
5.748,0.5447228576162322
5.75,0.3205737902711705
5.752,0.357202597410052
5.754,0.4228942320384886
5.756,0.4360159331175059
5.758,0.5578423595120634
5.76,0.5274824210688546
5.762,0.5229066707650035
5.764,0.4806040906791059
5.766,0.5251090083545619
5.768,0.4626725952687447
5.77,0.4833549812403373
5.772,0.45135917828243827
5.774,0.3662603580516774
5.776,0.3054096045877753
5.778,0.3307140542913302
5.78,0.3054558457858448
5.782,0.3737432145791216
5.784,0.26960126949981594
5.786,0.1776019303778893
5.788,0.17668399351992103
5.79,0.15371133427871062
5.792,0.32258349643012846
5.794,0.19914171008452064
5.796,0.0610576902747664
5.798,0.16757567238391086
5.8,0.07272114567493643
5.802,0.02009163434558782
5.804,0.18828307960182578
5.806,0.002769869654968525
5.808,-0.03573985090769642
5.81,-0.0026402584225656694
5.812,0.11037189228716461
5.814,0.02420346420686524
5.816,-0.11461888448889587
5.818,-0.03241274375436134
5.82,-0.1395039873492868
5.822,0.07027044846000556
5.824,-0.054100086676408976
5.826,-0.2437813789298231
5.828,-0.0850757997248035
5.83,3.577168103392758e-05
5.832,-0.02658894137104656
5.834,0.029154038979534364
5.836,-0.17948030478693675
5.838,-0.050396751964170844
5.84,-0.22781967090743593
5.842,-0.17095028785755295
5.844,-0.26364143497595105
5.846,-0.17411617026269044
5.848,-0.17214588114708435
5.85,-0.08262407477606121
5.852,-0.12640118961855457
5.854,-0.16226617839989366
5.856,-0.2506542190324621
5.858,-0.13692026291784887
5.86,-0.18599170944467452
5.862,-0.09794885676372048
5.864,-0.09234806503219453
5.866,-0.07539771709444111
5.868,-0.1768742944161036
5.87,-0.32384476629654657
5.872,-0.27825823145561246
5.874,-0.06152169458982856
5.876,-0.2073547032727058
5.878,-0.19702548121993185
5.88,0.026424637980475313
5.882,-0.016081492328494623
5.884,-0.15972624107965622
5.886,-0.21329844872500142
5.888,-0.1833823551216796
5.89,-0.11620569885548612
5.892,0.004344194977859872
5.894,-0.12498155682327015
5.896,-0.14794601560545312
5.898,-0.1250292926338959
5.9,-0.2837853833409786
5.902,-0.1020928744536867
5.904,-0.2004723932167807
5.906,-0.4285552734765741
5.908,-0.4369418690402762
5.91,-0.3428556703600517
5.912,-0.18697697783350692
5.914,-0.21084715298912052
5.916,-0.24172185229570936
5.918,-0.15393838945786126
5.92,-0.43366010188778775
5.922,-0.31268796425022927
5.924,-0.2585770430714817
5.926,-0.3527977916571862
5.928,-0.34102151866829283
5.93,-0.5144608917029705
5.932,-0.2726058513793404
5.934,-0.406763438396773
5.936,-0.17272358901148652
5.938,-0.36584491088443016
5.94,-0.33021964433813
5.942,-0.4379348191064056
5.944,-0.41112512039539045
5.946,-0.4177978814467948
5.948,-0.35812327538100885
5.95,-0.3790686016343444
5.952,-0.502763712488713
5.954,-0.4425897495687864
5.956,-0.4371392462418199
5.958,-0.17007702216282908
5.96,-0.3706016261855648
5.962,-0.27469924188907346
5.964,-0.42525098868406047
5.966,-0.3528225498938205
5.968,-0.4248742653200306
5.97,-0.3305503991095685
5.972,-0.2958605979507403
5.974,-0.20815508240390457
5.976,-0.29953257633424296
5.978,-0.148836183906043
5.98,-0.15511999038796065
5.982,-0.06564320077011532
5.984,-0.22047130727916098
5.986,-0.026633684999796237
5.988,-0.2121400897748336
5.99,-0.1672558904838793
5.992,-0.1617881326144192
5.994,0.11780360856203484
5.996,-0.017882564682667787
5.998,-0.08929198418615059
6.0,0.09992181574988586
6.002,0.11757770032514497
6.004,0.2407285682021473
6.006,-0.0551482614565804
6.008,0.04375509597415486
6.01,0.06893723303263474
6.012,0.015413779429010316
6.014,0.30267767823430736
6.016,0.19411620543048935
6.018,0.25500580432621583
6.02,0.39516007395055996
6.022,0.23127431745526356
6.024,0.2835989599357638
6.026,0.3445285224586098
6.028,0.3916831598525543
6.03,0.24944754973532407
6.032,0.26868821181783203
6.034,0.4581407028359158
6.036,0.4398923481264858
6.038,0.23473955298441415
6.04,0.2653918206351088
6.042,0.4741490168381921
6.044,0.42048559960355264
6.046,0.3716105218170146
6.048,0.4263902591967035
6.05,0.40556743101160814
6.052,0.4265118585527289
6.054,0.26241446320032613
6.056,0.34138968272090525
6.058,0.4555070499761883
6.06,0.4044771631304368
6.062,0.40899569958197163
6.064,0.23687501040499645
6.066,0.38080456829603837
6.068,0.4727250383115357
6.07,0.42541042874816476
6.072,0.3544165974558574
6.074,0.28622525412884203
6.076,0.21614379267486325
6.078,0.3047334085203432
6.08,0.4329094009294328
6.082,0.3004915875447882
6.084,0.18528686972189223
6.086,0.1805713511151196
6.088,0.24554285990298388
6.09,0.23152514166408564
6.092,0.3055125683264629
6.094,0.2690951586746835
6.096,0.24802554727623027
6.098,0.2763665836328149
6.1,0.2698800012088108
6.102,0.1438317762276739
6.104,0.13374558252248725
6.106,0.1527172326454676
6.108,0.08756555894855747
6.11,0.043312584569605475
6.112,0.1374789145627868
6.114,0.1518651667503601
6.116,0.10793431965234514
6.118,0.09203112907516157
6.12,0.19926425351988672
6.122,0.15290655505865583
6.124,0.3729990342115526
6.126,0.18889250771798227
6.128,0.11369601769023502
6.13,0.10501274712577491
6.132,0.13697609913821832
6.134,0.194728880550597
6.136,0.35273975932629464
6.138,0.0998972801010814
6.14,0.1950260754634822
6.142,0.12860915601100442
6.144,0.016932686182382167
6.146,0.24606765931394198
6.148,0.29186860421644506
6.15,0.0859343848852839
6.152,0.11733143592664308
6.154,-0.0154686318885415
6.156,0.06110072390202591
6.158,0.2727358060202904
6.16,0.1327467872479112
6.162,0.034664705647277166
6.164,0.11625631911309758
6.166,0.07552930960650478
6.168,0.11499683183263189
6.17,0.2146781337537813
6.172,0.020726328782516817
6.174,-0.007450677916613163
6.176,0.06633690828848748
6.178,0.15831625252220727
6.18,0.1997576335275391
6.182,0.02271796645441205
6.184,0.09367967175085644
6.186,-0.08533186441518754
6.188,0.1271319932885911
6.19,-0.08476702198307717
6.192,0.1093062285543369
6.194,-0.09825651736574724
6.196,0.05447441991928005
6.198,-0.08530602619836442
6.2,-0.1988383728111428
6.202,-0.1446709307791465
6.204,-0.06758719542272112
6.206,-0.10864074311272388
6.208,-0.24993343646910357
6.21,-0.24697057002425427
6.212,-0.1689953364543614
6.214,-0.22011195626796387
6.216,-0.38060287217369004
6.218,-0.40505179015754217
6.22,-0.3520509222001054
6.222,-0.2600708637186997
6.224,-0.20790655544817904
6.226,-0.29256546859867705
6.228,-0.3874548212459864
6.23,-0.39917251829640427
6.232,-0.5161661352860201
6.234,-0.4461024620263118
6.236,-0.48634384976925
6.238,-0.5513021799467762
6.24,-0.476352084785753
6.242,-0.511288614808719
6.244,-0.4475066012328745
6.246,-0.4221807890881671
6.248,-0.4435667329911365
6.25,-0.4554706667457971
6.252,-0.5387790865925186
6.254,-0.4944794833638462
6.256,-0.5407151612352992
6.258,-0.41797022522607424
6.26,-0.40253977071036146
6.262,-0.5435175792640621
6.264,-0.4961089624169267
6.266,-0.5131821501907796
6.268,-0.4501828345164813
6.27,-0.47298745627955985
6.272,-0.2991494294304485
6.274,-0.33721924232295414
6.276,-0.3617366750831277
6.278,-0.18950712219788676
6.28,-0.30991565207409577
6.282,-0.042709106503186545
6.284,-0.32477480087044
6.286,-0.2900825005626101
6.288,-0.30002610610922825
6.29,-0.17373436751311314
6.292,-0.09884401484195346
6.294,-0.18207041699301546
6.296,-0.0495851634932912
6.298,-0.156146073842355
6.3,-0.09591821956968687
6.302,-0.13294533587039106
6.304,-0.011464311078211484
6.306,-0.0763549974581933
6.308,-0.12421423471428139
6.31,-0.10320611278477959
6.312,0.2333166098447283
6.314,0.036163477322379275
6.316,-0.06841935505043191
6.318,-0.0346985811695516
6.32,0.020494860946643004
6.322,0.11447017318652312
6.324,0.16594046469475723
6.326,0.18665393728022123
6.328,0.052049514281109766
6.33,0.10668276587629587
6.332,0.027814038851521825
6.334,0.09720082969463091
6.336,0.10432491027066199
6.338,0.06683812920259055
6.34,0.20817404665375835
6.342,0.16539939583092006
6.344,0.2200432793018518
6.346,0.1873458137760804
6.348,0.25257692546450267
6.35,0.013605344816087522
6.352,0.18711955659846796
6.354,0.13694028372469946
6.356,0.2126844645731359
6.358,0.22097395218405785
6.36,0.09436079862969089
6.362,0.009139441339861054
6.364,0.04979638168867083
6.366,0.17565198226395445
6.368,0.22642782255107535
6.37,0.07133125562644582
6.372,0.06843998889291882
6.374,0.04984676392098791
6.376,0.07912366926561813
6.378,0.03803010397565029
6.38,0.06730856550681538
6.382,0.10631123272926458
6.384,0.13913248151644883
6.386,0.01553651598534278
6.388,0.1250096833707332
6.39,0.2660857682012104
6.392,0.09810018859291916
6.394,0.1621584810625927
6.396,0.2263678175265956
6.398,0.11272326593311645
6.4,0.14431772799036868
6.402,0.3279476551934083
6.404,0.21405178594820087
6.406,0.2957320688580263
6.408,0.2224225569132865
6.41,0.186955869022371
6.412,0.3063903724968354
6.414,0.32542921759828775
6.416,0.3675917787647147
6.418,0.21138245656929702
6.42,0.25934489673791183
6.422,0.29554538286199633
6.424,0.40680997026793864
6.426,0.2794278408187435
6.428,0.41461916344882677
6.43,0.3476867254462455
6.432,0.2252805743964235
6.434,0.47834526444754977
6.436,0.5938051869318438
6.438,0.48193397646313646
6.44,0.4795998907647742
6.442,0.3619173200570308
6.444,0.25585002926225864
6.446,0.28518695811768335
6.448,0.46044591743700947
6.45,0.35715019256907243
6.452,0.2944707653120398
6.454,0.3659254021604281
6.456,0.4574733509593645
6.458,0.3164125240493389
6.46,0.3745357751536177
6.462,0.48056717474630206
6.464,0.24373599352747607
6.466,0.41369649197503855
6.468,0.33515044713876896
6.47,0.41453261385175255
6.472,0.41051623087523575
6.474,0.32679169619933557
6.476,0.3224777326852877
6.478,0.17743298881397337
6.48,0.3715556170471198
6.482,0.18238362723079649
6.484,0.20706130692572344
6.486,0.1586690585374616
6.488,0.17357790432315495
6.49,0.17991829801628487
6.492,0.07606208641561568
6.494,-0.019415836847839096
6.496,0.09158520546696372
6.498,0.0050429275199629815
6.5,0.09195014727662623
6.502,0.006245203946522407
6.504,-0.13421045992417996
6.506,-0.011283181655476232
6.508,-0.17319653347047548
6.51,-0.12560148733778523
6.512,-0.186564853891937
6.514,-0.006465226758978426
6.516,-0.25642315161464396
6.518,-0.27759345673006586
6.52,-0.27386694429201947
6.522,-0.35693505765357175
6.524,-0.22330340222116712
6.526,-0.13853631664312738
6.528,-0.3619670031545062
6.53,-0.33925768754121594
6.532,-0.5938837389457792
6.534,-0.3472299330406323
6.536,-0.35480244681928125
6.538,-0.42525732828949614
6.54,-0.3239299472057575
6.542,-0.45873262232021683
6.544,-0.42242472689793376
6.546,-0.40112056686105474
6.548,-0.520982137319429
6.55,-0.4950674123936212
6.552,-0.36315187503796953
6.554,-0.6015126459614913
6.556,-0.4500756508106073
6.558,-0.3870652140320075
6.56,-0.22595136000334268
6.562,-0.3402989576594685
6.564,-0.4596513826322776
6.566,-0.2773231426398776
6.568,-0.3898758459271445
6.57,-0.22965243937389326
6.572,-0.44197117926363416
6.574,-0.2755815498311446
6.576,-0.38296881057443305
6.578,-0.38274697650568157
6.58,-0.2734199004414941
6.582,-0.23306256522087887
6.584,-0.32550102752658644
6.586,-0.25547697601098207
6.588,-0.31465464074216926
6.59,-0.1647536497406594
6.592,-0.15272756066018817
6.594,-0.21224631121820986
6.596,-0.2738585372551986
6.598,-0.2227447263876747
6.6,-0.14619100381633987
6.602,0.01875919505630444
6.604,-0.06923364508267477
6.606,-0.10059494575016284
6.608,0.04483840800282071
6.61,-0.14012486476844682
6.612,-0.0955024832635471
6.614,-0.05366285721989088
6.616,-0.21294945282551925
6.618,-0.2075701873553616
6.62,-0.22156624813341674
6.622,-0.09518505226630394
6.624,-0.12164203906466098
6.626,-0.09664774475830355
6.628,-0.05993156867848737
6.63,-0.1117145787206618
6.632,-0.1841581895803332
6.634,-0.18405820751238797
6.636,-0.015938736451049873
6.638,-0.06707132889834869
6.64,-0.30182575645628085
6.642,-0.21562440337282926
6.644,-0.1492744595998709
6.646,-0.06046431995461646
6.648,-0.04526443555966313
6.65,-0.13179601709344124
6.652,-0.14361250704657552
6.654,-0.17906982430389165
6.656,-0.1958181847580342
6.658,-0.13121161103591328
6.66,-0.12151799261389964
6.662,-0.16468357757193458
6.664,-0.328587460586163
6.666,-0.1785709351301129
6.668,-0.0934023437332461
6.67,-0.1019571297486249
6.672,-0.12338424245303704
6.674,-0.09348546347372924
6.676,-0.20787331792062785
6.678,-0.20098018769331538
6.68,-0.05247387137167224
6.682,0.039970016831088986
6.684,0.08686476454686974
6.686,0.005328601790873529
6.688,-0.13703664025370005
6.69,0.022498780982758922
6.692,0.09608580685381476
6.694,0.07984010914733627
6.696,0.08808860127766395
6.698,-0.013138395407574888
6.7,0.12275249746254932
6.702,0.20890384299511017
6.704,0.25777642752698293
6.706,0.10849965221974534
6.708,0.13808065969341793
6.71,-0.012785002087945002
6.712,0.21848691558778982
6.714,0.26854477726540354
6.716,0.2250056869879871
6.718,0.29849907173065093
6.72,0.2903003617849985
6.722,0.1665456881471698
6.724,0.4219720209654461
6.726,0.348208125837434
6.728,0.43926654017900063
6.73,0.2804450080530914
6.732,0.4104628218776576
6.734,0.44064088310949784
6.736,0.5245036811323773
6.738,0.4999188472303987
6.74,0.43560005153152986
6.742,0.3246449141536618
6.744,0.3644469719435154
6.746,0.48079983985425584
6.748,0.5347020481799565
6.75,0.45134016422408074
6.752,0.5129952291433991
6.754,0.4435320620226239
6.756,0.42531778201122544
6.758,0.5038819758964637
6.76,0.5211047926219687
6.762,0.47739354859613603
6.764,0.5706837226215458
6.766,0.3803312380053762
6.768,0.45694777434224554
6.77,0.4931675449205581
6.772,0.4085642453928448
6.774,0.31487837058131174
6.776,0.21324457527361287
6.778,0.3164426923142724
6.78,0.2849643246348165
6.782,0.2018853336964393
6.784,0.21346817609297197
6.786,0.14688849276751859
6.788,0.27636650268932317
6.79,0.298630579494473
6.792,0.1719658459646832
6.794,0.17203400607693592
6.796,-0.018577721128368446
6.798,0.06334465640113508
6.8,0.14947560251469055
6.802,0.19860671567569171
6.804,0.04954152992899637
6.806,0.12988601766246277
6.808,-0.12428327741207472
6.81,-0.10574488398200857
6.812,0.07573770371497804
6.814,0.15629017922261737
6.816,0.020785044657408686
6.818,-0.07915029500605034
6.82,-0.27631950913012454
6.822,-0.24255923374583216
6.824,-0.04365774596489811
6.826,-0.0936235526636228
6.828,-0.2021318120694185
6.83,-0.15028944523337995
6.832,-0.14345205505404415
6.834,-0.041769034637774274
6.836,-0.08697130731540949
6.838,-0.02509739417555837
6.84,-0.16942058536459983
6.842,-0.19812023939548973
6.844,-0.07666026577700455
6.846,-0.20083497947539328
6.848,0.10710965090328967
6.85,-0.12448789893412612
6.852,-0.15999237912511394
6.854,-0.1424040788285622
6.856,0.0075504124385054605
6.858,-0.04858851526807123
6.86,-0.2547068691295739
6.862,-0.055245286517882575
6.864,-0.21387457961317288
6.866,-0.15133615814977336
6.868,-0.21879705863676205
6.87,-0.0625859550634705
6.872,-0.18901122281062796
6.874,-0.16723828179693043
6.876,-0.19798222855598124
6.878,0.01703351238014078
6.88,0.053592638517228036
6.882,-0.11357323435037796
6.884,-0.15656392192372637
6.886,-0.21970163874784476
6.888,-0.084333754776393
6.89,-0.16069231235315581
6.892,-0.1573665694993625
6.894,-0.08049152166904538
6.896,-0.24909226587392427
6.898,-0.22159130411539552
6.9,-0.31671616577990946
6.902,-0.10614659824176065
6.904,-0.021637537709312704
6.906,-0.1695696279907668
6.908,-0.14974437227762283
6.91,-0.32909443233274954
6.912,-0.21056889355864758
6.914,-0.2954039121658973
6.916,-0.27469243251626063
6.918,-0.24823694988458772
6.92,-0.32398728365072976
6.922,-0.4235045777236366
6.924,-0.38813421333960474
6.926,-0.4043890568533728
6.928,-0.30397145107976803
6.93,-0.2213533821236818
6.932,-0.27640168924132297
6.934,-0.5039130901260048
6.936,-0.2215495271481789
6.938,-0.28833493160985374
6.94,-0.5360879252123651
6.942,-0.45792671892395426
6.944,-0.3210238208948673
6.946,-0.32704085391424925
6.948,-0.47238079392135124
6.95,-0.3556491247237864
6.952,-0.6110230794619514
6.954,-0.4504119703605755
6.956,-0.2972947954052511
6.958,-0.35257861048630734
6.96,-0.40333816858960436
6.962,-0.3271701137230083
6.964,-0.3316210570125214
6.966,-0.2687623857872466
6.968,-0.2492177453126901
6.97,-0.20827460824516347
6.972,-0.2540706870188739
6.974,-0.3137930969513801
6.976,-0.3101304785672289
6.978,-0.2785145903292762
6.98,-0.30336778264897535
6.982,-0.2722602286328804
6.984,-0.2383090884495861
6.986,-0.19853532908374621
6.988,-0.058043385701374434
6.99,-0.10928272197810375
6.992,0.015294198630906211
6.994,0.01766688735196864
6.996,-0.10195411430720802
6.998,-0.014987108606108877
7.0,-0.019482243337990878
7.002,0.16833319704199515
7.004,0.13430583755336953
7.006,-0.026560335212472017
7.008,0.07790587681159591
7.01,0.2377879166939595
7.012,0.1588099107779506
7.014,0.25366870425953625
7.016,0.2594182369138873
7.018,0.11290547599412451
7.02,0.24723495514126914
7.022,0.1480270006387191
7.024,0.26724127003622544
7.026,0.4210932262802312
7.028,0.3412438748385508
7.03,0.27042636714041235
7.032,0.35488202128801216
7.034,0.3687581813961896
7.036,0.4106074824075871
7.038,0.45086329616239684
7.04,0.3052337453399083
7.042,0.3572770601763904
7.044,0.36334988138871116
7.046,0.30573792633198266
7.048,0.36638657127556007
7.05,0.5299650129525856
7.052,0.39843105489713304
7.054,0.26518847067692575
7.056,0.2854372637466608
7.058,0.4246974775782659
7.06,0.5373588522241917
7.062,0.348306314186679
7.064,0.43979556646608964
7.066,0.3803887358598186
7.068,0.4230983853890036
7.07,0.27960730423185853
7.072,0.4182894920149215
7.074,0.26710137935223965
7.076,0.3519792811854585
7.078,0.24535969735665597
7.08,0.34629688049979684
7.082,0.3381741043878172
7.084,0.244148523543705
7.086,0.25231473366324
7.088,0.20816307010550894
7.09,0.20948148119525065
7.092,0.3951269763049328
7.094,0.3111838871236615
7.096,0.11603771324000543
7.098,0.2079573702991775
7.1,0.1307969948829274
7.102,0.12379612986652905
7.104,0.28873309356051086
7.106,0.022450980710466806
7.108,0.19780806061383616
7.11,0.11416093772064871
7.112,0.15589052985018179
7.114,0.2226062990097464
7.116,0.20817804379278612
7.118,0.051186833821239675
7.12,0.162406234194424
7.122,0.14603715480073004
7.124,0.07476992469767328
7.126,0.16166189415002463
7.128,0.2474036008499384
7.13,0.23880970037304744
7.132,0.17384461747143057
7.134,0.06468108492345177
7.136,0.22585140545404858
7.138,0.2355917896080275
7.14,0.184359029474766
7.142,0.17478545129690287
7.144,0.17168155192782172
7.146,0.17861876963990675
7.148,0.1417893196798187
7.15,0.002673655707337824
7.152,0.14521748669506837
7.154,0.1374439365642445
7.156,0.2064113081027514
7.158,0.08188994434747948
7.16,0.2216614428737134
7.162,0.2877325512119808
7.164,0.10417550041865026
7.166,0.11238907858447504
7.168,0.17738275294152644
7.17,0.3181190136766133
7.172,0.031773176561279246
7.174,0.08123509376943704
7.176,-0.009962084867233115
7.178,0.03700309159474918
7.18,0.09673758477779695
7.182,0.18370876341241904
7.184,0.16276876245238997
7.186,0.013250890632578963
7.188,-0.04909233230583924
7.19,0.20535376938158995
7.192,-0.031176434815365882
7.194,-0.0914285019690274
7.196,-0.24858074003058273
7.198,-0.020924358966982082
7.2,-0.04009740306878651
7.202,0.09053259047356726
7.204,-0.24124356001806804
7.206,-0.07619863192364572
7.208,-0.23866534766185632
7.21,-0.18605521515732903
7.212,-0.361485750354253
7.214,-0.11320928461560231
7.216,-0.2142011433200648
7.218,-0.3431266709692173
7.22,-0.31925150263935176
7.222,-0.4185490811218777
7.224,-0.383540356227675
7.226,-0.39200339135041606
7.228,-0.5586563110641072
7.23,-0.3901369496387318
7.232,-0.3674985781348649
7.234,-0.48995151718676355
7.236,-0.39255715078650394
7.238,-0.47264600906051185
7.24,-0.47677408875016475
7.242,-0.5763358586323801
7.244,-0.5731928124805918
7.246,-0.38170374467765567
7.248,-0.4680879215069953
7.25,-0.33823128393171853
7.252,-0.5316596417107947
7.254,-0.6015970382096815
7.256,-0.3844683389055371
7.258,-0.39708268614552267
7.26,-0.39786335643753745
7.262,-0.39469501070884716
7.264,-0.5524792338440172
7.266,-0.47347421413925583
7.268,-0.42177828531420464
7.27,-0.4862528308246342
7.272,-0.42149863545640825
7.274,-0.3155636996704081
7.276,-0.38574433511779604
7.278,-0.45496770458099184
7.28,-0.4192431492818249
7.282,-0.15206801501216793
7.284,-0.3137979684618009
7.286,-0.36229078515921925
7.288,-0.2901232141857961
7.29,-0.32170503266333195
7.292,-0.051845597111925046
7.294,-0.20440134055564568
7.296,-0.08233062904361954
7.298,-0.17114587945725565
7.3,-0.003194492493016954
7.302,-0.03968996038585129
7.304,0.023314375987292316
7.306,-0.00810537610637397
7.308,-0.025691771067144382
7.31,-0.013253401958302727
7.312,0.0009474821749297438
7.314,0.21047643266253155
7.316,-0.024415480195618837
7.318,0.021503746996507075
7.32,0.02581115812133815
7.322,0.10293207084467845
7.324,0.08719893128518105
7.326,0.15770447758527215
7.328,0.09013093199587816
7.33,-0.04710867099885703
7.332,0.09866297888092646
7.334,0.058727041693330914
7.336,0.038990767234769685
7.338,0.1728591032256074
7.34,0.1620679549066673
7.342,0.15244630312096918
7.344,0.1872837062651495
7.346,0.029593646818879465
7.348,0.08155095532268711
7.35,0.312390212132589
7.352,0.03429585434868107
7.354,0.17163797981522821
7.356,0.10756068682794694
7.358,0.19694590740156767
7.36,0.12266487481078044
7.362,0.173905915740728
7.364,0.11770264436863956
7.366,0.09459541787057332
7.368,0.08720673976257284
7.37,0.2021885736163998
7.372,0.04991043436696166
7.374,0.14190410216593052
7.376,0.3178268668099049
7.378,0.25500777454482343
7.38,0.23854053774956757
7.382,0.1652094726225815
7.384,-0.022868035541811993
7.386,0.004201151493607808
7.388,0.23689739265670295
7.39,0.1182210564998782
7.392,0.14630239973287923
7.394,0.16542210368071786
7.396,0.05942357811880217
7.398,0.048043238398087745
7.4,0.1861733774365055
7.402,0.16354563367512714
7.404,0.1792664658836065
7.406,0.14487718474982614
7.408,0.22989414272987463
7.41,0.19581338601552709
7.412,0.2537293726175383
7.414,0.3475489282753179
7.416,0.2745579844259055
7.418,0.23298979812193094
7.42,0.2936844398410027
7.422,0.35392246471497557
7.424,0.3387122389760584
7.426,0.36789079842392447
7.428,0.2707177812111213
7.43,0.24152578021945528
7.432,0.3921663804443809
7.434,0.41727960341267867
7.436,0.4515016155413559
7.438,0.4242556067972337
7.44,0.3691373714518679
7.442,0.410800560794641
7.444,0.4635791237231696
7.446,0.505614834626335
7.448,0.4319771206519174
7.45,0.5154679155801782
7.452,0.38591372211680364
7.454,0.4215352322831823
7.456,0.430793559197226
7.458,0.45239366438904405
7.46,0.35158582555601303
7.462,0.4158855871642687
7.464,0.5573826155377979
7.466,0.3141319910186329
7.468,0.3796084852966931
7.47,0.3351726919159764
7.472,0.28368843817407585
7.474,0.3910451130900271
7.476,0.195907283089984
7.478,0.23163403361729692
7.48,0.1554634146093008
7.482,0.18999013843820634
7.484,0.04962597424372053
7.486,0.1885537395146383
7.488,0.3587438773605532
7.49,0.12362746043942398
7.492,0.010226250058367067
7.494,0.1605735292901965
7.496,-0.036356685644380736
7.498,0.09412391576272572
7.5,-0.022562323823186608
7.502,-0.040721416445072864
7.504,-0.03603391552967512
7.506,-0.027951415260905152
7.508,-0.16176053515804198
7.51,-0.19269974015496721
7.512,-0.15067462785189414
7.514,-0.23975777833773698
7.516,-0.15453543749648002
7.518,-0.39353720390916536
7.52,-0.3179925568570514
7.522,-0.20880965478015934
7.524,-0.22550110187354946
7.526,-0.22026350900160807
7.528,-0.32793368411650503
7.53,-0.2772894185849074
7.532,-0.29995297232109847
7.534,-0.308424316662033
7.536,-0.2555554017601035
7.538,-0.2997436357443725
7.54,-0.44560306584380477
7.542,-0.5401450407256213
7.544,-0.3745975578630451
7.546,-0.327257998411418
7.548,-0.2803991082871432
7.55,-0.4794141991910795
7.552,-0.51255383866976
7.554,-0.3959245729064715
7.556,-0.3944637819495812
7.558,-0.5059485383745139
7.56,-0.3354324562863271
7.562,-0.5499810920982864
7.564,-0.490698264617897
7.566,-0.27354972858031557
7.568,-0.18464425886248698
7.57,-0.40763293315036675
7.572,-0.3596123225828192
7.574,-0.35803237452797476
7.576,-0.2079799647302281
7.578,-0.33989615305633386
7.58,-0.29419913323804425
7.582,-0.13135205492146085
7.584,-0.3159042853019831
7.586,-0.2420171197732957
7.588,-0.38618656725803036
7.59,-0.22808206078255577
7.592,-0.32087307268922544
7.594,-0.2918071693180293
7.596,-0.17141184385375216
7.598,-0.23886042133583804
7.6,-0.21573976250328125
7.602,-0.2060847070807019
7.604,-0.1620397646858421
7.606,-0.15458508836737134
7.608,-0.12360927106905895
7.61,-0.3914132776376241
7.612,-0.20081485810949407
7.614,-0.0972563637904996
7.616,-0.14014122389543393
7.618,-0.13978795703971955
7.62,-0.15966948390790178
7.622,-0.1713835994833499
7.624,-0.14985632976593996
7.626,-0.12734573797508947
7.628,-0.05502855030456273
7.63,-0.2393272724494532
7.632,-0.17624504718855433
7.634,-0.11579122264226596
7.636,0.018067359406651606
7.638,-0.15300728403003971
7.64,-0.09662067851177045
7.642,-0.09201373599896687
7.644,-0.16761603776045172
7.646,-0.13962821565044853
7.648,-0.14439684891870547
7.65,-0.1749743479268863
7.652,-0.12209312070914843
7.654,-0.16571997031371116
7.656,-0.12308687297000476
7.658,-0.20032834058299895
7.66,-0.20043649373513156
7.662,0.009566508411715496
7.664,-0.19196768625378036
7.666,-0.20875402798202658
7.668,0.01658913726678002
7.67,-0.056902846501483834
7.672,-0.05738594546294475
7.674,-0.14356853916061793
7.676,-0.14705059020287642
7.678,-0.08430372037700906
7.68,-0.1352393417286281
7.682,-0.028193328362644647
7.684,-0.024456832448663576
7.686,0.09079540137079523
7.688,-0.012695614263779478
7.69,-0.1456460032439243
7.692,0.06803622174452383
7.694,0.2847931504421175
7.696,0.1142535358410341
7.698,-0.0046455951954032515
7.7,0.16484557161294794
7.702,0.1159169426218389
7.704,0.08341814969894898
7.706,0.14508755649004834
7.708,0.17301532421196059
7.71,0.05374797212325108
7.712,0.17627112975092102
7.714,0.31132481375768006
7.716,0.2739185935622581
7.718,0.31683500140373094
7.72,0.1976025301639349
7.722,0.4044118982376394
7.724,0.3100306556564985
7.726,0.5538928004555705
7.728,0.26315076069350224
7.73,0.29558876624070785
7.732,0.44145196303774126
7.734,0.5964326095402274
7.736,0.5254589732256466
7.738,0.5349716986328842
7.74,0.4574161376670781
7.742,0.36543482294798263
7.744,0.44341254116124323
7.746,0.430558017383127
7.748,0.4330676414721675
7.75,0.5321399135455946
7.752,0.3731240361300074
7.754,0.49143405609743684
7.756,0.3983729798159126
7.758,0.5498403209448375
7.76,0.4639414001996135
7.762,0.5639320137822125
7.764,0.44631090370841914
7.766,0.5327066166451755
7.768,0.4023743299554635
7.77,0.4635690963945386
7.772,0.33195110947959316
7.774,0.32183940284085183
7.776,0.3162168115615757
7.778,0.29924079938355186
7.78,0.2736202889445851
7.782,0.2269324822941288
7.784,0.08994263417002743
7.786,0.1461481133485562
7.788,0.27986309079964217
7.79,0.12266334994026193
7.792,0.1348263614308888
7.794,0.3361241822206052
7.796,0.07916200785276505
7.798,0.12857553314893508
7.8,0.1689424221785294
7.802,0.18561377488907171
7.804,-0.015199841984359974
7.806,0.027252854428307206
7.808,-0.13248610525246665
7.81,0.1897707686623325
7.812,-0.10862526665728361
7.814,-0.061226736572023356
7.816,-0.10193758278460088
7.818,-0.19565574222116736
7.82,0.007502703372182867
7.822,0.11303236282432359
7.824,-0.09207043846158733
7.826,-0.17061239084548718
7.828,-0.29261903739535267
7.83,-0.17506074918154996
7.832,-0.17797179830758775
7.834,-0.16942599422979546
7.836,-0.08018946963832194
7.838,-0.09175509221706697
7.84,-0.14421344709347028
7.842,-0.214183429568381
7.844,-0.249934987042702
7.846,-0.06929306124753909
7.848,-0.117045044604283
7.85,-0.08343989520070896
7.852,-0.12725267539435886
7.854,-0.2981527222701369
7.856,-0.25735828218463347
7.858,-0.17243236570111414
7.86,-0.21080362347251888
7.862,-0.10710277522118536
7.864,-0.15849807917853326
7.866,-0.07197384447407704
7.868,-0.08473779546985274
7.87,-0.08799014996350654
7.872,-0.04092289717768835
7.874,-0.13767366565760744
7.876,-0.16980623105209697
7.878,-0.018531269044273727
7.88,-0.09577371484219407
7.882,-0.14164153636099766
7.884,-0.22870799953545967
7.886,-0.1335841647162505
7.888,-0.07385021474922064
7.89,-0.13842571484115235
7.892,-0.019026337625320883
7.894,-0.31638015331996255
7.896,-0.21046460823322438
7.898,-0.22177849432786012
7.9,-0.24837085305160495
7.902,0.028227057186936744
7.904,-0.18220230345895674
7.906,-0.25988611954311414
7.908,-0.26461133660673064
7.91,-0.4216313605206292
7.912,-0.2902642701484967
7.914,-0.1412919206607105
7.916,-0.30678681726439
7.918,-0.37632388109680903
7.92,-0.22737088177784542
7.922,-0.2032729438393742
7.924,-0.24157264712368787
7.926,-0.330305329057205
7.928,-0.36244534348423985
7.93,-0.4507969419022197
7.932,-0.4649801982836256
7.934,-0.43578759325901956
7.936,-0.3846799547365823
7.938,-0.44602464422581667
7.94,-0.537560339053531
7.942,-0.41611837600681
7.944,-0.3898979673430606
7.946,-0.2350121141147618
7.948,-0.4211202591986922
7.95,-0.38082045001760056
7.952,-0.41500602543352144
7.954,-0.4528932011900358
7.956,-0.32878464985726785
7.958,-0.2920318127839605
7.96,-0.3372302769768441
7.962,-0.4187689904286265
7.964,-0.43820361090381194
7.966,-0.48298587312039143
7.968,-0.383638561877815
7.97,-0.3445451936722781
7.972,-0.40262111260824024
7.974,-0.29984147154567703
7.976,-0.22156096902938105
7.978,-0.33217880738780853
7.98,-0.1837030043446228
7.982,-0.2785641990896623
7.984,-0.24014170356990466
7.986,-0.27307786818616103
7.988,-0.12515674165318866
7.99,-0.16024199765545571
7.992,0.01594892845723561
7.994,-0.088336027055598
7.996,-0.1354066672596896
7.998,-0.16282674650334625
